ply
format ascii 1.0
comment Created by Open3D
element vertex 4096
property double x
property double y
property double z
property uchar red
property uchar green
property uchar blue
end_header
12.4248 37.21 -6.08075 255 191 0
11.4799 20.0966 4.00272 255 191 0
13.687 35.9673 -5.13356 255 191 0
17.989 11.7372 6.74579 255 191 0
4.71171 -24.3792 -7.29455 255 191 0
17.1182 14.0323 2.38074 255 191 0
17.8883 31.1955 -3.01483 255 191 0
19.8454 45.3719 -8.22142 255 191 0
4.04415 4.06293 -3.22751 255 191 0
9.6934 25.6657 -3.70918 255 191 0
10.2485 22.7787 -4.60875 255 191 0
20.0883 5.88468 5.28271 255 191 0
18.7491 32.1394 0.382495 255 191 0
12.8566 49.8217 -9.22234 255 191 0
12.8384 23.4917 2.9642 255 191 0
8.46403 -2.78138 -2.51501 255 191 0
8.56792 21.815 -1.30642 255 191 0
10.2063 29.4743 -3.9518 255 191 0
3.48537 -13.2819 -5.62564 255 191 0
22.4315 15.5209 2.81634 255 191 0
14.0839 11.8615 1.62536 255 191 0
15.129 -14.3297 -10.4347 255 191 0
17.8762 -1.94186 9.78041 255 191 0
13.4872 -1.15408 4.43058 255 191 0
22.6617 21.9081 3.1511 255 191 0
22.0594 45.4913 -9.26817 255 191 0
16.5569 40.728 -6.14422 255 191 0
9.56764 23.1294 -5.65537 255 191 0
3.9618 1.15484 -3.16786 255 191 0
11.5703 25.2156 2.74658 255 191 0
14.7849 -4.46848 6.23057 255 191 0
5.31683 -9.6451 1.78239 255 191 0
13.8472 -3.61537 5.40164 255 191 0
6.13521 -10.5215 3.65702 255 191 0
7.61909 3.56188 3.58166 255 191 0
21.7963 38.5436 -2.46716 255 191 0
15.7231 10.7054 7.48298 255 191 0
23.3957 24.7868 0.828093 255 191 0
18.2989 32.7346 -3.58742 255 191 0
9.93159 19.5302 -4.24289 255 191 0
5.97688 12.3484 -3.69999 255 191 0
10.5235 4.79764 -0.198238 255 191 0
21.3593 43.4908 -8.3936 255 191 0
13.7175 40.2707 -2.67644 255 191 0
17.32 -26.87 -12.7905 255 191 0
8.86286 -18.1027 -11.5672 255 191 0
13.7395 8.15463 2.15848 255 191 0
7.47883 -24.797 -4.98427 255 191 0
4.93268 -21.626 -3.69234 255 191 0
14.1242 -19.2108 -13.7033 255 191 0
11.1678 10.8418 5.88181 255 191 0
19.9285 24.7379 -1.2277 255 191 0
6.12074 -0.0586603 1.93163 255 191 0
8.16883 -15.9279 -11.4494 255 191 0
16.897 -23.4518 -11.021 255 191 0
6.17304 17.8735 -1.33349 255 191 0
11.054 0.767517 1.39235 255 191 0
14.2739 -26.3633 -7.74693 255 191 0
6.65066 -2.57326 3.2657 255 191 0
9.04925 -11.2778 -12.2815 255 191 0
10.9583 24.7291 -4.30781 255 191 0
22.4762 16.0458 1.86606 255 191 0
11.5846 -21.9983 -12.5879 255 191 0
12.0559 -17.6819 -13.4092 255 191 0
18.1868 -0.752344 6.95698 255 191 0
16.8606 20.6581 0.314089 255 191 0
13.9831 -31.796 -11.0327 255 191 0
20.6544 -0.231344 7.83496 255 191 0
3.88868 -13.1703 -2.10436 255 191 0
8.8871 -8.93983 5.83052 255 191 0
4.6777 -5.40549 -0.359895 255 191 0
21.1492 5.13451 6.86928 255 191 0
20.6147 50.0835 -9.65699 255 191 0
23.7835 48.3675 -7.94855 255 191 0
14.6882 2.89596 4.33411 255 191 0
21.3329 31.4499 -4.05227 255 191 0
13.4293 23.1548 -1.75181 255 191 0
10.9124 -6.71447 3.29162 255 191 0
12.2146 -28.8907 -11.9362 255 191 0
11.2771 -9.81309 -9.12131 255 191 0
21.5691 39.5425 -7.05757 255 191 0
4.69718 -1.69849 -0.786294 255 191 0
16.6575 -2.42906 9.09904 255 191 0
10.6323 -27.4534 -6.72237 255 191 0
3.39904 -7.11302 -6.91161 255 191 0
6.38685 -20.7688 -2.27083 255 191 0
8.81226 -20.3188 -4.36627 255 191 0
14.7581 42.8868 -7.00645 255 191 0
12.648 9.69087 1.00317 255 191 0
8.36477 -11.6148 -4.34682 255 191 0
3.90645 -3.44396 -8.38382 255 191 0
23.6564 27.1745 0.171918 255 191 0
7.87267 -13.7637 2.83484 255 191 0
16.9766 10.379 7.6663 255 191 0
12.3572 27.7162 -3.67519 255 191 0
23.6311 42.2499 -5.00803 255 191 0
9.74028 17.0459 -4.08587 255 191 0
20.9418 34.4974 -4.91405 255 191 0
9.16657 -23.1273 -10.8794 255 191 0
12.074 49.6564 -8.1682 255 191 0
4.06822 -7.35686 -2.00227 255 191 0
17.7822 10.1721 3.75133 255 191 0
10.6846 35.2433 -5.4666 255 191 0
20.9994 19.1504 4.70366 255 191 0
12.7519 52.6031 -8.07154 255 191 0
12.2118 39.421 -2.75012 255 191 0
20.4384 39.5766 -6.4335 255 191 0
5.02288 -5.82447 0.568579 255 191 0
13.06 12.2651 6.83493 255 191 0
12.5773 31.8178 0.216162 255 191 0
10.6933 -0.500767 1.28435 255 191 0
9.57507 -15.5699 -6.17301 255 191 0
8.49092 -16.0639 -1.02054 255 191 0
22.4981 36.7842 -6.66737 255 191 0
21.7054 43.5612 -4.34557 255 191 0
20.1385 0.438623 6.9427 255 191 0
8.81454 -13.7715 -12.4687 255 191 0
14.9136 33.9624 -0.560684 255 191 0
7.33575 11.3358 1.84585 255 191 0
11.791 -10.1814 6.04812 255 191 0
17.4682 -25.4568 -11.7413 255 191 0
19.971 9.0028 4.25455 255 191 0
17.394 0.660515 9.51637 255 191 0
3.87608 -19.5679 -2.72526 255 191 0
11.3827 18.1264 -2.31455 255 191 0
10.3828 8.03634 -1.0427 255 191 0
10.0899 29.7556 -4.96481 255 191 0
3.38773 -3.78332 -5.95189 255 191 0
8.05615 5.29062 -5.82754 255 191 0
15.556 8.44359 7.85605 255 191 0
3.5337 -10.7289 -7.49823 255 191 0
9.89503 1.31082 -0.526599 255 191 0
17.4287 -24.225 -11.9351 255 191 0
16.964 -4.23539 7.46226 255 191 0
12.8879 34.9692 -5.26525 255 191 0
7.18789 -9.39458 -11.4364 255 191 0
9.30541 -6.68518 -10.2671 255 191 0
18.7608 10.9402 6.98407 255 191 0
6.10368 -12.6019 -11.0556 255 191 0
6.05623 -3.14957 -9.0198 255 191 0
20.5572 19.0391 0.955464 255 191 0
5.16948 -16.9185 -0.153817 255 191 0
19.3983 12.6151 6.52498 255 191 0
14.2631 -30.495 -12.2286 255 191 0
16.1415 -26.4297 -8.96315 255 191 0
10.9484 6.81052 -0.184408 255 191 0
20.2237 -2.2849 7.69431 255 191 0
10.4511 -10.8392 -8.14172 255 191 0
8.39503 -14.3004 -4.05707 255 191 0
20.5881 27.5249 1.6628 255 191 0
3.44581 -5.58045 -8.20328 255 191 0
22.4583 29.6646 0.391408 255 191 0
11.751 21.6675 3.80762 255 191 0
21.9624 49.4633 -6.90454 255 191 0
21.0848 6.24015 7.32542 255 191 0
8.83311 -14.4421 2.84208 255 191 0
8.08071 -18.4119 -10.9056 255 191 0
7.95935 1.85538 -6.30898 255 191 0
22.1052 12.6819 4.38908 255 191 0
15.6385 29.9022 0.824579 255 191 0
4.65288 -21.344 -8.20432 255 191 0
7.78421 17.9474 -3.2165 255 191 0
14.7453 -19.4244 -9.25897 255 191 0
22.8203 20.1883 2.4677 255 191 0
17.3997 45.1285 -7.45025 255 191 0
8.04562 -2.76522 -4.95162 255 191 0
4.71538 -11.4727 0.506057 255 191 0
19.0859 6.46855 8.71761 255 191 0
15.2846 56.9895 -10.4807 255 191 0
11.3867 37.687 -6.64582 255 191 0
19.3274 42.2732 -3.14279 255 191 0
14.4914 -18.0499 -9.46059 255 191 0
16.3386 -1.17154 9.1058 255 191 0
17.3422 -31.6795 -10.7745 255 191 0
18.2983 43.6639 -3.50592 255 191 0
10.9509 -7.794 3.57943 255 191 0
6.33316 -18.3722 -0.758425 255 191 0
9.16773 21.8542 0.0833602 255 191 0
13.2056 -21.0126 -8.23356 255 191 0
6.45962 -17.2719 0.0231924 255 191 0
10.5275 27.6627 -1.70977 255 191 0
7.22709 1.45474 3.4304 255 191 0
10.1919 23.3854 -0.731411 255 191 0
15.361 16.1175 5.49009 255 191 0
18.5684 46.1514 -4.39812 255 191 0
8.31999 -8.35128 -1.69038 255 191 0
13.3498 20.4258 3.96978 255 191 0
8.85044 18.3029 2.24271 255 191 0
7.35204 -3.76876 -9.48373 255 191 0
9.37649 17.6431 -4.91652 255 191 0
19.8494 19.3604 4.40393 255 191 0
8.73703 -11.0367 4.67565 255 191 0
9.09504 3.09897 -2.28528 255 191 0
15.4033 54.5144 -10.4251 255 191 0
19.493 31.581 -3.41506 255 191 0
10.8706 31.7643 -2.70685 255 191 0
23.9762 28.7321 -1.94799 255 191 0
19.2206 29.1068 -2.51981 255 191 0
13.6573 47.023 -5.03896 255 191 0
13.4621 27.9943 -3.03445 255 191 0
10.1741 -10.9162 -12.0744 255 191 0
14.135 -7.0168 6.70405 255 191 0
6.71078 18.3865 -0.209367 255 191 0
15.7384 17.942 4.74136 255 191 0
21.9588 11.708 4.84069 255 191 0
12.2255 4.56364 1.67693 255 191 0
8.82874 21.7056 1.18747 255 191 0
19.6858 34.5419 -4.39558 255 191 0
9.49383 -3.56148 0.243049 255 191 0
8.35471 -14.5345 -1.80791 255 191 0
21.6045 47.7681 -9.94975 255 191 0
14.9235 -32.6786 -9.16826 255 191 0
8.32197 -18.8748 -1.55194 255 191 0
14.2516 54.0132 -10.2526 255 191 0
3.44843 -8.99176 -5.60186 255 191 0
11.7699 -6.10449 4.19325 255 191 0
14.3567 19.4288 4.24041 255 191 0
14.2507 -0.158517 4.80782 255 191 0
19.3564 -3.78463 10.1808 255 191 0
4.49378 -23.0551 -7.33337 255 191 0
15.0419 51.3326 -6.21121 255 191 0
11.9827 25.9281 1.97885 255 191 0
9.04537 -0.575998 6.08 255 191 0
7.53222 -14.5562 -11.3863 255 191 0
7.99784 0.644146 -6.12902 255 191 0
5.32704 13.1887 -1.50623 255 191 0
14.0561 14.5367 0.951256 255 191 0
8.89684 -4.56501 -0.680775 255 191 0
19.613 8.8431 7.61733 255 191 0
12.438 37.7052 -1.80448 255 191 0
6.45507 -7.67942 -10.7805 255 191 0
12.2517 30.6871 -4.45229 255 191 0
8.6737 -15.9317 -4.74706 255 191 0
23.5733 46.276 -8.68594 255 191 0
15.776 45.1409 -7.49805 255 191 0
9.53166 -22.5373 -4.84498 255 191 0
6.63406 -19.3734 -1.22008 255 191 0
22.798 25.7237 1.58637 255 191 0
9.8023 -5.41307 6.65318 255 191 0
10.0546 25.5821 -2.4488 255 191 0
21.4899 9.7802 6.62211 255 191 0
5.72084 7.31581 0.137238 255 191 0
18.6481 21.3713 0.299542 255 191 0
20.7959 7.31637 8.24023 255 191 0
22.5046 39.4169 -7.72064 255 191 0
13.7137 32.2436 -0.0798386 255 191 0
6.2774 -24.5114 -8.78578 255 191 0
14.5162 14.8437 6.0461 255 191 0
8.52762 -12.0622 4.06868 255 191 0
5.13132 11.0825 -1.56924 255 191 0
5.94222 13.8361 -0.549054 255 191 0
7.27932 -13.1355 -11.4483 255 191 0
8.17969 19.9894 -2.24219 255 191 0
8.21188 -5.54985 -2.69435 255 191 0
12.0123 38.2845 -2.78683 255 191 0
3.64409 -1.63125 -4.15313 255 191 0
10.4671 1.33782 0.458347 255 191 0
16.1777 20.3237 3.80229 255 191 0
20.6649 36.5685 -1.41136 255 191 0
16.6896 13.0554 6.64105 255 191 0
11.0628 21.7869 -3.55232 255 191 0
22.6145 47.3428 -6.41662 255 191 0
24.0833 29.9231 -1.19879 255 191 0
21.0701 12.1949 3.12215 255 191 0
13.0771 54.5419 -9.42722 255 191 0
9.41475 -19.7125 -5.28077 255 191 0
6.97387 -3.63872 3.96051 255 191 0
6.7181 -9.90962 4.43955 255 191 0
14.1803 -22.339 -13.2319 255 191 0
21.6905 15.7507 5.83716 255 191 0
14.6246 1.22142 4.74056 255 191 0
8.00624 -6.01318 -10.4113 255 191 0
4.43283 2.89605 -2.02328 255 191 0
12.5955 -1.86769 3.69748 255 191 0
16.8527 17.2355 1.40167 255 191 0
10.2824 22.541 2.6117 255 191 0
17.7791 14.9454 2.31198 255 191 0
8.04814 -4.88285 -4.21873 255 191 0
15.2727 16.6814 1.02811 255 191 0
18.2745 4.70494 5.52756 255 191 0
4.88599 -3.03855 -0.170845 255 191 0
19.5571 0.103321 10.5196 255 191 0
8.53127 -7.91495 -5.96165 255 191 0
8.3444 -9.5895 -1.6304 255 191 0
15.7398 7.25186 7.91375 255 191 0
11.0234 -9.26366 -10.7266 255 191 0
15.9597 -30.3289 -9.46346 255 191 0
22.2035 41.3948 -8.21606 255 191 0
19.3946 38.1594 -1.71371 255 191 0
5.92764 1.36092 1.36672 255 191 0
16.8288 -27.4687 -10.8338 255 191 0
6.91692 9.06478 1.67822 255 191 0
7.82081 6.05312 3.40313 255 191 0
9.90973 -26.3434 -5.81471 255 191 0
3.48729 -12.3452 -6.48611 255 191 0
19.6514 12.4363 3.21918 255 191 0
16.0204 41.9298 -2.94791 255 191 0
16.3339 22.7098 3.12405 255 191 0
6.32179 -11.2802 -11.4991 255 191 0
8.65656 11.2243 -5.09315 255 191 0
17.7264 48.3447 -8.57048 255 191 0
22.4524 19.5306 4.01369 255 191 0
12.0932 36.1872 -1.91565 255 191 0
8.33763 13.9059 -6.14587 255 191 0
3.8292 -20.6052 -6.3257 255 191 0
7.68339 9.13557 2.6823 255 191 0
21.4029 30.4458 0.476275 255 191 0
13.0464 -4.17842 4.74137 255 191 0
16.8939 38.7996 -1.83177 255 191 0
15.3663 48.9332 -8.69632 255 191 0
15.613 -29.4456 -12.4579 255 191 0
16.8623 -16.3334 -11.2207 255 191 0
5.29594 -0.807178 -7.54576 255 191 0
13.0627 39.3055 -2.11562 255 191 0
18.358 8.96009 7.92154 255 191 0
9.17378 -15.5196 1.74875 255 191 0
6.90531 -25.4726 -7.11369 255 191 0
6.28207 6.86426 1.12428 255 191 0
12.2564 -24.7795 -12.441 255 191 0
13.4163 -12.3914 -11.2211 255 191 0
16.3274 15.0662 1.89849 255 191 0
5.69091 4.74483 -6.21208 255 191 0
21.5521 16.4766 1.50258 255 191 0
4.16846 8.66849 -3.38123 255 191 0
13.0512 25.8653 2.19331 255 191 0
8.27837 -15.4011 -3.70616 255 191 0
14.4588 12.8349 6.81318 255 191 0
17.2473 -17.6897 -10.7846 255 191 0
16.8328 52.8813 -9.99077 255 191 0
8.82851 14.1806 3.03333 255 191 0
8.66333 4.31468 -3.56959 255 191 0
17.5689 11.5783 3.26782 255 191 0
16.9125 3.89758 5.24473 255 191 0
8.95823 -20.3733 -11.1249 255 191 0
12.8746 28.7696 -3.58431 255 191 0
10.3232 0.777163 7.09671 255 191 0
4.37135 5.4738 -5.05229 255 191 0
10.8982 -28.8802 -10.4295 255 191 0
22.6318 30.9423 -4.57881 255 191 0
14.8033 -4.60379 8.68326 255 191 0
11.5788 -15.5901 -8.11535 255 191 0
10.5557 34.236 -5.37441 255 191 0
15.2421 39.1883 -5.86378 255 191 0
14.5624 46.6214 -4.7243 255 191 0
8.20544 -4.93745 5.92356 255 191 0
6.82522 3.17957 2.54708 255 191 0
7.31094 13.7648 -5.73697 255 191 0
12.5036 23.3872 -2.43729 255 191 0
13.1428 30.1688 -3.75959 255 191 0
17.4431 -26.676 -11.5782 255 191 0
19.5266 44.1732 -7.64335 255 191 0
8.9398 22.1175 -5.8974 255 191 0
11.5805 15.0775 -1.34256 255 191 0
10.7292 20.413 -3.55773 255 191 0
22.3697 16.2424 3.89499 255 191 0
4.2214 -8.86617 -1.3351 255 191 0
16.1775 -32.1627 -12.0417 255 191 0
6.50177 -10.1946 -11.5004 255 191 0
8.9985 21.791 -3.36662 255 191 0
9.74959 -12.5116 4.25053 255 191 0
13.539 29.35 1.01897 255 191 0
12.8797 34.6458 -0.606438 255 191 0
21.0316 50.9714 -7.05067 255 191 0
12.6919 21.0086 -1.69767 255 191 0
4.1019 -12.2783 -1.35063 255 191 0
8.79013 -16.5467 0.77834 255 191 0
6.08755 -22.6737 -3.32648 255 191 0
3.83581 -5.46532 -3.07041 255 191 0
16.9732 -29.4203 -12.4648 255 191 0
9.73521 -7.53835 1.49828 255 191 0
15.32 0.0854168 5.50569 255 191 0
11.0079 -12.7829 -12.709 255 191 0
9.64104 3.01331 6.03574 255 191 0
17.8021 25.7489 2.38204 255 191 0
12.3495 18.4248 4.91088 255 191 0
5.306 -2.8976 0.797841 255 191 0
12.5275 -24.7521 -6.94282 255 191 0
3.98513 -21.6308 -4.39561 255 191 0
23.1475 29.3919 -3.84329 255 191 0
16.0018 33.5245 -0.226301 255 191 0
9.09854 -19.1956 -11.5163 255 191 0
14.4379 21.2916 3.62091 255 191 0
19.8492 -1.36514 10.2818 255 191 0
8.33776 -8.45806 -5.02676 255 191 0
7.95571 -26.1511 -9.81282 255 191 0
20.1193 22.907 -0.533741 255 191 0
8.21787 17.2547 1.82267 255 191 0
17.3981 46.8543 -4.59347 255 191 0
20.9192 25.4351 -1.78415 255 191 0
3.78723 -4.623 -8.86833 255 191 0
22.1974 14.3852 2.03686 255 191 0
19.4107 27.4671 -1.96782 255 191 0
12.192 29.5273 -4.21531 255 191 0
13.235 -27.1242 -6.94416 255 191 0
11.9032 31.7111 -0.669157 255 191 0
11.1847 39.8907 -6.94715 255 191 0
7.84487 -26.3095 -7.8428 255 191 0
14.8518 17.5647 0.573489 255 191 0
3.72303 -15.8937 -7.36569 255 191 0
3.4506 -4.72871 -5.26131 255 191 0
19.149 -2.70821 7.72071 255 191 0
19.0397 48.5842 -5.38983 255 191 0
20.3664 47.5822 -9.33545 255 191 0
17.6527 32.5978 0.250089 255 191 0
18.1297 15.4989 5.56783 255 191 0
10.5749 28.7994 -2.17216 255 191 0
16.2803 -21.8116 -13.5485 255 191 0
10.3405 -3.31165 1.68278 255 191 0
11.8668 -30.4707 -9.52889 255 191 0
14.7167 20.1863 -0.182191 255 191 0
7.42408 -16.9857 0.422559 255 191 0
16.3118 0.497176 5.92282 255 191 0
21.4577 42.265 -7.96634 255 191 0
7.7314 -11.5681 -12.0419 255 191 0
9.96339 -18.8515 -12.2498 255 191 0
17.9647 38.1218 -1.57493 255 191 0
15.7802 20.2982 0.193423 255 191 0
18.6061 18.6371 1.22444 255 191 0
17.6077 -20.2887 -11.7724 255 191 0
10.7744 -7.24861 -9.35319 255 191 0
12.379 16.647 -0.929527 255 191 0
8.19345 -10.7743 -3.25592 255 191 0
13.0347 -1.63632 7.96844 255 191 0
20.6918 48.6778 -5.93952 255 191 0
3.45421 -11.1743 -6.47971 255 191 0
19.0289 7.6752 8.22064 255 191 0
22.1738 34.0911 -5.4422 255 191 0
15.4924 9.17949 3.2004 255 191 0
9.48228 10.4557 4.44983 255 191 0
13.1824 26.8665 -2.90652 255 191 0
9.78446 -20.0336 -11.9229 255 191 0
3.5444 -13.5688 -4.21153 255 191 0
3.8338 -18.4281 -1.91581 255 191 0
21.6389 28.4735 -3.08595 255 191 0
14.9514 22.2777 -0.681434 255 191 0
3.72762 -21.4069 -5.63943 255 191 0
12.47 50.8222 -7.56915 255 191 0
16.2085 16.8942 5.18108 255 191 0
13.6717 3.64364 7.6185 255 191 0
14.9237 14.3718 1.49417 255 191 0
7.45062 -8.4122 -11.1386 255 191 0
18.5412 7.45731 4.74921 255 191 0
6.07099 -24.5889 -4.65835 255 191 0
8.19485 4.46661 -5.09302 255 191 0
8.73591 21.2607 -4.31659 255 191 0
8.04717 -4.08169 -5.22692 255 191 0
13.7511 -4.66779 8.22097 255 191 0
10.2301 6.48047 -1.0595 255 191 0
16.2464 45.1579 -4.00982 255 191 0
14.9398 -32.3391 -8.08719 255 191 0
6.82488 12.1655 -5.57152 255 191 0
13.6231 53.9411 -7.48825 255 191 0
3.73807 -17.1862 -2.32837 255 191 0
14.5452 -0.72711 8.35078 255 191 0
20.7674 48.4733 -9.88921 255 191 0
10.9819 -28.3821 -7.36476 255 191 0
16.5801 29.5392 1.09816 255 191 0
9.2349 -12.1285 1.03225 255 191 0
13.8147 19.2176 -0.432205 255 191 0
6.32741 -13.5465 2.60064 255 191 0
10.5563 4.02506 6.70875 255 191 0
8.26046 15.3325 2.21803 255 191 0
16.2824 13.4473 2.35923 255 191 0
20.3465 17.3391 1.57446 255 191 0
11.2469 16.2767 -1.99999 255 191 0
14.3616 27.0418 -2.31495 255 191 0
11.2974 12.2783 5.67559 255 191 0
14.3662 -5.8085 8.1476 255 191 0
18.9768 11.0599 3.58811 255 191 0
14.0899 -33.9288 -8.31025 255 191 0
21.6987 32.7262 -0.382799 255 191 0
11.4083 8.6002 6.50693 255 191 0
5.28042 11.5253 -3.5492 255 191 0
9.62784 -24.236 -11.0233 255 191 0
10.3535 -16.4724 -6.83166 255 191 0
3.87584 5.07866 -3.80689 255 191 0
5.24903 15.2372 -2.04207 255 191 0
12.2806 -0.24848 2.96028 255 191 0
5.72567 -6.07769 2.12023 255 191 0
13.5398 9.0946 7.48641 255 191 0
11.841 30.5631 -0.353944 255 191 0
20.2013 -3.35235 9.27498 255 191 0
12.1214 50.6329 -8.92372 255 191 0
4.10047 -16.2146 -8.36199 255 191 0
22.9789 32.9507 -5.56725 255 191 0
5.06692 -22.7628 -8.27629 255 191 0
23.7256 40.7516 -4.47288 255 191 0
16.0748 18.1659 0.907979 255 191 0
19.5924 41.2001 -2.80374 255 191 0
3.53325 -17.7261 -4.89357 255 191 0
15.5174 12.6542 2.23954 255 191 0
17.7987 25.4712 -1.08932 255 191 0
14.091 24.9488 2.42131 255 191 0
11.3911 -8.38975 -9.68808 255 191 0
3.88967 -6.29162 -9.17712 255 191 0
22.5711 39.9137 -3.35098 255 191 0
14.3451 -29.0487 -7.43691 255 191 0
13.1917 -30.8909 -11.4022 255 191 0
11.2291 26.949 0.0325625 255 191 0
8.25781 0.644391 -4.25668 255 191 0
4.83711 -5.2586 -9.73537 255 191 0
23.085 47.2146 -9.71727 255 191 0
9.44997 9.65138 -3.02094 255 191 0
14.1429 29.6951 -3.16454 255 191 0
15.8119 -19.194 -9.512 255 191 0
14.3088 56.3823 -10.592 255 191 0
12.4017 -3.655 4.07547 255 191 0
21.4058 7.63606 6.31488 255 191 0
19.4768 9.92139 3.95131 255 191 0
9.89976 13.6701 -3.24273 255 191 0
13.2706 -32.6646 -8.13116 255 191 0
9.82429 26.9091 -4.02806 255 191 0
5.69482 -7.43302 2.29728 255 191 0
20.2403 -2.1742 9.24997 255 191 0
12.7153 45.1585 -7.98307 255 191 0
10.0515 10.1431 -2.05589 255 191 0
15.9636 -16.2391 -11.9914 255 191 0
14.0859 -12.7102 -10.3164 255 191 0
17.7403 -0.73235 9.8273 255 191 0
14.4065 55.6793 -8.48419 255 191 0
9.08296 7.89903 -3.38048 255 191 0
16.5675 -24.5804 -10.4964 255 191 0
6.94751 12.1971 1.19194 255 191 0
9.41863 -11.9389 -6.69228 255 191 0
3.91982 -8.92948 -2.42325 255 191 0
8.47153 -12.8584 -4.22618 255 191 0
8.03082 -10.2901 -11.95 255 191 0
13.303 42.656 -3.38076 255 191 0
13.2962 19.0208 4.36194 255 191 0
15.4761 38.5741 -1.94196 255 191 0
3.83605 3.11868 -6.06483 255 191 0
7.11289 -25.4142 -9.28082 255 191 0
14.5937 -22.7951 -8.55886 255 191 0
3.53409 -20.1905 -4.42629 255 191 0
22.311 48.4105 -6.67151 255 191 0
14.3642 -33.5757 -9.33803 255 191 0
10.7088 32.6847 -3.82509 255 191 0
21.0659 3.72633 6.85734 255 191 0
23.5431 45.1632 -6.17358 255 191 0
12.7942 36.3572 -1.16741 255 191 0
23.0271 49.2209 -7.5386 255 191 0
23.0925 35.6836 -6.6032 255 191 0
19.0635 3.75704 9.84466 255 191 0
24.1313 37.2712 -6.09931 255 191 0
15.9348 -24.2348 -8.77245 255 191 0
11.4188 -10.3812 -11.1544 255 191 0
18.0361 43.6805 -7.04192 255 191 0
16.4629 30.6595 0.733091 255 191 0
14.2137 10.4264 2.09605 255 191 0
11.9369 -9.46944 -10.1137 255 191 0
15.3969 -2.80564 6.16819 255 191 0
3.41758 -7.85327 -5.91844 255 191 0
10.98 -24.9012 -11.8802 255 191 0
6.03343 11.7099 -0.0783834 255 191 0
13.7708 45.1629 -7.78077 255 191 0
10.5059 30.3009 -2.94491 255 191 0
15.3982 -1.54417 8.5507 255 191 0
20.0632 24.4112 2.75942 255 191 0
3.80923 -2.61953 -3.40041 255 191 0
16.4893 25.84 -1.2797 255 191 0
22.9109 20.1126 1.16674 255 191 0
9.96778 5.34345 -1.26472 255 191 0
8.56576 -17.0682 -0.506684 255 191 0
11.4309 25.4071 1.21245 255 191 0
11.4206 30.6339 -5.12632 255 191 0
22.713 33.003 -0.89474 255 191 0
15.1441 42.5379 -3.27892 255 191 0
23.8913 27.4138 -2.25347 255 191 0
24.1693 38.0843 -4.47152 255 191 0
19.0581 2.23945 6.39955 255 191 0
14.2669 -32.6152 -10.4275 255 191 0
21.6109 8.37199 5.38203 255 191 0
9.57076 -25.171 -4.6168 255 191 0
8.31288 -12.6486 -12.2715 255 191 0
18.7529 -1.83871 10.3568 255 191 0
5.34526 6.06564 -0.379542 255 191 0
4.26855 -21.7633 -7.11959 255 191 0
14.442 -29.0986 -12.4139 255 191 0
8.88336 12.3472 -4.79407 255 191 0
16.4833 5.74485 4.53115 255 191 0
14.0078 49.1156 -8.89489 255 191 0
12.1311 -20.7486 -12.9749 255 191 0
9.09815 -4.34032 6.54498 255 191 0
7.26835 -16.5324 -10.8274 255 191 0
8.52376 17.501 -5.62305 255 191 0
3.54423 -5.72381 -4.6026 255 191 0
13.4858 31.8714 -4.10231 255 191 0
14.4156 -2.41435 5.50307 255 191 0
16.5095 -18.2389 -13.2329 255 191 0
10.5049 -1.85416 1.46021 255 191 0
9.04817 23.4798 -4.27816 255 191 0
12.9751 -19.8009 -13.3477 255 191 0
21.9083 26.9389 1.49912 255 191 0
7.91088 8.12426 -6.67813 255 191 0
8.65302 1.60171 -3.08244 255 191 0
15.6783 44.0505 -3.68469 255 191 0
13.0691 49.1383 -5.84934 255 191 0
22.7335 18.3269 1.81955 255 191 0
6.43259 -13.9092 -10.987 255 191 0
9.89566 -8.37623 6.16347 255 191 0
5.83536 -25.2718 -7.51828 255 191 0
12.8047 13.3751 6.43083 255 191 0
21.5938 15.3252 1.79432 255 191 0
8.55644 -26.9786 -8.45447 255 191 0
17.4737 55.1733 -8.2483 255 191 0
14.1557 41.755 -3.23767 255 191 0
11.5529 36.1066 -6.34115 255 191 0
21.6586 31.6363 0.00777287 255 191 0
14.5607 21.2811 -0.571422 255 191 0
13.5186 -6.14895 5.68645 255 191 0
14.5462 48.5244 -5.34707 255 191 0
5.65753 12.4339 -0.824469 255 191 0
19.5571 13.5233 2.86275 255 191 0
9.64101 4.12098 -1.53544 255 191 0
17.9131 41.1063 -6.1439 255 191 0
4.15983 -13.2945 -0.969688 255 191 0
13.7409 1.38827 4.00405 255 191 0
11.9988 42.0437 -4.52889 255 191 0
18.6628 38.8447 -5.54345 255 191 0
6.24442 3.73379 1.5682 255 191 0
6.52604 19.1489 -1.21988 255 191 0
6.16481 15.4308 -0.477864 255 191 0
19.4291 29.7784 1.09872 255 191 0
24.0639 38.4196 -5.66513 255 191 0
6.07052 -2.06108 2.1633 255 191 0
10.2086 18.123 -3.58176 255 191 0
13.3825 33.9739 -4.73433 255 191 0
19.5504 50.6919 -6.33389 255 191 0
6.62673 8.11947 -6.27046 255 191 0
13.9462 22.2566 -1.18411 255 191 0
13.1998 17.0641 -0.332644 255 191 0
15.0278 23.2498 2.75212 255 191 0
7.53991 15.108 -5.51438 255 191 0
16.3837 34.6123 -4.24727 255 191 0
8.33566 -3.9988 -6.93232 255 191 0
4.16807 -23.7326 -6.44692 255 191 0
3.83419 -2.861 -6.59371 255 191 0
10.4083 -9.82553 -8.37352 255 191 0
11.9605 2.48963 7.34175 255 191 0
15.1425 -15.4531 -10.1964 255 191 0
8.21187 2.95878 4.46144 255 191 0
11.3641 31.9518 -5.45355 255 191 0
21.2712 5.15605 5.55994 255 191 0
16.3813 -27.0722 -9.92834 255 191 0
8.6861 -14.5753 -0.559039 255 191 0
8.23043 -18.1469 -2.87966 255 191 0
11.3438 3.9703 0.895781 255 191 0
18.0478 -31.7751 -11.8367 255 191 0
8.18008 6.4691 -5.43109 255 191 0
6.2905 5.25743 1.40048 255 191 0
11.4053 5.12664 0.676248 255 191 0
9.58999 -7.6605 -8.0252 255 191 0
21.9827 24.2628 -1.8433 255 191 0
6.78702 14.7439 -3.63043 255 191 0
4.62731 8.9594 -2.30154 255 191 0
7.15478 2.60312 -7.49339 255 191 0
22.3652 26.4376 -2.59069 255 191 0
15.6255 -3.78416 6.54233 255 191 0
8.2868 7.68072 -5.30839 255 191 0
11.7667 21.3396 -2.62526 255 191 0
19.4613 10.0769 7.26629 255 191 0
3.62162 -6.72159 -4.05032 255 191 0
8.76851 -27.0378 -9.54482 255 191 0
5.7033 -8.5616 2.48633 255 191 0
17.756 5.31686 9.03096 255 191 0
18.1576 -6.13598 8.65524 255 191 0
19.8906 49.3771 -5.92827 255 191 0
19.37 39.7082 -6.00044 255 191 0
10.4215 10.1309 5.39591 255 191 0
3.49784 -9.89667 -4.99448 255 191 0
4.15233 -16.2638 -0.504223 255 191 0
13.1998 52.3649 -9.85279 255 191 0
9.67753 -1.94449 6.7005 255 191 0
23.0602 31.8138 -5.15688 255 191 0
8.68758 -13.2302 -0.480735 255 191 0
15.7666 48.7455 -5.28679 255 191 0
14.1116 56.0233 -9.57319 255 191 0
9.72932 -0.671097 -0.311814 255 191 0
20.8982 4.38221 7.81346 255 191 0
6.46322 16.9149 -0.293476 255 191 0
17.3196 36.9799 -1.19255 255 191 0
10.8538 -12.3067 -8.16098 255 191 0
16.0538 -32.831 -10.6829 255 191 0
12.8118 50.1128 -6.63879 255 191 0
17.2544 -22.2365 -13.5013 255 191 0
20.6557 38.3182 -2.01073 255 191 0
6.98903 10.2181 1.55838 255 191 0
14.4153 -21.6125 -8.70535 255 191 0
8.74445 -1.33885 -2.0046 255 191 0
15.3256 -17.1019 -9.92884 255 191 0
22.6676 18.4824 0.766423 255 191 0
8.48684 -5.57461 -6.85574 255 191 0
11.4682 -22.3828 -6.75442 255 191 0
11.6157 -19.953 -7.23079 255 191 0
13.7075 51.4233 -6.38641 255 191 0
17.0728 28.2379 -2.00564 255 191 0
17.8276 -29.101 -11.4791 255 191 0
11.2882 -0.693175 2.10892 255 191 0
11.0437 -11.6172 -12.0173 255 191 0
13.3034 11.0288 7.19741 255 191 0
6.60424 13.2303 0.560408 255 191 0
16.4871 -23.5241 -9.54842 255 191 0
17.4318 44.7493 -3.84369 255 191 0
18.971 51.1154 -9.98661 255 191 0
13.9819 16.7687 5.22039 255 191 0
9.39328 -9.88259 -11.8403 255 191 0
18.9408 22.4703 3.46364 255 191 0
20.3981 0.175603 8.94287 255 191 0
22.4494 44.105 -4.96926 255 191 0
20.6711 49.9862 -6.46017 255 191 0
3.43075 -6.78357 -5.56502 255 191 0
15.6624 49.9987 -8.99076 255 191 0
20.694 1.01881 8.00192 255 191 0
3.41806 -8.76207 -6.86548 255 191 0
12.2823 19.6554 4.46891 255 191 0
22.0511 32.1415 -4.66298 255 191 0
16.7353 -17.1863 -12.2315 255 191 0
11.0842 37.5155 -4.66105 255 191 0
11.0815 -10.3022 4.12599 255 191 0
5.06997 -12.9701 -10.4458 255 191 0
5.39401 -16.8656 -9.84301 255 191 0
10.9422 -13.8755 -7.88861 255 191 0
9.30751 15.455 3.26229 255 191 0
11.8496 17.435 4.87882 255 191 0
6.75654 -21.939 -9.61348 255 191 0
19.5574 47.5579 -5.12632 255 191 0
5.972 -2.12573 -8.39245 255 191 0
7.31596 15.7005 1.061 255 191 0
10.7916 10.3431 -1.12828 255 191 0
14.6149 -31.5923 -11.8749 255 191 0
4.2392 -2.09812 -1.9797 255 191 0
16.2825 43.0603 -3.29078 255 191 0
17.089 -19.8714 -10.7728 255 191 0
18.9604 18.7548 4.64947 255 191 0
15.3244 -31.078 -8.39374 255 191 0
13.5092 -24.5943 -12.7886 255 191 0
8.57733 -3.35016 6.085 255 191 0
12.3664 46.6578 -5.85999 255 191 0
13.7243 17.9341 4.77804 255 191 0
11.3313 35.0159 -3.05189 255 191 0
14.5541 -31.4625 -7.45231 255 191 0
10.1791 -25.5916 -11.2815 255 191 0
9.97407 5.32813 5.91677 255 191 0
14.8013 18.4464 4.59346 255 191 0
11.3171 18.2876 4.3152 255 191 0
10.9312 -5.91574 7.13544 255 191 0
10.0212 -27.7242 -10.8193 255 191 0
7.97891 -23.8051 -2.79468 255 191 0
17.0016 -18.9711 -10.1746 255 191 0
10.5538 23.7764 0.209919 255 191 0
18.7617 1.15515 10.1005 255 191 0
9.12758 6.75736 -3.07456 255 191 0
15.3802 55.6594 -7.65451 255 191 0
22.4574 17.5412 3.9961 255 191 0
16.1471 41.8304 -6.53895 255 191 0
14.9335 20.313 3.90422 255 191 0
11.6904 -2.74052 3.18795 255 191 0
6.05184 -21.6097 -3.08029 255 191 0
12.9961 41.5864 -7.00709 255 191 0
12.2824 -12.1736 -12.0644 255 191 0
9.37136 22.3517 1.84561 255 191 0
17.7504 50.7848 -9.4553 255 191 0
21.6193 36.0412 -1.51734 255 191 0
19.7566 2.09315 10.1316 255 191 0
13.3312 -18.0473 -13.7213 255 191 0
19.8521 21.5299 3.70338 255 191 0
18.4981 -24.4081 -13.0389 255 191 0
13.7418 -5.04978 5.61064 255 191 0
17.7202 17.1522 5.03183 255 191 0
18.1842 0.97085 6.50945 255 191 0
11.0046 5.4629 6.82688 255 191 0
17.6601 -28.0329 -11.5788 255 191 0
21.1592 32.539 -4.33709 255 191 0
8.31717 -13.9495 -3.0816 255 191 0
14.1636 34.6133 -0.977722 255 191 0
10.2597 31.1279 -5.03121 255 191 0
7.63904 -7.82763 5.69138 255 191 0
11.535 0.280526 7.49332 255 191 0
6.52209 11.035 0.790703 255 191 0
14.6934 -26.4529 -12.7493 255 191 0
6.4481 -14.3665 1.92403 255 191 0
15.7088 -5.71832 8.59277 255 191 0
12.8779 -18.0817 -8.40388 255 191 0
3.54105 -16.7741 -5.6981 255 191 0
11.5235 43.5885 -7.7765 255 191 0
8.70325 19.0047 -4.63822 255 191 0
8.35377 -17.5759 -1.55575 255 191 0
17.1596 -30.7465 -12.2905 255 191 0
8.35943 -3.88448 -2.59591 255 191 0
8.87444 -4.71851 -7.70197 255 191 0
17.3706 -18.2099 -12.5085 255 191 0
11.9364 9.29613 0.392997 255 191 0
19.9956 -4.9451 9.69595 255 191 0
10.7476 33.1828 -6.26853 255 191 0
19.0689 53.0161 -8.81609 255 191 0
15.8123 2.68542 5.04894 255 191 0
23.5746 38.9886 -8.02317 255 191 0
13.2488 -28.3443 -6.78743 255 191 0
9.65054 7.51297 -2.21738 255 191 0
18.8005 36.6733 -4.85351 255 191 0
3.57233 -10.7341 -4.17703 255 191 0
10.2567 3.63248 -0.368665 255 191 0
8.10968 -3.26797 -6.10039 255 191 0
12.8658 -23.4188 -12.794 255 191 0
16.1075 1.56971 5.47569 255 191 0
8.17107 -2.39026 -7.24803 255 191 0
8.30313 -24.4263 -4.02789 255 191 0
17.4573 -0.0511793 6.53618 255 191 0
8.98069 10.5292 -4.16998 255 191 0
20.7293 9.90886 7.52151 255 191 0
23.9122 38.6174 -6.76331 255 191 0
10.6283 -8.70946 -8.80073 255 191 0
11.7652 -7.70914 4.53719 255 191 0
14.925 15.5305 1.1678 255 191 0
18.5905 42.2115 -6.62725 255 191 0
23.1566 22.0334 0.934507 255 191 0
18.5581 30.6159 0.890382 255 191 0
8.06278 -6.62052 6.02551 255 191 0
11.7115 0.499131 2.19258 255 191 0
5.25014 -11.9965 2.00565 255 191 0
9.14625 13.6777 -4.49896 255 191 0
16.1755 56.1504 -10.2946 255 191 0
4.50121 -7.51533 -9.79878 255 191 0
18.0728 29.8259 -2.56645 255 191 0
11.0043 -27.8521 -11.5116 255 191 0
7.83475 -23.2693 -10.0718 255 191 0
7.11859 -1.82565 3.86479 255 191 0
20.9245 8.7613 7.85998 255 191 0
19.2777 28.6086 1.49238 255 191 0
11.1836 33.0403 -2.53109 255 191 0
13.0068 -23.2654 -7.59126 255 191 0
23.5869 47.9763 -8.95635 255 191 0
12.6635 4.67374 7.32858 255 191 0
16.7575 38.4057 -5.38772 255 191 0
22.9823 24.3259 1.95902 255 191 0
10.9305 -29.3178 -8.77418 255 191 0
9.44952 -27.1587 -7.36378 255 191 0
7.76693 3.99139 -7.25599 255 191 0
8.51145 -2.95194 -8.90127 255 191 0
18.6416 44.8336 -3.95017 255 191 0
12.2089 -3.05131 7.59231 255 191 0
10.0003 27.7482 -5.99499 255 191 0
6.92995 -8.31497 4.67534 255 191 0
21.5333 46.7985 -9.49853 255 191 0
9.41422 12.7286 -3.79669 255 191 0
3.90661 -15.79 -1.63313 255 191 0
17.0779 -32.6799 -11.7969 255 191 0
23.5339 30.6285 -0.483531 255 191 0
5.72298 7.34975 -5.53049 255 191 0
14.1679 45.2138 -4.3559 255 191 0
8.90663 -9.90954 0.155895 255 191 0
8.69255 -3.59284 -1.50165 255 191 0
8.91682 -12.7113 -5.52331 255 191 0
16.1803 -31.7515 -10.2272 255 191 0
15.5969 -1.50422 6.05308 255 191 0
9.5449 6.06902 -2.08445 255 191 0
7.86735 -3.16019 5.14839 255 191 0
12.5286 -7.23898 5.1581 255 191 0
12.2729 32.8758 -0.413902 255 191 0
17.7472 29.7223 1.14788 255 191 0
6.47721 -20.46 -9.63991 255 191 0
3.65256 1.22943 -4.32339 255 191 0
18.2584 51.4636 -6.32274 255 191 0
14.5724 -20.3834 -13.583 255 191 0
12.3703 -31.3241 -9.23509 255 191 0
23.0998 35.7955 -2.09595 255 191 0
14.7298 28.347 1.0875 255 191 0
20.2411 35.0662 -0.796221 255 191 0
3.97262 -1.18808 -6.9171 255 191 0
21.2016 41.7716 -3.44714 255 191 0
14.9479 5.92924 7.69318 255 191 0
8.10672 1.39018 -5.17957 255 191 0
10.8961 36.5352 -4.99127 255 191 0
7.41785 -18.7599 -0.716962 255 191 0
17.1795 1.28957 6.04317 255 191 0
9.90261 -2.50776 0.658896 255 191 0
18.1547 13.7559 2.66641 255 191 0
12.3729 29.3144 0.9977 255 191 0
6.69826 1.41784 -7.54537 255 191 0
6.19169 -19.373 -9.72175 255 191 0
16.0654 -15.4491 -10.965 255 191 0
16.1259 28.5323 1.33233 255 191 0
9.69014 14.172 3.87974 255 191 0
15.3656 -7.14959 7.98066 255 191 0
10.8235 -23.6545 -11.9778 255 191 0
6.01845 0.324725 -7.46002 255 191 0
17.4665 50.4607 -5.87449 255 191 0
13.7607 38.3855 -2.05179 255 191 0
9.30009 -17.284 -5.55875 255 191 0
24.1497 30.7857 -4.94287 255 191 0
8.66582 -23.1321 -3.73523 255 191 0
18.2112 48.0311 -5.05543 255 191 0
10.8242 -12.2433 4.25234 255 191 0
13.998 43.9676 -3.99271 255 191 0
18.4403 34.905 -4.26629 255 191 0
11.5107 23.902 -3.46432 255 191 0
19.5291 -2.76781 10.4948 255 191 0
3.63481 -2.23524 -5.60662 255 191 0
12.9958 -16.5328 -8.80355 255 191 0
17.0472 26.7688 -1.52881 255 191 0
18.8479 33.3405 -0.013499 255 191 0
18.1426 35.2055 -0.604324 255 191 0
23.111 24.5272 -2.36318 255 191 0
3.6525 -19.3239 -5.89043 255 191 0
20.8625 16.7787 5.24107 255 191 0
23.7491 26.2019 -1.95497 255 191 0
19.0564 5.90036 5.30699 255 191 0
10.8844 23.9113 2.74992 255 191 0
24.3669 31.9217 -2.78535 255 191 0
23.9066 39.4516 -4.06923 255 191 0
5.82111 2.61108 1.01369 255 191 0
13.0785 48.1529 -5.48362 255 191 0
4.16364 7.14441 -3.22213 255 191 0
15.1898 4.25629 4.29643 255 191 0
8.78796 -17.5247 -4.67248 255 191 0
8.92384 -10.9962 -5.78025 255 191 0
14.6518 29.3457 0.787588 255 191 0
5.19677 7.08311 -0.803082 255 191 0
18.0046 49.6503 -9.09111 255 191 0
11.4318 28.3767 -0.209804 255 191 0
15.5221 46.1616 -7.81966 255 191 0
9.73393 25.6224 -5.95403 255 191 0
16.1191 -28.2768 -12.6144 255 191 0
18.5703 -23.2706 -12.8453 255 191 0
3.57011 4.64354 -4.95102 255 191 0
22.422 17.4565 0.92621 255 191 0
23.0021 28.3037 0.607384 255 191 0
12.452 -13.0474 -9.29025 255 191 0
21.4967 47.7533 -5.93283 255 191 0
4.97238 13.8462 -2.35771 255 191 0
9.78983 9.20855 4.9907 255 191 0
17.2908 18.7445 0.990172 255 191 0
20.8428 35.8735 -5.32108 255 191 0
6.9954 4.89721 -7.04193 255 191 0
16.138 4.67093 4.63647 255 191 0
15.4571 -16.9507 -13.2418 255 191 0
19.0836 14.6187 2.54497 255 191 0
5.47562 -4.86546 1.41628 255 191 0
15.2132 -26.7734 -8.16804 255 191 0
16.9186 7.82466 4.12657 255 191 0
12.842 14.8524 6.08944 255 191 0
6.95035 14.4337 -4.63499 255 191 0
16.0199 5.57669 8.23201 255 191 0
24.421 33.6322 -3.14503 255 191 0
24.2037 37.056 -5.00639 255 191 0
13.0495 46.4301 -8.18738 255 191 0
11.3058 -18.7134 -7.20596 255 191 0
16.7641 -29.0694 -10.6279 255 191 0
22.5817 48.662 -9.15103 255 191 0
9.4292 20.0597 2.43786 255 191 0
11.2035 39.8174 -5.64618 255 191 0
15.6665 12.9924 6.81059 255 191 0
23.2718 26.6051 1.05047 255 191 0
13.9056 -27.2176 -12.5462 255 191 0
4.62111 9.66216 -3.85953 255 191 0
6.44231 -3.99071 3.14178 255 191 0
16.5523 1.52844 8.99541 255 191 0
6.13735 3.34811 -6.92008 255 191 0
11.5534 -13.1789 -8.54624 255 191 0
8.7239 -4.28249 -9.38826 255 191 0
10.5735 -8.75164 3.1811 255 191 0
11.7887 46.3172 -7.63318 255 191 0
14.5809 25.5773 -1.80338 255 191 0
11.7283 -23.0799 -12.4853 255 191 0
17.0182 23.8609 2.89374 255 191 0
6.28305 -5.305 3.05621 255 191 0
22.2027 16.6754 4.91657 255 191 0
21.1629 21.2937 3.56081 255 191 0
9.9985 22.6881 0.301494 255 191 0
4.06528 -19.1067 -7.41313 255 191 0
9.66828 -26.5979 -10.764 255 191 0
13.9713 15.6914 5.62708 255 191 0
21.5906 40.8517 -7.53045 255 191 0
15.9769 -23.9223 -13.2056 255 191 0
17.2002 -19.5141 -13.5082 255 191 0
14.971 11.5297 2.26711 255 191 0
10.3162 25.2801 -1.24894 255 191 0
15.9552 36.9163 -4.98387 255 191 0
6.76655 7.01385 -6.55459 255 191 0
18.3593 12.5982 3.09162 255 191 0
23.8478 47.2494 -8.03349 255 191 0
7.48664 7.32329 2.77663 255 191 0
9.48456 22.4107 -0.90842 255 191 0
19.4052 26.1115 2.27334 255 191 0
16.2621 46.5236 -4.4852 255 191 0
20.4957 -3.24142 8.00137 255 191 0
12.5519 53.2664 -9.03782 255 191 0
11.9784 48.5024 -8.4625 255 191 0
8.34764 -12.5263 -2.32665 255 191 0
11.0964 16.2478 4.63139 255 191 0
14.2387 16.7286 0.475778 255 191 0
9.90388 -23.9119 -4.9009 255 191 0
12.3676 51.6339 -8.63641 255 191 0
7.9937 -10.0743 4.91582 255 191 0
8.19734 -7.45034 -2.38858 255 191 0
13.9569 -33.2164 -7.46379 255 191 0
10.1476 15.1239 4.11944 255 191 0
19.6407 15.304 5.68887 255 191 0
16.0562 -26.0952 -12.9027 255 191 0
22.463 34.7371 -1.38411 255 191 0
23.5134 24.5921 -0.298402 255 191 0
7.81594 -0.332854 4.5766 255 191 0
4.41057 -0.78774 -1.65555 255 191 0
14.1657 37.3553 -5.38872 255 191 0
10.6848 21.6039 3.11198 255 191 0
10.7897 7.6473 6.20027 255 191 0
6.04974 11.1961 -4.6053 255 191 0
4.75189 1.22413 -1.01526 255 191 0
10.2713 26.7755 -2.28113 255 191 0
4.33846 1.62006 -2.11872 255 191 0
4.73586 6.67436 -4.90427 255 191 0
10.9218 -8.10626 6.57004 255 191 0
19.9855 38.6019 -5.90332 255 191 0
16.8328 2.69902 5.51668 255 191 0
4.77574 2.41338 -1.11007 255 191 0
16.1386 -6.03129 7.39925 255 191 0
9.87144 -11.5729 2.35748 255 191 0
13.9713 13.9317 6.47368 255 191 0
24.4576 34.2671 -4.72568 255 191 0
8.92116 -9.01476 -11.4883 255 191 0
9.74386 7.84092 5.20094 255 191 0
3.70318 -14.2404 -7.59691 255 191 0
20.5506 14.4682 2.32564 255 191 0
5.39868 8.71659 -0.714876 255 191 0
7.62618 -21.1493 -10.2186 255 191 0
19.9121 33.3022 -4.0972 255 191 0
4.78097 -11.8722 -10.4672 255 191 0
17.4887 -4.38858 9.18333 255 191 0
14.0969 -27.8181 -7.43655 255 191 0
18.0899 -21.3885 -12.4489 255 191 0
20.8677 14.7456 5.95344 255 191 0
16.3813 -3.76442 8.99125 255 191 0
4.79665 -9.93424 -10.7381 255 191 0
9.74983 21.8451 -5.1426 255 191 0
10.3811 16.3785 -2.98211 255 191 0
18.5703 19.944 4.27074 255 191 0
4.72036 10.0751 -2.25391 255 191 0
10.688 24.2953 1.78778 255 191 0
24.3713 32.0541 -4.70165 255 191 0
7.03213 4.45892 2.62802 255 191 0
11.1086 22.8969 -3.72924 255 191 0
3.46914 -11.0429 -5.28583 255 191 0
20.8377 26.4944 -2.12096 255 191 0
12.1426 43.7821 -5.16927 255 191 0
14.551 48.1988 -8.59783 255 191 0
21.5261 39.5076 -2.71547 255 191 0
17.1109 42.7455 -6.65763 255 191 0
10.6278 -23.8974 -5.71123 255 191 0
18.5138 -25.4574 -12.508 255 191 0
10.3455 32.4957 -5.42163 255 191 0
20.147 44.2643 -4.04474 255 191 0
4.30585 -5.92878 -1.36895 255 191 0
7.60573 17.6747 1.05932 255 191 0
7.98942 -25.4719 -5.85561 255 191 0
17.9834 6.11814 5.05873 255 191 0
17.5779 6.99766 4.69388 255 191 0
12.8981 -3.68279 7.97163 255 191 0
15.3685 -29.6786 -8.23241 255 191 0
21.9011 37.6694 -6.57067 255 191 0
23.9493 31.9843 -1.21115 255 191 0
4.46042 0.394527 -1.67429 255 191 0
9.15666 20.0791 -5.30824 255 191 0
11.624 -29.3116 -7.56267 255 191 0
9.76717 -20.9653 -5.36521 255 191 0
8.47362 5.29853 -4.3822 255 191 0
13.3493 -13.8524 -12.6181 255 191 0
4.85218 -9.30786 0.558014 255 191 0
23.0097 20.9916 0.314015 255 191 0
13.1203 -15.3172 -9.073 255 191 0
8.47033 6.83394 4.03548 255 191 0
12.5144 22.2294 -2.13342 255 191 0
15.7773 27.4854 1.59045 255 191 0
3.45519 -6.80609 -8.10002 255 191 0
3.79561 -12.628 -8.42196 255 191 0
14.1163 13.3887 1.27766 255 191 0
5.36773 -24.8397 -6.55409 255 191 0
21.8719 28.6984 0.926175 255 191 0
3.6665 -12.709 -3.35043 255 191 0
5.11673 -1.6748 0.217625 255 191 0
16.9496 -20.989 -10.4465 255 191 0
17.5651 41.9552 -2.86104 255 191 0
12.0183 11.4203 -0.0280115 255 191 0
6.05892 6.00943 -6.24603 255 191 0
22.0815 18.4748 4.91415 255 191 0
18.0994 46.1095 -7.87427 255 191 0
3.50471 -14.8289 -5.54212 255 191 0
13.2134 -12.2041 -9.82673 255 191 0
15.0133 23.7872 -1.12416 255 191 0
10.89 25.8513 -0.223599 255 191 0
16.7351 40.1451 -2.28228 255 191 0
17.3963 19.4116 4.33294 255 191 0
16.3381 9.33624 7.85267 255 191 0
24.344 31.3673 -3.72795 255 191 0
5.86167 5.72813 0.605763 255 191 0
4.75176 6.59173 -1.68651 255 191 0
4.9016 -22.831 -4.40015 255 191 0
20.0586 3.21656 9.68654 255 191 0
20.9699 51.3694 -8.33433 255 191 0
9.52392 4.28938 5.6737 255 191 0
13.6427 -2.13463 4.86564 255 191 0
16.5516 49.6477 -5.57473 255 191 0
21.6977 9.47999 5.5367 255 191 0
20.4431 -1.00256 8.65444 255 191 0
12.1311 -10.5124 -9.63619 255 191 0
8.06618 1.61136 4.53414 255 191 0
8.39838 -1.29167 -8.2473 255 191 0
3.50534 -15.951 -4.92031 255 191 0
19.1279 22.5771 -0.236033 255 191 0
16.7116 4.53904 8.6676 255 191 0
8.12187 -1.46796 -4.68089 255 191 0
16.4539 54.7968 -7.34954 255 191 0
17.261 15.8938 1.89168 255 191 0
15.1306 49.826 -5.70742 255 191 0
10.3223 12.941 4.73638 255 191 0
10.2066 -5.91217 -9.10027 255 191 0
15.7649 19.264 4.20451 255 191 0
16.4695 32.6872 -3.55249 255 191 0
15.7359 27.7097 -2.03663 255 191 0
13.2098 -7.61949 6.15028 255 191 0
21.375 21.2069 -0.160336 255 191 0
8.73945 9.5445 -4.52612 255 191 0
7.1014 19.8772 -0.5254 255 191 0
11.3129 -26.6322 -11.8307 255 191 0
24.4048 35.1565 -5.65085 255 191 0
21.6357 11.7004 6.35022 255 191 0
21.9237 25.539 -2.269 255 191 0
5.44321 -14.9661 -10.2379 255 191 0
22.037 29.5268 -3.41377 255 191 0
8.92869 -7.27145 -7.02111 255 191 0
16.8805 51.5192 -9.54067 255 191 0
9.80578 -14.1965 -6.63644 255 191 0
8.7344 -8.85074 -0.463789 255 191 0
17.7963 24.783 2.68307 255 191 0
10.6834 -1.51987 7.06635 255 191 0
11.7362 -10.7768 5.13499 255 191 0
19.5204 26.2897 -1.61945 255 191 0
15.4138 35.1794 -4.47437 255 191 0
20.1428 40.3293 -2.61084 255 191 0
15.7407 24.7599 -1.20185 255 191 0
18.7941 33.7641 -3.94454 255 191 0
9.12628 -6.83129 6.27294 255 191 0
17.7194 -20.9836 -13.7093 255 191 0
19.8132 45.6828 -4.47519 255 191 0
18.1101 40.0055 -2.21807 255 191 0
13.0123 -8.16491 7.2438 255 191 0
12.8969 43.5796 -3.73963 255 191 0
15.1078 -6.38066 6.97685 255 191 0
11.9497 11.648 6.27031 255 191 0
7.83608 16.5395 -5.21953 255 191 0
21.3226 13.7203 2.41547 255 191 0
16.7794 -5.88269 8.78871 255 191 0
10.2852 17.9304 3.61689 255 191 0
10.9489 37.9272 -5.68864 255 191 0
17.2056 46.7095 -7.95352 255 191 0
10.1581 15.2001 -3.11024 255 191 0
19.0418 34.6942 -0.483996 255 191 0
16.6344 -30.7394 -10.3142 255 191 0
10.8615 17.3094 -2.68005 255 191 0
4.90674 -19.2398 -1.87165 255 191 0
9.16757 -8.4811 -7.19897 255 191 0
13.2338 3.1755 3.12921 255 191 0
17.4663 8.10074 8.21008 255 191 0
18.5708 -26.4936 -12.6975 255 191 0
18.5905 2.73158 9.82601 255 191 0
3.34843 -4.82646 -6.55998 255 191 0
3.50603 -12.6424 -4.72236 255 191 0
17.3775 48.6644 -5.23639 255 191 0
12.4454 -8.40613 5.3967 255 191 0
7.68096 11.6979 -6.46997 255 191 0
9.9128 28.1607 -4.5911 255 191 0
11.372 8.15086 0.00413686 255 191 0
9.70961 3.10165 -1.21833 255 191 0
14.5224 39.1824 -2.34426 255 191 0
16.0187 47.7133 -8.24853 255 191 0
14.1334 -30.1783 -7.16361 255 191 0
10.9597 -2.80314 7.2189 255 191 0
23.5004 43.7382 -5.53135 255 191 0
14.943 40.261 -6.22614 255 191 0
18.9961 25.0048 2.64959 255 191 0
17.8573 54.4085 -8.95026 255 191 0
14.5492 -2.11771 8.44919 255 191 0
13.1554 -7.06464 7.58834 255 191 0
8.06498 -7.27308 -4.66494 255 191 0
24.3711 33.0328 -5.29639 255 191 0
16.7521 -25.0331 -13.0636 255 191 0
20.772 33.6356 -0.43299 255 191 0
18.9338 25.2454 -1.16677 255 191 0
9.80599 -10.5636 2.09566 255 191 0
21.7836 22.8488 2.89155 255 191 0
12.3824 28.2209 1.39773 255 191 0
22.5182 30.794 -0.0248409 255 191 0
12.3423 -30.1359 -7.41114 255 191 0
6.19484 8.30229 0.745987 255 191 0
11.3853 -10.9801 -8.8885 255 191 0
15.4632 36.7988 -1.38222 255 191 0
15.5636 -20.5466 -9.18544 255 191 0
12.2582 -29.9847 -11.5517 255 191 0
4.3851 -17.3444 -0.81461 255 191 0
21.8237 24.3901 2.37465 255 191 0
9.39634 11.5623 -3.55206 255 191 0
20.7917 43.1313 -3.82293 255 191 0
12.7746 36.0211 -5.58004 255 191 0
12.0516 -19.3251 -13.1544 255 191 0
3.58123 -17.5438 -3.46958 255 191 0
14.3488 35.8153 -1.30843 255 191 0
8.30959 15.9501 -6.10504 255 191 0
21.7933 50.4407 -7.89284 255 191 0
16.7311 11.7273 7.17977 255 191 0
17.8256 39.6384 -5.70194 255 191 0
8.94513 -21.5445 -4.39235 255 191 0
12.024 10.5732 6.55903 255 191 0
3.71301 -10.6527 -8.64358 255 191 0
18.2347 -3.70423 7.77753 255 191 0
5.45454 -20.6194 -9.0779 255 191 0
19.4596 35.8596 -4.77901 255 191 0
23.1851 43.5646 -9.26649 255 191 0
20.9789 25.3235 2.29605 255 191 0
7.69271 10.3444 2.475 255 191 0
5.31248 -13.7537 2.13373 255 191 0
9.63342 26.8066 -5.83345 255 191 0
7.18866 16.0984 -2.78797 255 191 0
23.6363 33.8325 -1.71524 255 191 0
8.12138 -9.55161 -3.50763 255 191 0
4.20124 5.88813 -2.95675 255 191 0
16.4206 31.7865 0.385994 255 191 0
6.5094 13.5846 -3.84479 255 191 0
17.2994 -28.3447 -12.5855 255 191 0
9.48823 -5.74129 -8.29119 255 191 0
23.6012 45.2151 -8.39503 255 191 0
14.9044 36.3315 -4.89771 255 191 0
4.42791 -14.7003 0.181458 255 191 0
8.54008 19.3146 1.7372 255 191 0
4.93938 -20.167 -2.69527 255 191 0
21.6595 49.8784 -9.14545 255 191 0
8.83291 3.49597 5.08564 255 191 0
23.8727 46.1405 -7.49404 255 191 0
7.07364 10.1263 -6.28198 255 191 0
8.29109 -12.1292 -3.31911 255 191 0
20.7304 5.63365 8.35873 255 191 0
9.53691 8.58213 -2.57876 255 191 0
8.01358 -4.94419 -9.91215 255 191 0
6.74028 -11.2613 4.10653 255 191 0
7.85581 14.3792 1.92293 255 191 0
12.0642 12.9892 -0.352418 255 191 0
23.9858 39.7539 -5.22303 255 191 0
8.43096 -13.2893 -1.54974 255 191 0
8.44089 -11.1865 -1.34817 255 191 0
8.67152 20.8992 -2.61206 255 191 0
16.5555 -1.31262 6.51965 255 191 0
11.7407 39.4215 -3.68523 255 191 0
23.3161 41.7048 -8.48495 255 191 0
10.9199 29.8522 -1.77644 255 191 0
20.8555 1.81868 7.29842 255 191 0
7.86684 -14.9113 2.20119 255 191 0
6.9905 -5.35962 -10.1344 255 191 0
16.15 31.1219 -3.04147 255 191 0
6.95984 -15.4826 -10.9629 255 191 0
13.9894 22.5445 3.21309 255 191 0
11.4571 15.0555 5.17312 255 191 0
8.97339 -11.3297 0.370834 255 191 0
12.2924 47.7321 -6.56837 255 191 0
19.4074 27.4414 1.8573 255 191 0
11.2455 29.1838 -0.896731 255 191 0
14.9201 7.67384 3.10756 255 191 0
13.3099 -0.177027 3.98942 255 191 0
21.7667 10.6943 5.65801 255 191 0
8.13429 -0.363239 -7.31506 255 191 0
17.1792 -23.7515 -13.2548 255 191 0
10.5675 13.5345 -2.24422 255 191 0
21.2218 44.9284 -4.66792 255 191 0
6.08974 -16.0378 -10.3479 255 191 0
21.3342 10.7983 7.22782 255 191 0
9.25458 25.218 -4.67227 255 191 0
14.9195 38.0623 -5.5079 255 191 0
6.81832 -7.32997 4.3237 255 191 0
9.66937 18.9045 2.89105 255 191 0
8.26554 13.3753 2.58428 255 191 0
11.3388 38.6721 -4.45423 255 191 0
10.1163 -1.16751 0.526556 255 191 0
10.1689 0.154725 0.295665 255 191 0
13.4939 42.6165 -7.22217 255 191 0
9.28219 4.78383 -2.27666 255 191 0
14.5808 10.5355 7.36225 255 191 0
11.7171 -29.7288 -10.6699 255 191 0
11.9591 -17.9844 -7.86358 255 191 0
9.45354 -9.47225 1.25799 255 191 0
18.9521 16.1823 2.04027 255 191 0
4.59523 -20.2529 -8.36676 255 191 0
3.58996 -18.6463 -3.18695 255 191 0
5.61912 4.10623 0.409781 255 191 0
7.61997 16.8834 -3.807 255 191 0
17.6731 18.2081 4.71632 255 191 0
19.2781 -5.92281 9.113 255 191 0
17.4745 33.8722 -0.177731 255 191 0
4.54617 4.4873 -1.90967 255 191 0
12.7899 24.5045 -2.52208 255 191 0
23.6321 43.4403 -7.91724 255 191 0
5.58858 -1.85472 1.22521 255 191 0
18.5152 4.63079 9.5067 255 191 0
7.49931 12.9992 1.77348 255 191 0
15.5943 -2.7241 8.65938 255 191 0
10.955 -4.34056 2.83532 255 191 0
11.8822 37.0425 -2.61094 255 191 0
3.79304 6.0632 -4.16077 255 191 0
3.63019 -0.581809 -5.39253 255 191 0
11.8454 27.1491 0.915318 255 191 0
22.8877 38.0655 -7.42908 255 191 0
14.2606 43.9625 -7.42116 255 191 0
8.39932 -6.5873 -1.61489 255 191 0
8.49599 -9.74578 -5.10781 255 191 0
11.2751 -26.4938 -5.67441 255 191 0
14.5193 8.14892 7.6609 255 191 0
12.4997 -16.3314 -13.4156 255 191 0
9.28956 -10.4824 1.03277 255 191 0
14.2572 9.02342 2.51441 255 191 0
17.2196 20.5147 3.97265 255 191 0
4.80227 -8.50022 -10.2786 255 191 0
15.4929 53.7703 -6.99621 255 191 0
16.6835 56.0025 -7.8788 255 191 0
18.5094 52.5159 -6.76596 255 191 0
19.6998 20.4506 4.05752 255 191 0
19.9717 1.00687 9.90928 255 191 0
24.3298 36.4368 -3.68376 255 191 0
19.2323 49.6282 -9.52107 255 191 0
12.1256 25.5481 -3.27721 255 191 0
4.02938 -0.0345934 -2.83524 255 191 0
3.52944 -7.80701 -4.64809 255 191 0
16.5037 11.2772 3.04887 255 191 0
13.4626 25.5406 -2.40477 255 191 0
19.3901 4.36656 5.79067 255 191 0
21.8362 12.9206 5.88432 255 191 0
11.838 17.3993 -1.57125 255 191 0
11.2185 41.0357 -6.50554 255 191 0
13.4718 38.7088 -6.0475 255 191 0
11.6724 2.13957 1.73695 255 191 0
6.36512 9.85958 0.74549 255 191 0
16.792 6.97341 8.18368 255 191 0
13.2631 13.6645 0.55428 255 191 0
13.1035 2.05965 7.66956 255 191 0
7.62682 20.7343 -1.45596 255 191 0
11.8022 22.7565 -2.93136 255 191 0
4.44448 -7.20334 -0.808753 255 191 0
6.99621 -22.0717 -2.55335 255 191 0
17.665 -22.5921 -12.1102 255 191 0
5.33536 10.4747 -3.95516 255 191 0
20.6449 28.5849 1.30023 255 191 0
4.65212 -4.01919 -0.59103 255 191 0
11.9246 -30.4539 -8.4176 255 191 0
14.0505 -23.339 -13.064 255 191 0
11.0808 9.56087 -0.46067 255 191 0
11.8575 -9.20832 4.97509 255 191 0
23.1569 38.8254 -3.27297 255 191 0
14.9466 5.32139 3.78721 255 191 0
13.305 47.9815 -8.63491 255 191 0
16.3681 -2.55697 6.75795 255 191 0
15.9633 21.6089 -0.149467 255 191 0
3.76113 -17.0273 -7.00178 255 191 0
14.0516 33.1096 -4.23006 255 191 0
20.7736 2.39075 6.30237 255 191 0
10.2549 -28.4149 -9.70918 255 191 0
4.95117 0.957832 -6.67486 255 191 0
8.88884 -9.28295 -6.08103 255 191 0
9.14565 22.5064 -2.41759 255 191 0
14.2173 6.55592 2.81413 255 191 0
15.8798 44.0194 -7.17184 255 191 0
23.213 40.3229 -8.47864 255 191 0
6.62084 -17.1921 -10.3138 255 191 0
10.017 24.3537 -1.96313 255 191 0
12.3415 -13.0478 -12.5956 255 191 0
12.8413 12.4171 0.498347 255 191 0
8.82635 -18.7614 -4.62104 255 191 0
11.7808 29.322 0.0844841 255 191 0
14.1482 46.1415 -8.02426 255 191 0
8.03257 -0.737458 -6.33308 255 191 0
23.0775 22.7003 1.95956 255 191 0
9.45714 16.0798 -4.54984 255 191 0
12.2822 -26.7908 -6.32051 255 191 0
15.2489 45.6307 -4.27538 255 191 0
15.3336 10.2718 2.79407 255 191 0
9.35972 -9.59806 -7.20488 255 191 0
8.07181 -2.19172 -6.19712 255 191 0
12.4115 41.9289 -3.56948 255 191 0
23.8823 37.7892 -3.3566 255 191 0
7.51823 -5.44045 5.0806 255 191 0
8.47438 12.7898 -5.68458 255 191 0
21.2332 27.4767 -2.61618 255 191 0
14.3244 30.6436 0.309006 255 191 0
15.1075 -32.3876 -11.0991 255 191 0
18.3939 20.9236 3.95437 255 191 0
8.81364 -5.78372 6.22361 255 191 0
18.1471 53.3045 -9.73368 255 191 0
19.9101 14.0122 6.08535 255 191 0
10.6663 27.0514 -5.14719 255 191 0
10.9501 -21.022 -12.4632 255 191 0
21.3676 8.5299 6.77774 255 191 0
8.40706 -18.5497 -0.416068 255 191 0
16.7099 39.7282 -5.80628 255 191 0
15.5307 25.8489 2.01251 255 191 0
16.5135 37.5671 -1.45226 255 191 0
8.04045 4.89034 3.89347 255 191 0
4.1769 -11.3036 -9.73061 255 191 0
8.95424 -25.8068 -5.45039 255 191 0
17.25 53.696 -7.00845 255 191 0
11.7068 13.6034 5.6773 255 191 0
17.5814 34.036 -3.98267 255 191 0
3.85037 -10.2978 -2.65382 255 191 0
13.3792 -25.7478 -7.33239 255 191 0
8.63986 6.74003 -4.17461 255 191 0
10.4157 -10.173 3.11291 255 191 0
24.237 30.6083 -2.35941 255 191 0
8.01787 20.7745 0.200659 255 191 0
3.66761 -0.55687 -4.13807 255 191 0
18.1732 -2.3331 7.38889 255 191 0
17.1956 28.2847 1.56456 255 191 0
12.0123 32.8628 -5.18118 255 191 0
20.2394 43.2873 -7.62794 255 191 0
16.3701 26.4563 2.00161 255 191 0
8.60406 -7.39519 -10.7791 255 191 0
12.3916 -26.0044 -12.3204 255 191 0
12.6165 -22.0269 -12.9266 255 191 0
13.5322 -2.65595 8.20706 255 191 0
21.3912 22.4517 -0.692728 255 191 0
13.8649 23.8771 2.84324 255 191 0
14.9751 17.2853 4.99344 255 191 0
10.7083 25.7708 -4.82722 255 191 0
12.3339 49.0063 -7.11283 255 191 0
11.7416 -21.0159 -7.20162 255 191 0
8.1266 10.2657 -6.02614 255 191 0
14.2717 4.15633 3.71211 255 191 0
21.0996 9.00064 4.07234 255 191 0
8.05192 -6.89143 -3.43737 255 191 0
13.8102 2.5128 3.78053 255 191 0
15.0077 22.1658 3.02912 255 191 0
11.6465 -25.147 -6.14831 255 191 0
4.72304 11.983 -2.50021 255 191 0
11.5409 -27.5717 -6.15305 255 191 0
6.35846 -6.49877 3.39682 255 191 0
17.7855 36.3036 -4.67303 255 191 0
11.653 44.7937 -7.49497 255 191 0
18.4893 -20.4015 -13.1116 255 191 0
13.4001 52.5884 -7.11366 255 191 0
17.1705 43.5995 -3.42765 255 191 0
11.7008 40.9098 -4.78305 255 191 0
12.0482 26.6219 -3.61146 255 191 0
3.52295 -8.44485 -8.17206 255 191 0
13.6399 -13.7611 -9.70867 255 191 0
12.966 53.9995 -8.29718 255 191 0
8.36109 -6.72494 -5.94975 255 191 0
8.06343 -0.197193 -5.40642 255 191 0
7.99843 1.91607 -7.60796 255 191 0
13.5701 -15.1647 -13.1756 255 191 0
23.6509 25.2294 -1.31395 255 191 0
14.2492 50.2706 -9.16991 255 191 0
11.4215 29.1316 -4.80551 255 191 0
13.8412 51.5038 -9.56027 255 191 0
7.37325 0.447366 3.821 255 191 0
21.5267 40.6491 -3.1478 255 191 0
19.7997 18.2471 1.35329 255 191 0
8.93109 -25.7442 -10.3498 255 191 0
20.6388 31.5856 0.290337 255 191 0
5.12796 -4.00632 0.547899 255 191 0
8.96094 -26.4232 -6.59829 255 191 0
20.2556 20.2846 0.539298 255 191 0
11.7878 -16.6176 -8.05453 255 191 0
12.4354 30.5258 0.606024 255 191 0
12.4567 31.7263 -4.61556 255 191 0
9.90439 6.61146 5.5961 255 191 0
13.2908 -31.2885 -7.19239 255 191 0
18.9801 52.1426 -9.79418 255 191 0
6.54925 -1.21987 2.85756 255 191 0
13.797 50.0811 -5.98876 255 191 0
12.6717 43.8939 -7.82521 255 191 0
19.1295 -0.155958 7.01307 255 191 0
4.04175 0.00130435 -6.79515 255 191 0
9.93764 28.8479 -5.73998 255 191 0
6.40237 -25.5583 -8.45863 255 191 0
23.8186 27.6904 -0.807594 255 191 0
18.6676 38.9333 -1.892 255 191 0
19.1103 -1.49303 7.39433 255 191 0
13.681 33.7113 -0.548167 255 191 0
19.6335 41.8517 -6.87978 255 191 0
8.2542 -20.9156 -2.34896 255 191 0
11.2748 -9.10289 6.27086 255 191 0
3.60873 -4.73239 -4.16586 255 191 0
6.52344 -6.60759 -10.4487 255 191 0
7.91838 -16.0549 1.44785 255 191 0
17.7076 12.9268 6.24906 255 191 0
10.274 2.36124 -0.128716 255 191 0
16.6448 48.8951 -8.6379 255 191 0
11.8919 24.1105 3.08813 255 191 0
12.8235 4.21936 2.47296 255 191 0
23.6841 42.3441 -7.40962 255 191 0
5.85423 -4.08194 2.06176 255 191 0
11.0561 12.8234 -1.4142 255 191 0
16.4015 8.60365 3.7006 255 191 0
8.82141 21.1809 -5.45618 255 191 0
22.8992 46.0902 -6.06958 255 191 0
16.4599 47.7528 -4.91385 255 191 0
7.02808 0.331724 -7.86029 255 191 0
15.0993 -18.0592 -13.7072 255 191 0
10.5037 2.29185 6.99119 255 191 0
22.9826 21.2275 2.00673 255 191 0
8.76646 15.2502 -5.48181 255 191 0
4.66442 -8.22675 -0.0622461 255 191 0
23.5834 41.0728 -7.73956 255 191 0
18.7072 9.14875 4.13803 255 191 0
10.4462 -11.5165 4.98183 255 191 0
4.09647 -3.47391 -2.28104 255 191 0
13.5245 -29.6644 -12.1912 255 191 0
4.79997 -12.6593 0.955464 255 191 0
22.6904 18.8706 2.81326 255 191 0
10.9289 34.1142 -3.6266 255 191 0
12.8723 1.6236 3.17483 255 191 0
5.77522 -19.7761 -1.88971 255 191 0
22.2267 13.2946 3.01199 255 191 0
4.31692 -14.4282 -9.27241 255 191 0
7.74295 5.70657 -7.11524 255 191 0
13.3874 -0.269227 7.93867 255 191 0
14.6677 52.5567 -6.64542 255 191 0
4.502 -2.84125 -1.15136 255 191 0
16.6234 -21.7894 -9.53378 255 191 0
15.6524 -28.0032 -8.27949 255 191 0
11.4511 34.8206 -6.12135 255 191 0
3.90068 -14.496 -1.87773 255 191 0
17.1313 35.3812 -4.4512 255 191 0
10.0425 -7.657 -10.3961 255 191 0
11.168 11.7948 -1.06062 255 191 0
20.5077 3.58346 8.71802 255 191 0
16.5436 25.3696 2.36161 255 191 0
3.55217 -8.89079 -4.40181 255 191 0
19.5717 5.27048 9.19274 255 191 0
13.1665 20.0815 -1.087 255 191 0
12.3968 -30.607 -10.4548 255 191 0
8.95274 1.70934 5.56758 255 191 0
6.41587 -0.66479 -7.83834 255 191 0
10.4847 11.3092 -1.81184 255 191 0
11.9474 34.5248 -1.52608 255 191 0
16.125 0.323039 8.94382 255 191 0
10.3054 16.7299 3.9072 255 191 0
15.1391 -23.1559 -13.245 255 191 0
3.54787 -16.4304 -3.97439 255 191 0
17.4711 31.3572 0.626913 255 191 0
17.97 23.6073 -0.451028 255 191 0
9.40753 -3.14775 6.6535 255 191 0
13.756 5.14379 7.42148 255 191 0
22.1062 20.6612 3.92598 255 191 0
17.3 -21.3744 -11.5233 255 191 0
5.0262 4.07709 -0.766801 255 191 0
10.697 31.3236 -6.01515 255 191 0
22.5569 16.9872 2.75004 255 191 0
19.3713 -4.02435 8.07928 255 191 0
10.6096 -15.222 -7.30773 255 191 0
8.71199 -13.8765 -5.02678 255 191 0
15.395 14.0599 6.34636 255 191 0
12.7574 -19.4518 -8.11972 255 191 0
9.63173 -18.4713 -5.69971 255 191 0
10.4653 -25.7144 -5.08448 255 191 0
18.0772 54.1432 -7.70243 255 191 0
17.8163 3.62655 5.70211 255 191 0
18.9863 43.1338 -7.10008 255 191 0
13.2998 -5.76168 7.71431 255 191 0
15.2376 1.44394 8.42861 255 191 0
22.8245 37.5841 -2.59886 255 191 0
16.0743 2.60749 8.65027 255 191 0
12.6588 15.6253 -0.43995 255 191 0
9.65467 10.781 -2.93625 255 191 0
7.55221 2.46256 3.70531 255 191 0
6.75134 7.73197 1.68086 255 191 0
4.58952 -15.8988 0.483113 255 191 0
9.3996 -21.6774 -11.2694 255 191 0
8.54129 -21.8297 -3.43102 255 191 0
17.759 37.6591 -5.11783 255 191 0
21.4283 7.11426 4.9506 255 191 0
4.04894 -15.1528 -8.55469 255 191 0
4.82125 -14.1664 1.2583 255 191 0
9.91766 -8.64861 2.01399 255 191 0
5.17547 -7.08698 1.12204 255 191 0
12.011 6.60479 7.35464 255 191 0
9.42822 -4.70655 0.467039 255 191 0
8.89205 10.9867 3.7389 255 191 0
9.67222 -6.3174 1.27188 255 191 0
7.79363 18.5948 -2.01714 255 191 0
4.36134 10.8518 -3.15285 255 191 0
22.1568 20.0764 0.0872131 255 191 0
9.05544 -5.71878 -0.186135 255 191 0
12.1214 9.43796 6.86905 255 191 0
11.2477 31.2025 -1.59862 255 191 0
12.6503 -9.22197 6.50275 255 191 0
8.62557 8.08115 -4.43165 255 191 0
14.7801 37.6826 -1.80606 255 191 0
23.5685 34.6655 -6.33966 255 191 0
6.618 13.0793 -4.83155 255 191 0
8.67091 20.7034 1.58683 255 191 0
4.48563 -9.61826 -0.418189 255 191 0
11.9067 -7.82646 6.99781 255 191 0
18.9263 53.1903 -7.44275 255 191 0
23.7832 40.6648 -6.45913 255 191 0
7.48272 -8.94908 5.3082 255 191 0
20.3643 28.0549 -2.45015 255 191 0
12.413 42.8385 -7.63888 255 191 0
16.8042 55.93 -9.01104 255 191 0
24.0601 33.5093 -6.24086 255 191 0
4.30511 -4.60989 -1.514 255 191 0
14.3806 -16.3214 -13.3956 255 191 0
16.5612 -20.5366 -13.7712 255 191 0
14.9786 -14.8255 -11.5252 255 191 0
22.4953 40.9517 -3.71624 255 191 0
23.9478 36.5433 -7.04996 255 191 0
20.301 -5.0413 8.65561 255 191 0
22.2673 36.8451 -2.04734 255 191 0
12.5816 51.5276 -9.70656 255 191 0
13.4763 15.8043 0.212226 255 191 0
20.0056 16.3315 1.81093 255 191 0
17.4247 -30.1665 -11.0514 255 191 0
12.2311 -15.1621 -13.193 255 191 0
17.8026 52.0159 -9.93501 255 191 0
9.39339 14.8694 -4.39185 255 191 0
19.587 31.1895 0.621392 255 191 0
15.3577 47.5528 -4.90789 255 191 0
16.1217 51.6737 -6.26299 255 191 0
20.2709 52.1026 -7.87131 255 191 0
9.81514 21.4854 2.46308 255 191 0
17.8674 3.65051 9.36057 255 191 0
10.5089 -11.1924 3.38394 255 191 0
23.1599 21.9576 -0.35241 255 191 0
4.91563 5.34344 -1.14971 255 191 0
4.49689 -17.5469 -8.98687 255 191 0
20.7697 22.4091 3.2782 255 191 0
16.1522 36.0511 -1.01086 255 191 0
17.8112 8.45978 4.3405 255 191 0
6.77444 -18.5532 -10.1427 255 191 0
9.09292 -13.3016 0.664271 255 191 0
10.7602 36.7577 -6.38439 255 191 0
11.6788 42.0402 -5.55729 255 191 0
20.8667 2.95866 7.72867 255 191 0
8.27897 -2.07399 -3.58861 255 191 0
20.4395 29.2416 -2.89197 255 191 0
6.27755 -8.9816 3.64925 255 191 0
9.76602 -27.9748 -8.46711 255 191 0
14.3497 35.0147 -4.61367 255 191 0
19.6727 51.8347 -6.82527 255 191 0
22.0714 14.0354 4.97203 255 191 0
9.00192 -15.1097 0.652014 255 191 0
15.0892 33.8724 -4.06111 255 191 0
21.2308 12.6054 6.89803 255 191 0
6.98473 -25.0716 -6.15042 255 191 0
7.43704 17.3159 -2.16357 255 191 0
8.07259 -8.30364 -3.71456 255 191 0
15.0666 -27.7376 -12.6287 255 191 0
22.6669 31.9861 -0.50205 255 191 0
11.9876 -27.6339 -11.9874 255 191 0
8.53373 -12.2732 -0.93166 255 191 0
21.3562 17.6656 5.19034 255 191 0
20.1818 11.0594 6.96907 255 191 0
18.3773 23.6762 3.07968 255 191 0
7.91407 17.5966 -4.62507 255 191 0
18.521 -3.99393 9.59988 255 191 0
3.80195 -8.69244 -9.44006 255 191 0
20.5197 44.3147 -8.15481 255 191 0
7.88278 6.64069 -6.67693 255 191 0
9.43316 0.742611 6.26566 255 191 0
9.90581 -13.9035 3.08921 255 191 0
14.9524 28.787 -2.65085 255 191 0
9.43975 24.2141 -3.11228 255 191 0
18.5316 36.1938 -0.944694 255 191 0
6.23947 -23.9686 -3.81645 255 191 0
10.9588 -2.4823 2.36575 255 191 0
20.9991 46.0479 -5.01632 255 191 0
20.4301 30.1316 0.824615 255 191 0
12.236 7.70043 7.29824 255 191 0
9.98009 -0.487445 6.99767 255 191 0
13.3567 -24.5106 -7.53203 255 191 0
16.9772 21.9895 -0.0113813 255 191 0
3.93421 -22.6156 -4.99276 255 191 0
16.7968 49.9624 -9.00095 255 191 0
5.81818 16.4882 -1.19886 255 191 0
4.11769 -9.99087 -1.56177 255 191 0
17.0837 2.71718 9.09678 255 191 0
22.5151 27.7986 -2.82324 255 191 0
3.53448 -13.5494 -6.76843 255 191 0
13.709 -18.7114 -8.97878 255 191 0
7.28627 15.5755 -4.31181 255 191 0
14.411 52.8557 -9.90203 255 191 0
23.3904 29.3344 0.0606252 255 191 0
14.6027 9.35794 7.57755 255 191 0
9.59695 -10.3138 5.34526 255 191 0
15.2208 4.58751 8.01088 255 191 0
18.4318 -27.732 -12.5885 255 191 0
11.0836 -7.13019 6.88425 255 191 0
22.5836 45.2502 -5.52026 255 191 0
5.0666 -18.5067 -9.29088 255 191 0
20.9386 45.6444 -8.95786 255 191 0
3.65394 -17.791 -6.28021 255 191 0
11.6772 41.5181 -7.34553 255 191 0
11.9172 -12.1098 -9.11999 255 191 0
7.17901 -0.75105 3.77829 255 191 0
10.191 -13.239 -7.3281 255 191 0
13.2598 9.00816 1.67304 255 191 0
19.0893 37.7251 -5.32475 255 191 0
16.0258 23.6946 -0.774184 255 191 0
4.02991 -10.2047 -9.69215 255 191 0
17.5795 22.5708 3.37129 255 191 0
5.59295 -10.8919 2.61237 255 191 0
20.4227 1.42212 8.90684 255 191 0
4.00407 -20.3626 -3.42071 255 191 0
24.4731 34.6724 -3.34689 255 191 0
11.8813 -1.83029 7.4602 255 191 0
9.09975 -0.262557 -1.39375 255 191 0
11.5194 22.673 3.44492 255 191 0
18.0548 10.1465 7.49642 255 191 0
10.0741 -22.5454 -11.7124 255 191 0
22.1857 15.3516 4.67947 255 191 0
14.3577 -16.6417 -9.69008 255 191 0
3.5737 1.94357 -6.14307 255 191 0
10.9732 18.9074 -2.94904 255 191 0
19.6456 35.8699 -0.961754 255 191 0
23.2181 44.9252 -9.43736 255 191 0
13.923 54.958 -10.5713 255 191 0
7.26604 -19.828 -10.2074 255 191 0
14.1445 -14.7351 -9.91796 255 191 0
12.2142 40.3611 -6.94116 255 191 0
10.9306 -15.4469 -13.0738 255 191 0
8.17662 -19.6407 -2.53938 255 191 0
19.8207 30.418 -3.11185 255 191 0
16.3073 -28.3633 -9.97968 255 191 0
8.56224 2.83204 -3.66505 255 191 0
3.67086 -16.0083 -2.91195 255 191 0
15.0797 19.0911 0.305264 255 191 0
13.4516 26.9168 1.77357 255 191 0
8.76484 4.55006 4.82097 255 191 0
12.6538 -31.4794 -8.0973 255 191 0
14.5444 -24.4352 -8.24772 255 191 0
18.2267 -4.89049 8.05212 255 191 0
19.8617 46.5554 -8.67035 255 191 0
8.01764 0.751613 -7.14118 255 191 0
16.3919 29.1992 -2.38772 255 191 0
19.3535 19.7793 0.82467 255 191 0
9.42795 12.9112 3.89813 255 191 0
9.67367 -10.7285 -7.43479 255 191 0
12.7645 -22.1187 -7.6106 255 191 0
9.2761 -15.7807 -12.3974 255 191 0
5.1931 -3.93627 -9.31409 255 191 0
23.711 26.4036 -0.85991 255 191 0
3.54673 -14.7939 -4.08991 255 191 0
17.3363 45.858 -4.22893 255 191 0
3.80013 -7.54211 -3.07756 255 191 0
7.3305 -6.60762 5.00946 255 191 0
22.6158 49.5825 -8.44614 255 191 0
10.1435 27.9809 -3.23531 255 191 0
12.226 -4.72465 7.64847 255 191 0
9.53989 -12.8238 1.82911 255 191 0
12.8496 16.4394 5.60494 255 191 0
10.9036 -19.6247 -12.6563 255 191 0
20.4058 10.763 3.66785 255 191 0
16.8186 -22.3381 -10.5406 255 191 0
10.3049 -6.33953 2.36102 255 191 0
10.2363 9.09197 -1.49424 255 191 0
10.4899 29.9098 -5.95009 255 191 0
8.29238 -16.4452 -2.08802 255 191 0
13.5934 -25.961 -12.6289 255 191 0
20.4913 41.1102 -7.00961 255 191 0
18.1712 -19.4198 -12.5856 255 191 0
18.3893 -30.4208 -11.7287 255 191 0
3.53554 -3.70925 -4.69064 255 191 0
14.5695 -1.19936 5.30682 255 191 0
21.2522 17.8836 1.15332 255 191 0
4.9631 7.91334 -1.42077 255 191 0
19.9678 4.29204 9.54682 255 191 0
3.65617 -14.0361 -3.23211 255 191 0
17.9577 6.92466 8.56234 255 191 0
24.2015 30.2653 -3.57865 255 191 0
12.0256 19.3128 -1.89763 255 191 0
18.6344 44.8844 -7.63139 255 191 0
20.2133 32.1691 -3.82137 255 191 0
20.6999 23.7441 -1.08117 255 191 0
10.3211 20.224 3.14368 255 191 0
16.6072 9.76983 3.5044 255 191 0
17.9132 2.56509 6.02566 255 191 0
3.49739 3.46679 -5.05836 255 191 0
10.4694 11.5334 5.15168 255 191 0
5.57936 10.6569 -0.653134 255 191 0
5.29512 1.31167 0.175984 255 191 0
9.27542 -3.83677 -8.49916 255 191 0
21.804 9.71933 4.36793 255 191 0
15.8321 -28.9011 -8.79763 255 191 0
15.5443 -30.7382 -12.3068 255 191 0
23.5689 25.8321 0.306013 255 191 0
15.2006 -21.8199 -13.4489 255 191 0
5.83129 -21.7924 -9.00603 255 191 0
6.70637 0.461055 2.83287 255 191 0
8.86084 -2.3829 -1.45348 255 191 0
22.6989 42.6252 -8.97663 255 191 0
14.4475 3.0477 7.93149 255 191 0
8.26021 11.4492 2.95638 255 191 0
24.0971 29.056 -3.16241 255 191 0
7.40257 -12.2305 3.69913 255 191 0
12.1397 6.25762 1.08535 255 191 0
17.6327 13.9928 5.92 255 191 0
9.17166 1.83197 -1.79482 255 191 0
21.1036 7.9716 4.41855 255 191 0
3.52389 -9.54064 -7.85209 255 191 0
9.4789 24.4604 -5.95677 255 191 0
10.5563 14.1179 4.68238 255 191 0
22.0748 42.4647 -4.09228 255 191 0
19.4164 40.9345 -6.44238 255 191 0
12.4517 0.956471 7.60244 255 191 0
20.2088 23.3305 3.08589 255 191 0
7.15738 -2.75174 -8.87809 255 191 0
17.1545 30.2505 -2.71375 255 191 0
11.3456 -14.3118 -13.038 255 191 0
9.88772 -14.5132 -12.7709 255 191 0
23.8972 34.8134 -2.235 255 191 0
23.2121 47.9351 -7.1185 255 191 0
10.2774 -7.58648 2.49266 255 191 0
10.2808 -9.49552 5.8452 255 191 0
4.58263 4.41267 -5.57908 255 191 0
16.5288 54.2365 -10.4392 255 191 0
11.0581 35.5569 -3.96744 255 191 0
10.117 12.1277 -2.42769 255 191 0
3.52911 -18.9062 -4.37874 255 191 0
5.41914 8.47717 -4.92347 255 191 0
3.78044 3.06818 -3.95593 255 191 0
11.7922 44.2162 -6.21963 255 191 0
18.9376 48.5885 -8.9721 255 191 0
8.5331 8.96029 3.71027 255 191 0
4.96724 -23.8634 -5.02871 255 191 0
4.96035 -18.2201 -1.19132 255 191 0
7.5527 -20.4836 -1.55429 255 191 0
11.986 -6.59267 7.45244 255 191 0
11.6343 10.3799 -0.171985 255 191 0
10.5616 -20.4377 -6.26251 255 191 0
15.3958 56.4529 -9.03093 255 191 0
23.7772 44.768 -7.45427 255 191 0
6.65987 11.0188 -5.6835 255 191 0
5.26596 5.55767 -5.67992 255 191 0
3.55264 -4.3927 -7.46075 255 191 0
16.1198 6.8829 3.99928 255 191 0
6.04191 -8.89942 -10.8526 255 191 0
8.33044 -22.6999 -2.67929 255 191 0
15.4276 31.8652 -3.40362 255 191 0
10.1225 -4.38152 1.68154 255 191 0
4.39818 -12.1208 -0.315142 255 191 0
9.36634 -5.68819 -9.73923 255 191 0
5.80889 9.71819 -4.92827 255 191 0
17.5864 -18.5352 -11.5081 255 191 0
11.5095 4.46742 7.3171 255 191 0
10.0571 -6.73055 6.70957 255 191 0
7.73175 19.7954 0.801513 255 191 0
13.5758 -21.2365 -13.2775 255 191 0
10.9784 -17.2859 -13.0686 255 191 0
13.3766 -16.9699 -13.5405 255 191 0
11.6664 32.5642 -1.30281 255 191 0
8.15438 8.99546 -6.02173 255 191 0
8.63751 -14.9447 -12.0935 255 191 0
9.62732 -17.1054 -12.3751 255 191 0
4.29869 -13.3499 -9.47809 255 191 0
9.15215 -7.70715 0.284579 255 191 0
16.422 14.4685 6.17085 255 191 0
21.5448 11.1448 3.31358 255 191 0
24.41 32.6237 -3.73392 255 191 0
5.2663 2.27309 -6.65813 255 191 0
15.332 55.8983 -10.8633 255 191 0
4.0165 -1.2655 -2.79648 255 191 0
22.1061 12.0474 3.48874 255 191 0
14.4602 -15.0632 -12.5678 255 191 0
6.7745 -15.323 1.363 255 191 0
12.9659 -29.4332 -6.57485 255 191 0
13.0591 -31.6298 -10.0752 255 191 0
23.3406 23.7209 0.313955 255 191 0
7.52785 -24.2237 -9.70469 255 191 0
7.54084 12.7632 -6.24473 255 191 0
22.2317 35.7287 -5.96748 255 191 0
17.4311 -3.22105 9.28655 255 191 0
8.17846 -5.59514 -5.72033 255 191 0
18.4401 47.2558 -8.36547 255 191 0
11.9879 39.116 -6.71905 255 191 0
22.5291 21.068 -0.767499 255 191 0
9.87115 -8.84938 -8.11647 255 191 0
13.2799 6.29064 2.12507 255 191 0
11.7642 43.0992 -5.86008 255 191 0
9.65741 11.5238 4.40458 255 191 0
23.8405 43.8501 -6.68405 255 191 0
8.71789 -1.9078 5.96694 255 191 0
4.39128 -18.85 -8.3774 255 191 0
5.24536 3.02002 -0.153446 255 191 0
17.0576 52.563 -6.58184 255 191 0
10.4886 8.67446 5.7357 255 191 0
14.1825 -13.6301 -11.3279 255 191 0
4.62527 -2.59058 -8.22692 255 191 0
3.68731 -7.52266 -9.16494 255 191 0
14.3792 -3.41607 8.55682 255 191 0
13.3999 -28.5777 -12.2947 255 191 0
9.22445 5.77846 5.08365 255 191 0
16.8579 -26.0262 -10.9637 255 191 0
23.9544 41.3015 -5.32929 255 191 0
6.44144 2.03401 2.15405 255 191 0
9.8616 -8.81858 -11.0658 255 191 0
12.2629 40.4627 -3.12704 255 191 0
10.4029 -19.3084 -6.2482 255 191 0
20.2167 37.0913 -5.48342 255 191 0
23.8716 37.7029 -7.38863 255 191 0
3.4356 -10.1469 -6.48316 255 191 0
8.43616 -4.90328 -1.88811 255 191 0
12.4457 8.06043 1.02038 255 191 0
11.232 1.39478 7.32469 255 191 0
17.068 24.2546 -0.704429 255 191 0
15.6894 52.0952 -9.62353 255 191 0
15.6451 -4.88912 6.85565 255 191 0
12.9761 45.3194 -4.45356 255 191 0
8.1199 -17.099 -11.2142 255 191 0
22.8782 42.9845 -4.76032 255 191 0
8.34047 -0.973798 -3.58966 255 191 0
20.1492 3.41364 6.02859 255 191 0
16.9673 5.97153 8.49605 255 191 0
6.6028 -23.5588 -9.22258 255 191 0
18.7263 49.6981 -5.74144 255 191 0
8.68624 19.8898 -4.08969 255 191 0
8.71481 0.31135 -2.55208 255 191 0
11.4538 -0.74255 7.35338 255 191 0
10.9532 38.6837 -6.40838 255 191 0
18.7505 37.1818 -1.30379 255 191 0
18.5213 -29.4257 -12.2218 255 191 0
12.3161 14.2592 -0.421474 255 191 0
9.4624 -12.9926 -6.52578 255 191 0
10.3313 -12.5403 3.30297 255 191 0
15.3775 11.7654 7.17387 255 191 0
23.8781 42.7698 -6.2218 255 191 0
8.92634 5.38667 -3.22334 255 191 0
16.4949 -17.675 -10.0124 255 191 0
23.4651 23.6371 -1.04083 255 191 0
11.8193 -1.37709 2.84278 255 191 0
5.54954 -15.0677 1.37242 255 191 0
5.09939 -10.8171 1.44413 255 191 0
8.16104 -3.59387 -3.74031 255 191 0
19.0376 24.0091 -0.798216 255 191 0
19.889 7.56377 4.69875 255 191 0
13.3959 40.1785 -6.47512 255 191 0
17.529 21.5085 3.70638 255 191 0
8.83546 -7.00267 -0.604438 255 191 0
24.3874 35.7457 -4.6282 255 191 0
11.8519 3.2621 1.67106 255 191 0
20.9123 37.8017 -6.02066 255 191 0
12.7698 -5.49773 4.88997 255 191 0
10.4279 23.7789 -4.62226 255 191 0
21.7939 33.9226 -0.839103 255 191 0
19.3221 39.6583 -2.22236 255 191 0
13.4801 -33.0166 -9.44005 255 191 0
3.54481 2.34146 -4.81298 255 191 0
24.2932 36.2667 -5.98896 255 191 0
5.28504 -6.65911 -10.1709 255 191 0
3.57309 -15.0293 -6.60822 255 191 0
11.2984 -23.3503 -6.41923 255 191 0
13.8237 17.8318 -0.0616427 255 191 0
12.0897 45.1841 -5.84694 255 191 0
10.5366 26.4806 -1.27055 255 191 0
10.7867 14.5902 -2.18617 255 191 0
16.3354 -25.184 -9.33064 255 191 0
21.7927 44.4319 -9.00905 255 191 0
9.60471 17.1751 3.19484 255 191 0
18.3817 17.2122 1.65792 255 191 0
15.2648 31.6066 0.231025 255 191 0
12.5499 22.3481 3.37869 255 191 0
3.61124 0.775559 -5.80538 255 191 0
10.9037 24.8715 0.1662 255 191 0
4.99594 -0.292292 -0.257412 255 191 0
17.2905 5.26531 5.04081 255 191 0
6.30988 -4.06108 -9.76753 255 191 0
4.43522 -10.8211 -0.40122 255 191 0
16.9861 35.108 -0.622204 255 191 0
16.0911 21.6399 3.3957 255 191 0
20.1364 1.53464 6.60424 255 191 0
14.871 41.6325 -6.62612 255 191 0
8.5232 -13.1916 3.38869 255 191 0
13.1555 5.27523 2.50533 255 191 0
20.8104 26.4525 1.97832 255 191 0
18.695 13.7399 6.15164 255 191 0
4.01396 2.20134 -3.10273 255 191 0
22.2782 14.5779 3.71188 255 191 0
13.0445 32.9436 -4.63969 255 191 0
15.4628 32.6759 -0.0511606 255 191 0
20.6961 47.2186 -5.35936 255 191 0
15.8395 -22.6753 -8.94907 255 191 0
13.314 7.18743 7.46343 255 191 0
14.5519 27.3123 1.36312 255 191 0
15.0879 50.9609 -9.24473 255 191 0
5.5529 -0.29633 0.917877 255 191 0
12.3659 18.4198 -1.38723 255 191 0
11.4136 -3.9566 7.3881 255 191 0
16.7194 12.39 2.80611 255 191 0
6.34157 14.9156 -2.64056 255 191 0
6.80145 -4.97119 3.90892 255 191 0
3.98705 7.65926 -4.39315 255 191 0
21.0607 4.18882 5.77851 255 191 0
15.4055 39.6852 -2.30864 255 191 0
18.8689 16.5598 5.31411 255 191 0
15.8606 34.98 -0.712616 255 191 0
15.1752 6.43631 3.52615 255 191 0
10.4707 -22.4007 -5.83797 255 191 0
9.94328 -12.014 -12.4822 255 191 0
9.36852 -1.74488 -0.502307 255 191 0
14.9349 -25.1525 -12.9352 255 191 0
3.89011 -11.703 -2.33445 255 191 0
13.1579 6.07897 7.39845 255 191 0
7.94339 2.98745 -6.39548 255 191 0
14.8812 40.8509 -2.78849 255 191 0
14.9605 47.2306 -8.23556 255 191 0
11.3267 27.6055 -4.51918 255 191 0
14.3322 0.72226 8.17935 255 191 0
20.9376 13.5897 6.41223 255 191 0
15.3544 53.39 -10.0563 255 191 0
17.4147 27.1149 1.94235 255 191 0
15.8257 -19.1363 -13.8852 255 191 0
11.5611 -4.98557 3.72246 255 191 0
23.6722 36.7366 -2.8063 255 191 0
21.3701 6.45268 5.94384 255 191 0
11.8937 -14.2346 -8.64654 255 191 0
7.00833 5.5798 2.41188 255 191 0
8.16292 -8.85913 -2.71214 255 191 0
4.56854 -16.4251 -9.2984 255 191 0
20.2154 51.794 -8.97954 255 191 0
12.0913 -11.221 -11.3137 255 191 0
15.8054 30.1279 -2.79711 255 191 0
24.3621 32.9275 -2.28209 255 191 0
16.0026 -27.197 -12.7578 255 191 0
14.2915 54.8331 -7.52322 255 191 0
9.01825 7.71914 4.49256 255 191 0
18.0086 20.5877 0.5696 255 191 0
10.7699 19.1204 3.72744 255 191 0
5.29867 -23.9747 -8.14926 255 191 0
10.8294 6.48788 6.46398 255 191 0
14.1885 25.8937 2.05446 255 191 0
7.84106 -1.63771 4.82107 255 191 0
19.966 17.5498 4.96156 255 191 0
14.8607 30.8149 -3.27243 255 191 0
8.25165 3.3546 -4.72245 255 191 0
5.12764 9.581 -1.35619 255 191 0
11.9435 47.1034 -8.54908 255 191 0
13.6753 -19.9237 -8.75278 255 191 0
18.0881 27.3906 -1.78093 255 191 0
19.8042 43.2299 -3.57677 255 191 0
6.12077 -12.3403 3.23771 255 191 0
16.1482 16.2353 1.51703 255 191 0
23.0563 22.577 -1.5713 255 191 0
15.9875 23.8914 2.69591 255 191 0
10.0551 20.6734 -4.44519 255 191 0
5.14509 -8.38455 1.20031 255 191 0
9.71323 -4.84519 -9.00951 255 191 0
16.4589 15.5426 5.70553 255 191 0
30.3671 4.87004 -4.91255 0 166 255
30.8179 7.14187 -1.35365 0 166 255
31.3356 -8.52682 -1.09561 0 166 255
31.1374 -63.9125 7.81779 0 166 255
27.8443 -63.8692 -5.7883 0 166 255
29.5783 4.52763 5.23018 0 166 255
24.1141 -50.1566 -11.0433 0 166 255
29.6574 -6.53627 -6.55939 0 166 255
27.1294 -23.0728 3.23035 0 166 255
21.3484 9.66331 10.4818 0 166 255
25.9838 5.4359 -1.86665 0 166 255
23.7039 -25.9565 9.17333 0 166 255
22.5427 -8.21008 -8.10709 0 166 255
13.9807 -43.9848 15.4786 0 166 255
23.4227 13.2649 9.61634 0 166 255
30.0627 -4.95302 6.20727 0 166 255
26.0954 -81.1684 9.33887 0 166 255
12.3956 -76.2512 15.2924 0 166 255
31.6661 -23.9118 1.76449 0 166 255
31.8378 -35.9758 2.9049 0 166 255
25.8648 22.0157 6.28438 0 166 255
17.051 -73.935 17.3989 0 166 255
31.5955 -69.4425 4.59493 0 166 255
24.1499 -12.0077 6.84185 0 166 255
29.0911 -28.638 11.0554 0 166 255
29.7212 -4.81862 -6.58015 0 166 255
26.7392 -74.6457 15.9293 0 166 255
23.2161 -54.9698 -6.44161 0 166 255
30.1249 21.1988 -1.20188 0 166 255
30.6388 -7.81193 5.32112 0 166 255
25.8447 8.14292 -1.09996 0 166 255
27.0316 -4.0335 10.0763 0 166 255
28.7833 4.75387 6.52942 0 166 255
26.5205 6.26995 -7.22726 0 166 255
20.408 -77.013 18.3057 0 166 255
26.0981 -33.1877 -10.1116 0 166 255
17.0546 -36.1749 16.4711 0 166 255
31.4346 -8.4547 1.9479 0 166 255
18.729 -45.7107 -8.85682 0 166 255
18.9143 -48.0148 -8.88565 0 166 255
27.9085 -37.6272 13.1354 0 166 255
31.1673 -49.885 8.18911 0 166 255
21.3753 -40.0414 11.8902 0 166 255
29.4731 -75.8401 12.3509 0 166 255
31.3628 -59.1664 -0.692731 0 166 255
29.1378 -61.7588 12.7291 0 166 255
29.5027 -45.7666 11.7551 0 166 255
17.1557 -30.8291 -9.13894 0 166 255
20.9767 -53.4825 17.5461 0 166 255
26.5938 -7.72253 1.45398 0 166 255
26.3766 -10.8304 -8.44509 0 166 255
26.1511 -47.5733 15.2534 0 166 255
23.3954 -36.5825 15.9324 0 166 255
28.5439 -24.1238 11.2685 0 166 255
30.163 -31.0269 -4.46533 0 166 255
31.6714 -55.4323 1.67009 0 166 255
31.5445 -66.4775 1.28636 0 166 255
24.3728 -67.0645 10.063 0 166 255
28.6068 -51.9865 -7.11282 0 166 255
29.8707 -35.5384 -5.10295 0 166 255
29.7795 -67.9366 -2.40818 0 166 255
26.8157 -44.4234 -9.15561 0 166 255
13.2445 -46.7435 14.9772 0 166 255
18.7914 -35.7774 11.9657 0 166 255
30.2779 -12.6142 6.99803 0 166 255
14.5113 -68.6504 11.0666 0 166 255
31.5748 -59.6985 5.67368 0 166 255
30.1892 -24.7332 -4.43158 0 166 255
22.0721 -53.7992 11.932 0 166 255
28.1664 -67.1331 -2.237 0 166 255
18.0964 -23.1909 -9.21739 0 166 255
26.3001 -22.0679 -10.5423 0 166 255
27.1417 -65.0694 1.35075 0 166 255
16.6297 -59.5681 11.3116 0 166 255
30.7534 -56.0161 9.4983 0 166 255
12.944 -60.6623 14.8689 0 166 255
26.3076 -79.719 8.49325 0 166 255
24.7389 15.4622 0.0545745 0 166 255
30.4548 0.0259399 4.21672 0 166 255
27.1767 -66.1705 3.91565 0 166 255
20.2868 -34.4799 -12.398 0 166 255
16.1066 -78.0128 16.8911 0 166 255
31.7482 -27.5372 3.41467 0 166 255
26.3499 -8.4263 2.83037 0 166 255
24.3346 -41.961 -5.09219 0 166 255
20.8891 -15.8024 -8.78855 0 166 255
22.5402 3.67426 11.4976 0 166 255
14.0619 -45.5292 13.3549 0 166 255
19.0743 -18.3587 15.0411 0 166 255
22.0805 -61.9385 11.8579 0 166 255
28.3073 24.2915 2.7526 0 166 255
20.1338 -49.9148 12.6034 0 166 255
30.5071 15.7973 -2.36286 0 166 255
31.4262 -33.5983 -0.422879 0 166 255
25.4959 -17.2008 -10.1577 0 166 255
29.9594 -26.3395 -4.95825 0 166 255
29.9753 -56.7375 11.2911 0 166 255
23.4843 -52.6548 16.9519 0 166 255
24.9651 -22.9677 -4.66517 0 166 255
26.183 -0.209972 0.919208 0 166 255
25.517 14.833 -3.00639 0 166 255
23.7407 11.7857 2.38318 0 166 255
18.5121 -40.6001 12.0884 0 166 255
21.1467 -79.6029 16.0111 0 166 255
16.5264 -40.2939 11.7418 0 166 255
22.3389 20.7809 6.2775 0 166 255
17.6554 -50.3615 17.0387 0 166 255
20.0406 -38.8985 -12.5759 0 166 255
28.8968 -81.6518 9.03079 0 166 255
23.6138 3.32478 4.67978 0 166 255
30.4381 16.5655 -1.11119 0 166 255
25.4303 4.43827 -4.85733 0 166 255
26.4443 -41.5353 14.6699 0 166 255
23.0762 -23.8737 -6.82178 0 166 255
31.2083 -11.4874 -1.7587 0 166 255
18.8135 -15.7037 -9.75993 0 166 255
26.8664 -38.3198 -0.517786 0 166 255
22.876 -24.4322 -11.9424 0 166 255
27.2357 -57.3888 3.22295 0 166 255
31.0891 -34.9267 -1.80927 0 166 255
24.906 -13.4349 12.8748 0 166 255
31.2876 -45.3271 -0.743956 0 166 255
22.4326 25.9379 2.20109 0 166 255
22.6657 -49.9673 -6.84205 0 166 255
26.704 -39.1318 14.3049 0 166 255
25.0307 8.56273 1.70444 0 166 255
17.6507 -47.1281 -9.14671 0 166 255
17.929 -61.2211 17.2593 0 166 255
31.3979 -57.4508 -0.421511 0 166 255
27.8826 -43.2393 -8.06227 0 166 255
23.9478 -44.1057 -5.52027 0 166 255
22.3077 -25.3453 9.95601 0 166 255
26.4174 -9.81791 11.4222 0 166 255
25.339 -83.5518 11.7277 0 166 255
29.5212 4.76379 -7.24162 0 166 255
21.4142 -75.0275 18.2094 0 166 255
22.8615 -48.7131 16.9884 0 166 255
28.9541 -5.18189 -7.88408 0 166 255
27.6701 -6.19281 -7.97384 0 166 255
26.1156 -12.5881 -8.81987 0 166 255
23.5257 -29.2852 9.75637 0 166 255
24.5545 -44.9231 9.90648 0 166 255
26.4059 -10.4441 -0.679374 0 166 255
21.9668 -30.5939 15.868 0 166 255
14.0266 -77.6812 12.8441 0 166 255
20.4334 -19.9808 -8.67888 0 166 255
19.657 -59.0792 17.6063 0 166 255
30.6482 -72.962 1.97405 0 166 255
25.2068 -59.1308 16.4187 0 166 255
22.6653 -17.3427 8.66726 0 166 255
24.8005 -62.4792 16.7494 0 166 255
28.069 -23.6204 -8.53068 0 166 255
19.2288 -6.68767 11.6877 0 166 255
24.3224 -44.0079 16.0847 0 166 255
29.4702 -34.19 -5.89702 0 166 255
27.8558 9.43682 6.90746 0 166 255
20.9977 -51.277 12.3758 0 166 255
26.5295 -27.9384 6.12164 0 166 255
23.6224 -13.3548 7.56553 0 166 255
23.7459 -35.0536 -5.77338 0 166 255
17.9175 -49.3202 12.106 0 166 255
22.8432 -10.8488 7.76484 0 166 255
28.8182 -31.4342 -7.06515 0 166 255
13.3124 -61.4875 12.2983 0 166 255
26.577 -64.7052 -4.21886 0 166 255
30.5149 -61.1494 9.92647 0 166 255
24.3741 26.0351 1.996 0 166 255
25.171 0.710827 -5.39229 0 166 255
26.5897 -79.7952 15.9092 0 166 255
31.7919 -33.8992 2.22719 0 166 255
20.1194 -45.1741 -8.2445 0 166 255
22.2979 -35.765 10.9754 0 166 255
26.5503 -11.1447 0.716695 0 166 255
27.0564 -54.5719 0.23863 0 166 255
13.708 -70.4109 12.6455 0 166 255
31.0093 -44.9532 -2.30063 0 166 255
30.0198 -61.7928 -5.04007 0 166 255
31.8071 -39.3323 3.45698 0 166 255
26.9813 -29.7099 13.3295 0 166 255
24.2696 21.0265 -0.0824256 0 166 255
19.5025 -26.1553 -11.9103 0 166 255
27.3603 24.927 1.4395 0 166 255
17.9054 -27.6614 11.2549 0 166 255
31.4413 -63.5992 -0.0573626 0 166 255
20.0498 -37.9794 -8.16952 0 166 255
30.0369 -75.6901 4.8152 0 166 255
25.0834 -14.9617 -4.28458 0 166 255
25.1419 -63.5088 9.13222 0 166 255
27.2786 -29.9684 2.18826 0 166 255
27.2336 -39.1353 1.20429 0 166 255
26.9142 -67.4902 -0.629874 0 166 255
28.5517 -36.3964 12.3991 0 166 255
16.2501 -60.952 16.6732 0 166 255
26.7589 -25.5235 5.11359 0 166 255
18.2736 -51.6919 -11.1301 0 166 255
28.4605 -63.5612 13.6976 0 166 255
19.7039 -28.0742 11.3126 0 166 255
30.9297 -12.4669 5.27847 0 166 255
26.3973 -47.453 -1.45409 0 166 255
30.9673 -67.4495 8.35759 0 166 255
14.0783 -57.7245 15.4368 0 166 255
27.2794 -54.213 2.82194 0 166 255
29.3705 -71.7408 1.35882 0 166 255
18.9667 -12.1162 11.0535 0 166 255
29.4533 -69.4068 -1.08881 0 166 255
26.1328 20.5892 -3.52119 0 166 255
19.2742 -78.909 13.1962 0 166 255
25.6426 1.38754 -4.19974 0 166 255
31.5871 -52.203 0.887364 0 166 255
29.7936 20.8355 0.322082 0 166 255
13.4353 -62.3941 15.3149 0 166 255
22.5156 -46.9398 16.9978 0 166 255
30.6545 -0.50491 -3.77284 0 166 255
31.6056 -61.7325 4.79285 0 166 255
31.1528 -58.0755 8.0756 0 166 255
21.7316 -44.8619 12.0234 0 166 255
23.8202 15.2254 9.06249 0 166 255
30.0992 -19.6904 8.40522 0 166 255
24.4785 -79.7097 15.3859 0 166 255
21.5858 -44.3434 -12.1579 0 166 255
22.0681 11.6184 8.58895 0 166 255
17.3698 -77.0748 17.6627 0 166 255
31.2112 -40.449 -1.40167 0 166 255
30.2356 16.029 -5.17742 0 166 255
24.2418 25.7122 6.69079 0 166 255
21.426 -71.2929 18.0276 0 166 255
26.2197 -6.38137 11.0677 0 166 255
13.6902 -37.5951 14.1604 0 166 255
26.2636 -67.0965 15.9726 0 166 255
14.1964 -49.3058 13.7545 0 166 255
21.5977 -44.5397 -7.44071 0 166 255
25.3344 -35.8292 8.70807 0 166 255
24.3186 -4.93355 -8.96539 0 166 255
30.6455 0.995876 -3.8625 0 166 255
31.767 -43.1815 3.31263 0 166 255
23.7398 -9.7132 6.83923 0 166 255
29.3006 -39.4214 11.6837 0 166 255
20.2673 -31.6661 11.5577 0 166 255
25.4694 8.20598 -7.00716 0 166 255
25.4777 -63.0459 -4.13467 0 166 255
29.6806 -65.1821 -5.24778 0 166 255
31.6184 -49.4917 1.22721 0 166 255
20.6338 -3.34112 12.9948 0 166 255
30.9584 -47.0492 8.88976 0 166 255
30.3056 -44.5368 -4.21213 0 166 255
21.1709 -27.3919 -12.1935 0 166 255
28.4973 18.2492 3.999 0 166 255
31.2212 -43.3625 -1.31668 0 166 255
21.1199 -42.0655 16.9841 0 166 255
24.7611 -29.9873 14.7808 0 166 255
14.0942 -47.3746 13.4686 0 166 255
13.7538 -54.1293 14.6546 0 166 255
11.9348 -72.4358 14.637 0 166 255
30.6814 7.00719 -3.51664 0 166 255
23.2177 -44.5497 -11.4928 0 166 255
23.445 -38.5474 -11.5067 0 166 255
26.2896 -16.522 -1.70226 0 166 255
19.3282 0.960144 12.1748 0 166 255
30.7245 6.07367 1.37997 0 166 255
28.9483 -7.94166 -7.66672 0 166 255
28.0094 -42.0678 13.3618 0 166 255
27.5283 2.84608 8.51101 0 166 255
19.3073 -25.1723 15.764 0 166 255
24.0703 -0.737122 -7.06703 0 166 255
21.7265 -37.9058 16.5667 0 166 255
13.9755 -64.4772 15.7132 0 166 255
24.4169 -27.9025 -5.38523 0 166 255
27.3782 -49.282 2.55453 0 166 255
27.0356 -20.7947 2.32543 0 166 255
12.7674 -78.6057 15.2365 0 166 255
23.0594 -51.0259 17.0222 0 166 255
19.4966 -47.2408 12.4634 0 166 255
26.8037 -53.1025 -0.493735 0 166 255
31.0362 2.81596 -1.97603 0 166 255
24.2968 -16.3964 -5.49464 0 166 255
23.3897 -33.0758 -11.7265 0 166 255
14.3329 -73.8202 12.0146 0 166 255
19.6017 -52.965 17.5027 0 166 255
22.2633 -52.0456 -7.15119 0 166 255
27.2709 -49.7349 14.4506 0 166 255
28.7199 -74.6658 4.37399 0 166 255
14.2178 -79.7855 12.2416 0 166 255
30.2222 12.6422 -5.57909 0 166 255
31.5636 -63.312 5.1924 0 166 255
19.9724 -9.39329 13.8779 0 166 255
20.5396 -42.7891 -12.52 0 166 255
19.5536 -63.4188 12.3907 0 166 255
24.1104 -64.2264 10.2731 0 166 255
31.5243 -75.1571 5.57276 0 166 255
27.2202 -4.51505 -7.97657 0 166 255
13.4229 -49.7354 15.2386 0 166 255
30.7307 8.47218 -2.93667 0 166 255
19.6816 -12.6036 9.38986 0 166 255
27.3448 -35.5288 2.73499 0 166 255
24.7874 12.9724 8.90399 0 166 255
23.8327 -42.6012 -11.2327 0 166 255
26.253 -61.9092 -2.33759 0 166 255
16.4156 -17.933 14.4489 0 166 255
31.7365 -38.4856 1.42549 0 166 255
26.2288 -73.4208 7.71727 0 166 255
30.8418 -57.2726 -2.89159 0 166 255
24.2396 -39.1657 15.7665 0 166 255
22.8567 6.06605 4.52692 0 166 255
21.1266 -17.4711 -10.7707 0 166 255
25.8504 -5.05219 3.00776 0 166 255
26.0429 26.239 2.32758 0 166 255
30.555 -34.3388 -3.4747 0 166 255
29.0209 6.64033 5.78385 0 166 255
26.1444 1.18732 -2.03821 0 166 255
26.2879 -39.6518 -9.71799 0 166 255
26.6225 -71.3355 6.36841 0 166 255
24.0482 -5.41286 12.2142 0 166 255
14.3534 -33.6895 15.4182 0 166 255
31.3889 -6.21083 -0.634885 0 166 255
31.2248 -26.333 -1.32834 0 166 255
26.4405 -4.10602 -0.171782 0 166 255
24.2648 25.4658 3.8973 0 166 255
25.2651 -61.0582 -6.86592 0 166 255
26.8178 -14.1788 2.2543 0 166 255
16.0857 -21.9623 14.0363 0 166 255
26.8945 -83.7594 11.4639 0 166 255
22.3087 17.593 7.22058 0 166 255
24.8658 0.284752 -8.28645 0 166 255
31.5008 -44.022 0.0644674 0 166 255
29.3792 1.91372 6.09121 0 166 255
30.0444 -74.2487 11.0644 0 166 255
31.3258 -76.3891 6.7717 0 166 255
18.0101 -59.0309 17.244 0 166 255
31.6138 -62.5084 1.97948 0 166 255
27.325 21.5521 4.89623 0 166 255
31.6796 -58.4977 2.74004 0 166 255
21.3585 -47.74 12.2436 0 166 255
27.8578 -45.1084 -8.06867 0 166 255
26.2318 -45.6726 -1.88598 0 166 255
18.7164 -68.8434 12.5545 0 166 255
19.9796 -41.1745 12.1635 0 166 255
12.7273 -44.6615 14.3832 0 166 255
16.2881 -29.3707 15.8466 0 166 255
18.9138 -2.05834 12.475 0 166 255
29.1991 19.5092 2.33642 0 166 255
15.8764 -75.7512 17.0217 0 166 255
26.8542 -60.8776 -0.328326 0 166 255
29.6418 -16.5607 8.8249 0 166 255
30.7421 -50.9611 9.50544 0 166 255
22.2517 4.69287 5.30861 0 166 255
24.4496 -26.5946 14.6283 0 166 255
27.8874 11.373 6.45318 0 166 255
30.1226 -29.3596 9.54705 0 166 255
22.9996 -79.2892 11.7988 0 166 255
28.6594 -55.8782 -7.09402 0 166 255
25.302 2.00893 2.95027 0 166 255
25.5171 -6.25349 4.30506 0 166 255
31.6329 -36.7286 5.54447 0 166 255
28.2137 -0.397083 8.30963 0 166 255
23.5148 -18.304 14.1276 0 166 255
27.9353 -8.84055 -8.81685 0 166 255
16.6466 -51.6933 16.7012 0 166 255
25.0857 0.0137291 3.73736 0 166 255
20.0881 -20.773 15.2316 0 166 255
31.0433 -55.7945 -2.13413 0 166 255
27.1898 -24.8473 -9.56393 0 166 255
29.9928 -81.2842 11.411 0 166 255
16.3474 -50.8412 -11.9366 0 166 255
17.2671 -14.1433 13.8354 0 166 255
26.132 3.51461 -1.4474 0 166 255
20.1629 2.35939 10.7995 0 166 255
23.0765 -66.9671 17.5847 0 166 255
31.1687 -69.0188 7.43783 0 166 255
29.8869 -32.8431 -5.04102 0 166 255
25.4208 4.89364 9.86297 0 166 255
21.9213 -60.3212 11.8883 0 166 255
31.8081 -33.5545 3.92592 0 166 255
15.0426 -65.8127 10.6626 0 166 255
24.8834 -65.4801 9.40896 0 166 255
30.7701 -73.5518 9.01979 0 166 255
31.218 -0.600643 0.0223966 0 166 255
27.3715 -8.00395 10.3763 0 166 255
25.7044 4.94853 1.16895 0 166 255
25.7475 -15.29 -2.96218 0 166 255
18.9836 -54.5442 17.4258 0 166 255
28.7507 -54.4551 13.1434 0 166 255
16.9545 -41.8908 11.8473 0 166 255
31.4024 -11.5064 3.13443 0 166 255
29.638 -73.8489 3.22659 0 166 255
20.5649 -4.34841 7.87381 0 166 255
19.9872 -1.18181 10.9317 0 166 255
17.5222 -12.3445 13.7373 0 166 255
25.8178 -13.523 -2.90836 0 166 255
24.255 -28.5605 -11.5461 0 166 255
19.6662 -38.7743 16.9348 0 166 255
24.006 -68.2198 17.3215 0 166 255
19.1288 -21.4555 -8.98195 0 166 255
15.223 -62.0862 16.2676 0 166 255
20.3807 -20.6583 10.3049 0 166 255
24.8564 -22.1228 -11.2683 0 166 255
26.7078 24.7885 4.8273 0 166 255
31.1159 -22.9629 -1.58527 0 166 255
27.1796 -69.7599 3.73056 0 166 255
28.5175 -31.8242 12.0544 0 166 255
25.6433 -42.216 8.4237 0 166 255
30.0306 -78.128 11.2278 0 166 255
27.3823 -31.6848 3.43559 0 166 255
31.6256 -63.8478 3.1811 0 166 255
27.0156 -29.0128 0.361586 0 166 255
31.6228 -19.1237 0.721048 0 166 255
24.1094 -56.0983 10.3011 0 166 255
25.6667 17.9402 7.30714 0 166 255
31.2871 -30.0829 6.75366 0 166 255
31.2693 -68.6566 -1.15368 0 166 255
26.5756 -44.4191 14.7582 0 166 255
27.2774 -40.5879 2.01865 0 166 255
16.9617 -47.099 16.7515 0 166 255
29.6246 -49.3698 11.7779 0 166 255
17.7751 -10.8733 14.0558 0 166 255
30.5758 -63.6581 9.75711 0 166 255
26.3617 -1.23053 -0.518461 0 166 255
22.1473 8.80199 6.50029 0 166 255
27.2908 -69.9782 0.999482 0 166 255
26.6805 -8.87412 0.284997 0 166 255
26.604 -19.4693 -1.08759 0 166 255
18.493 -35.1573 -11.5863 0 166 255
25.9876 -47.7976 8.0536 0 166 255
29.1639 23.9792 1.02069 0 166 255
25.9738 -18.7999 5.68467 0 166 255
16.8229 -57.8082 11.3394 0 166 255
24.5562 -41.8809 15.811 0 166 255
23.3791 -32.0785 -6.17733 0 166 255
24.4441 -54.5198 -10.883 0 166 255
29.567 -64.1136 12.0345 0 166 255
24.8087 -19.7961 13.7249 0 166 255
20.7054 -58.0031 17.6615 0 166 255
27.2703 -29.6095 3.78056 0 166 255
24.4587 -30.2224 9.12624 0 166 255
25.7421 -8.26691 -3.35633 0 166 255
30.7868 -71.7993 8.96893 0 166 255
24.3199 -18.8437 -5.55814 0 166 255
26.9227 -36.4909 -0.135268 0 166 255
16.5479 -72.1186 11.9725 0 166 255
31.1428 -66.3595 -1.86514 0 166 255
26.6388 5.47277 8.83207 0 166 255
26.5849 -62.3717 6.24084 0 166 255
20.7803 -19.02 9.94365 0 166 255
18.8351 -8.2648 12.2563 0 166 255
25.8908 -28.3421 -10.5071 0 166 255
30.1686 -42.4399 10.4615 0 166 255
22.7108 26.548 3.95337 0 166 255
22.8925 -28.1021 -6.88121 0 166 255
25.1492 -11.5751 5.67673 0 166 255
22.4617 -40.3551 -6.80244 0 166 255
29.1372 -60.2507 12.6913 0 166 255
30.2759 10.1393 2.1049 0 166 255
19.6108 -56.7776 12.3706 0 166 255
22.6555 10.1088 4.32573 0 166 255
19.6023 -39.5365 12.1247 0 166 255
28.3306 -49.2687 13.4635 0 166 255
19.8837 -49.8684 -8.48586 0 166 255
23.1627 -0.414776 11.8773 0 166 255
30.7742 -25.8423 7.79019 0 166 255
21.8125 -46.2505 -7.28664 0 166 255
29.1927 -44.1842 12.1491 0 166 255
23.8897 17.5579 1.12053 0 166 255
22.3035 19.4215 7.15737 0 166 255
24.5431 -57.8402 9.82926 0 166 255
21.6646 -76.6461 12.3809 0 166 255
27.5341 -22.015 -9.32367 0 166 255
31.6534 -58.571 4.68375 0 166 255
27.7609 7.2303 -7.0026 0 166 255
22.126 -35.3644 -12.1101 0 166 255
29.9407 -23.2756 -4.92743 0 166 255
27.1789 -26.94 1.3851 0 166 255
16.9718 -28.7301 12.137 0 166 255
27.3298 -29.7473 -9.16087 0 166 255
25.6482 -45.0684 8.50675 0 166 255
27.1499 -63.4533 1.66048 0 166 255
28.2065 -38.333 -7.7727 0 166 255
25.5333 -61.2947 -3.84859 0 166 255
22.1238 -22.8106 15.0833 0 166 255
16.4634 -42.0986 -10.8935 0 166 255
18.4486 -23.4097 15.5927 0 166 255
23.6872 -50.7718 -5.8532 0 166 255
25.8647 -7.99434 11.552 0 166 255
26.1191 11.2845 -6.59064 0 166 255
25.1281 -4.08101 -5.12319 0 166 255
17.0399 -47.4476 11.7326 0 166 255
23.3883 -9.13463 -9.48475 0 166 255
25.6721 -0.172726 -4.12823 0 166 255
27.1948 -24.8133 2.21443 0 166 255
25.4064 -31.7094 -10.6908 0 166 255
22.4049 -12.0675 -9.92023 0 166 255
26.5361 14.569 7.22068 0 166 255
26.4434 -41.5381 -1.52461 0 166 255
12.5122 -48.1536 14.229 0 166 255
30.8912 -30.1755 -2.51013 0 166 255
27.1207 -61.3596 1.07902 0 166 255
25.6204 25.2139 0.309202 0 166 255
21.383 -11.8599 8.7116 0 166 255
27.7455 -28.6037 12.5545 0 166 255
24.7779 12.2167 0.866477 0 166 255
15.2065 -68.2779 16.413 0 166 255
22.7346 -65.252 11.5581 0 166 255
17.3666 -72.1345 17.4352 0 166 255
25.5023 -38.3268 15.0713 0 166 255
26.2771 -48.5632 -9.5939 0 166 255
18.4862 -80.3212 13.4973 0 166 255
24.6 -2.90865 11.5662 0 166 255
27.5753 -10.9091 10.6197 0 166 255
15.1316 -54.5288 10.8813 0 166 255
31.6567 -23.6106 3.56982 0 166 255
23.163 -6.99621 12.798 0 166 255
17.6893 -78.3331 12.8165 0 166 255
27.531 -5.83862 9.88381 0 166 255
26.9919 -63.9753 15.2697 0 166 255
31.4612 -67.8525 0.260454 0 166 255
28.085 -39.1519 13.0782 0 166 255
31.3725 -3.47298 0.0362678 0 166 255
29.5171 -6.6269 7.44493 0 166 255
17.0486 -43.775 16.7129 0 166 255
27.2007 -46.0326 1.18282 0 166 255
31.5711 -27.65 0.448495 0 166 255
12.3553 -60.7701 13.1766 0 166 255
31.7215 -21.3764 2.65118 0 166 255
14.1768 -43.7938 13.4816 0 166 255
23.8109 4.99366 4.13479 0 166 255
27.4037 -23.0609 12.3438 0 166 255
26.4493 -57.2923 -1.74303 0 166 255
20.4322 5.59007 11.4586 0 166 255
27.0792 23.8983 -1.58272 0 166 255
29.4856 -50.9428 12.0381 0 166 255
20.2057 -22.6192 15.4225 0 166 255
27.6201 -47.2599 14.0497 0 166 255
15.411 -72.7406 16.6721 0 166 255
25.5254 -72.4076 9.06197 0 166 255
13.3395 -39.0781 15.0889 0 166 255
24.5996 3.75104 10.5644 0 166 255
31.0395 -6.33601 3.12513 0 166 255
31.2767 -56.5562 7.64324 0 166 255
24.1087 -6.38461 5.84165 0 166 255
25.7738 -78.1753 16.9286 0 166 255
19.2117 -11.663 14.2455 0 166 255
25.527 18.3038 -5.46711 0 166 255
25.115 -26.5915 -4.34376 0 166 255
27.305 -56.1834 14.745 0 166 255
18.6768 -5.66497 12.7375 0 166 255
25.9497 -12.1057 -2.20599 0 166 255
23.6837 -41.8386 10.4886 0 166 255
14.9629 -33.4142 14.0274 0 166 255
27.2752 -40.1818 4.41998 0 166 255
25.6218 -57.0046 -3.55141 0 166 255
31.436 -64.5047 6.25939 0 166 255
22.6575 -64.6893 17.6181 0 166 255
18.3882 -62.8903 17.4139 0 166 255
22.0772 17.412 8.84404 0 166 255
27.0824 -38.6288 5.62881 0 166 255
31.3626 -37.5764 -0.742808 0 166 255
25.054 -47.4682 9.42868 0 166 255
16.1589 -40.4351 -9.49345 0 166 255
25.435 -67.6277 8.66452 0 166 255
19.1338 -4.02867 13.0443 0 166 255
15.9959 -64.4818 11.0692 0 166 255
22.7468 13.714 4.31832 0 166 255
22.1782 23.7826 2.86512 0 166 255
22.0832 -15.7568 8.77124 0 166 255
30.642 2.62235 -3.92041 0 166 255
24.7941 -47.103 16.0671 0 166 255
26.9274 -56.6671 4.85932 0 166 255
27.3336 -41.6478 3.03729 0 166 255
16.1288 -50.0001 -9.67267 0 166 255
31.5146 -61.769 0.625783 0 166 255
18.801 -78.0946 18.1207 0 166 255
25.9637 -57.3117 8.00064 0 166 255
19.0856 -47.8132 17.3542 0 166 255
30.3302 -46.4188 10.386 0 166 255
25.5292 -40.3796 8.70735 0 166 255
28.43 -8.57968 9.33034 0 166 255
28.8477 -54.1126 -6.82266 0 166 255
26.3039 0.869999 -0.546106 0 166 255
18.2292 -18.9788 10.7702 0 166 255
23.6347 -38.431 10.3127 0 166 255
23.8037 20.4219 8.08564 0 166 255
17.8563 -28.1247 16.0167 0 166 255
18.3754 -24.1097 -10.809 0 166 255
18.0499 -38.9564 -11.8423 0 166 255
25.4171 25.2294 5.9305 0 166 255
25.6717 -11.0479 12.1178 0 166 255
25.9652 -34.194 7.89533 0 166 255
31.2914 -52.6253 -0.953457 0 166 255
31.3817 -62.3918 6.72771 0 166 255
31.4752 -7.5228 0.584596 0 166 255
31.5314 -39.6012 0.0737319 0 166 255
25.0687 20.7529 -1.93639 0 166 255
31.1747 -9.90051 -2.1561 0 166 255
27.8996 -56.876 -8.02913 0 166 255
28.6098 12.3411 -6.39125 0 166 255
26.481 9.62482 -6.89031 0 166 255
31.7946 -29.5607 3.05695 0 166 255
14.3423 -79.5355 15.3313 0 166 255
18.9864 -33.9122 -8.71171 0 166 255
24.8951 6.39649 -5.82945 0 166 255
21.5413 -74.8256 12.3921 0 166 255
31.1191 -5.5333 -2.2701 0 166 255
12.9121 -51.5141 14.8926 0 166 255
26.5635 -6.30245 0.784484 0 166 255
20.8236 7.3486 10.9982 0 166 255
31.5785 -64.3219 1.55759 0 166 255
19.6135 -40.6452 -12.6213 0 166 255
31.4266 -23.6472 0.212693 0 166 255
26.6851 -35.6211 6.86276 0 166 255
27.8062 -54.7547 14.2372 0 166 255
31.5677 -57.3485 6.03944 0 166 255
31.7585 -49.9389 4.56739 0 166 255
31.0331 -0.425091 1.80426 0 166 255
31.5572 -55.6167 6.19851 0 166 255
27.5628 26.1941 2.56557 0 166 255
17.6533 -31.7233 -10.6021 0 166 255
27.8789 -60.0449 14.3136 0 166 255
19.9234 -4.78171 10.0827 0 166 255
20.7559 -23.0143 10.4391 0 166 255
27.1794 -58.9238 2.75015 0 166 255
30.6805 -62.147 -3.59884 0 166 255
27.9208 -59.8834 -8.03727 0 166 255
30.7934 -25.4972 -2.93692 0 166 255
26.952 -40.7575 5.91567 0 166 255
20.5886 -0.749847 8.90109 0 166 255
31.2837 -45.7574 7.66939 0 166 255
21.3881 -78.299 18.406 0 166 255
27.4598 -76.6063 15.3251 0 166 255
27.2109 -57.4484 1.71834 0 166 255
26.8699 -69.3017 5.52653 0 166 255
28.6751 3.1356 7.04234 0 166 255
26.0281 -71.3988 7.80895 0 166 255
21.351 -7.62838 -9.38176 0 166 255
28.4949 3.5724 -7.43463 0 166 255
31.6936 -25.4934 3.21602 0 166 255
31.6147 -65.8817 2.98729 0 166 255
18.4556 -49.0939 -12.6071 0 166 255
20.6444 -25.1116 -8.2615 0 166 255
28.9514 -46.3849 -6.61634 0 166 255
23.1728 -36.4158 -6.29497 0 166 255
24.4893 -37.0857 -11.0057 0 166 255
12.8784 -69.5335 15.2555 0 166 255
30.9092 3.9442 1.22078 0 166 255
30.6044 13.9113 -2.95413 0 166 255
25.8369 8.53804 -3.21335 0 166 255
25.7324 -32.7311 14.4666 0 166 255
27.7078 -40.0363 -8.33482 0 166 255
17.1289 -21.8953 12.9406 0 166 255
29.9028 -17.6833 -5.61212 0 166 255
16.7178 -38.8609 -9.04505 0 166 255
27.5572 -51.2254 -8.37821 0 166 255
24.5058 -61.1162 9.88018 0 166 255
29.3669 -25.5933 -6.09813 0 166 255
25.4015 2.92701 -4.92508 0 166 255
29.8559 -37.6996 10.6338 0 166 255
25.7631 11.7375 -2.49057 0 166 255
27.2927 -37.0337 1.7195 0 166 255
22.0408 -53.6047 -9.33619 0 166 255
25.9105 19.7202 -4.75861 0 166 255
20.5075 -35.3655 11.754 0 166 255
25.169 -26.8411 8.04536 0 166 255
31.5915 -70.7738 1.61512 0 166 255
27.7777 -34.922 -8.38373 0 166 255
21.7269 0.85004 12.159 0 166 255
23.6696 -21.8397 8.65444 0 166 255
27.9421 -61.9655 14.3075 0 166 255
28.3582 -29.1656 -7.89871 0 166 255
22.4279 24.2703 5.65244 0 166 255
25.5193 -2.40516 -4.28608 0 166 255
21.5106 -65.9115 12.3207 0 166 255
30.0563 -48.1264 10.9759 0 166 255
30.8807 -65.2562 -3.03103 0 166 255
23.1354 -54.6108 -9.72053 0 166 255
30.0154 -13.888 -5.52444 0 166 255
24.7342 -33.6985 -4.64545 0 166 255
20.4265 4.02874 10.5561 0 166 255
25.6452 -68.995 16.4823 0 166 255
17.7529 -38.8012 16.7479 0 166 255
31.2748 -28.2604 -1.08425 0 166 255
16.379 -73.956 12.0747 0 166 255
16.5312 -55.5084 16.7082 0 166 255
21.4022 -13.44 -10.0959 0 166 255
20.0483 -5.79582 8.92716 0 166 255
27.9343 -11.8726 -9.16729 0 166 255
17.4184 -17.1896 13.1299 0 166 255
31.1134 -39.058 7.78104 0 166 255
16.0451 -38.9078 12.4868 0 166 255
28.8666 -47.4501 12.7377 0 166 255
31.0484 -17.749 5.73635 0 166 255
20.1322 -37.8136 11.9081 0 166 255
31.7919 -32.3455 2.21367 0 166 255
24.2223 -69.7675 17.3066 0 166 255
30.7798 10.1253 -2.36458 0 166 255
22.8488 -79.6569 16.6033 0 166 255
20.3882 -71.3949 12.8189 0 166 255
27.265 -31.5151 1.79375 0 166 255
20.4386 -5.92233 13.3714 0 166 255
28.6502 -25.0061 -7.5067 0 166 255
23.6503 -31.8855 9.98825 0 166 255
27.1408 16.6955 -5.11315 0 166 255
23.0716 1.82709 11.5785 0 166 255
29.3049 -77.8294 12.733 0 166 255
28.4258 16.7367 4.50344 0 166 255
25.078 -37.4995 9.21352 0 166 255
25.366 -31.3927 8.33549 0 166 255
18.6517 -13.9088 11.296 0 166 255
29.5542 -9.83037 -6.64612 0 166 255
25.2998 -51.4072 -10.308 0 166 255
18.6249 -19.8221 15.2209 0 166 255
25.8863 -23.7732 -10.782 0 166 255
31.6678 -46.7203 5.41539 0 166 255
29.1833 -62.5417 -6.42222 0 166 255
31.6202 -48.2976 5.91833 0 166 255
25.912 -37.7946 -2.58023 0 166 255
22.1893 -19.2337 9.29245 0 166 255
19.1367 -18.8197 -10.784 0 166 255
19.5346 -79.4958 14.7608 0 166 255
25.6803 9.78911 -0.816659 0 166 255
26.8945 -33.5954 -0.182982 0 166 255
19.9099 -54.1898 12.4517 0 166 255
26.5244 -11.0053 2.87439 0 166 255
25.0254 -41.8199 -10.5815 0 166 255
25.8493 -57.1276 15.9263 0 166 255
16.6591 -37.352 11.9275 0 166 255
25.7211 -1.8859 10.7254 0 166 255
25.6276 6.31196 -4.25381 0 166 255
27.9819 8.99308 -6.79825 0 166 255
21.9865 -61.0569 17.6637 0 166 255
26.9238 -64.881 -0.195666 0 166 255
30.1017 1.47072 -5.4164 0 166 255
26.1701 -30.3897 7.19301 0 166 255
22.4293 -39.1689 11.1381 0 166 255
26.1702 -41.3962 -9.76652 0 166 255
26.36 -8.86533 -1.52967 0 166 255
18.247 -52.5771 12.1706 0 166 255
30.3264 -2.05864 4.97053 0 166 255
29.402 -13.0257 -6.85395 0 166 255
22.6214 -52.2786 11.6491 0 166 255
15.2067 -47.6086 12.0206 0 166 255
21.3433 -52.2792 -11.347 0 166 255
26.2667 12.2296 7.88916 0 166 255
30.5813 12.4414 -3.72498 0 166 255
20.8113 -26.5582 15.7344 0 166 255
22.2125 -79.5686 18.1933 0 166 255
21.3365 -41.3363 -12.2451 0 166 255
19.3986 -67.0852 12.6258 0 166 255
20.3056 -72.7765 18.054 0 166 255
30.9707 -18.6531 -2.71978 0 166 255
17.9521 -36.6063 -8.85106 0 166 255
26.259 -62.9818 -5.92934 0 166 255
27.1874 -67.3817 0.857997 0 166 255
27.4833 -71.5553 1.94978 0 166 255
31.4349 -35.963 -0.404512 0 166 255
27.1336 -22.4372 1.8035 0 166 255
24.1013 -52.3606 10.2238 0 166 255
25.552 -73.1879 16.7563 0 166 255
27.6583 1.48931 -7.63671 0 166 255
16.8536 -27.0355 12.6566 0 166 255
25.6319 -14.9476 -9.35209 0 166 255
24.0953 -48.866 -5.32088 0 166 255
18.6853 -69.2998 17.6696 0 166 255
23.9083 -62.4355 10.5025 0 166 255
25.9289 -76.2474 16.674 0 166 255
26.3578 -1.36621 -8.11613 0 166 255
17.8373 -21.3211 11.4335 0 166 255
31.7526 -37.5932 4.16927 0 166 255
29.2589 -23.1259 -6.43261 0 166 255
30.131 10.865 -5.75115 0 166 255
30.1188 1.51499 4.77769 0 166 255
19.7636 -49.1758 17.4702 0 166 255
27.4773 -18.7222 -9.57399 0 166 255
25.5578 -82.287 10.3373 0 166 255
23.2659 -78.1387 18.1279 0 166 255
31.0823 -62.0637 -2.20341 0 166 255
24.2656 -49.4568 16.4589 0 166 255
14.1342 -32.0016 14.5708 0 166 255
30.8532 -42.2391 8.89626 0 166 255
20.1138 -17.2722 14.8261 0 166 255
27.0655 -32.1208 0.465996 0 166 255
20.0243 -67.4566 17.8435 0 166 255
24.8035 -33.4772 9.09525 0 166 255
27.7571 -45.7234 13.8633 0 166 255
15.9255 -70.0185 16.7915 0 166 255
29.6967 -66.5381 -3.91109 0 166 255
26.141 -55.4418 7.42173 0 166 255
14.1297 -64.6344 11.6329 0 166 255
14.0525 -78.3504 16.1387 0 166 255
31.2882 -13.0172 -1.00103 0 166 255
25.867 -16.8294 5.53789 0 166 255
22.3337 19.7421 3.40437 0 166 255
19.7964 -20.752 -11.2996 0 166 255
29.8199 -79.6857 11.7856 0 166 255
12.2874 -59.2915 13.5887 0 166 255
26.9095 -27.417 -0.160978 0 166 255
30.8119 -8.65107 -3.63176 0 166 255
30.1047 -44.1663 10.6985 0 166 255
30.4906 7.83971 1.96389 0 166 255
18.69 -37.2657 16.7945 0 166 255
22.9139 12.1408 3.56758 0 166 255
15.6049 -34.456 15.9595 0 166 255
26.8865 -18.3724 1.56294 0 166 255
23.0798 -52.5967 -11.6107 0 166 255
19.4655 -29.9538 -12.1197 0 166 255
26.5169 -13.031 0.126817 0 166 255
22.7084 -22.9946 9.49336 0 166 255
30.5332 -39.2782 9.37969 0 166 255
15.8787 -51.3103 11.0621 0 166 255
16.009 -79.1327 12.2162 0 166 255
28.342 -32.9399 -7.78501 0 166 255
14.9918 -49.9553 11.9597 0 166 255
22.1211 -30.1647 -12.2705 0 166 255
29.3133 -73.2796 12.5678 0 166 255
23.7137 -40.5417 16.1102 0 166 255
20.9584 -29.2005 11.1252 0 166 255
20.2756 0.747589 10.539 0 166 255
30.421 -68.8168 10.0506 0 166 255
27.0835 -25.479 0.883379 0 166 255
22.4299 19.6829 5.18808 0 166 255
21.2565 -9.94933 8.47071 0 166 255
22.3088 21.168 2.13419 0 166 255
23.4461 20.033 1.18842 0 166 255
25.9177 -32.8102 -2.84965 0 166 255
21.9856 -29.6766 -7.36514 0 166 255
31.2678 -50.8081 -1.04204 0 166 255
29.5746 12.6728 3.33604 0 166 255
17.5462 -18.8499 15.0673 0 166 255
28.4713 -75.9302 5.43303 0 166 255
22.5521 -1.12531 6.28232 0 166 255
21.7991 3.25953 5.96673 0 166 255
24.7746 -45.2767 -10.7029 0 166 255
19.9357 -2.95952 10.712 0 166 255
18.9231 -42.4096 12.2466 0 166 255
28.5467 21.3208 -2.28689 0 166 255
21.8919 -17.2479 14.5074 0 166 255
23.2421 0.557804 -8.22939 0 166 255
31.7246 -44.3437 2.10604 0 166 255
16.5718 -49.7593 11.4419 0 166 255
14.6045 -61.3137 11.0428 0 166 255
31.3833 -16.6984 -0.94757 0 166 255
27.3 -44.7942 2.0671 0 166 255
21.0454 -19.759 -11.1511 0 166 255
28.0936 5.63267 -7.13931 0 166 255
26.1981 -43.5222 -2.10552 0 166 255
22.7053 -6.32903 7.14132 0 166 255
23.701 -23.3437 14.6237 0 166 255
31.3506 -43.5019 7.42023 0 166 255
30.7361 -43.4374 -3.16589 0 166 255
26.9287 12.7168 -6.18998 0 166 255
22.8068 -47.9763 -6.57123 0 166 255
27.0371 -45.9433 5.19086 0 166 255
22.524 13.1379 6.62934 0 166 255
31.2884 -51.4078 7.76983 0 166 255
31.6499 -30.6511 5.07366 0 166 255
26.688 -24.8088 13.077 0 166 255
19.8857 -31.7476 -12.2792 0 166 255
14.3455 -39.0624 13.8503 0 166 255
13.3999 -56.4657 12.9928 0 166 255
27.8204 -79.8556 15.0848 0 166 255
21.5794 -20.6072 14.9662 0 166 255
26.5408 -60.7694 6.34034 0 166 255
27.2293 -47.6529 1.13422 0 166 255
20.4017 -28.8846 -8.22488 0 166 255
26.873 -21.6168 12.6158 0 166 255
30.9186 -11.9281 -3.21615 0 166 255
21.7105 -1.38323 12.4842 0 166 255
26.2438 -14.9291 -1.53791 0 166 255
28.4286 -83.2461 11.8233 0 166 255
25.0211 -40.2576 -10.6056 0 166 255
24.8682 -2.76579 -5.77794 0 166 255
31.5945 -30.3534 0.617623 0 166 255
15.3021 -60.0919 10.6675 0 166 255
17.0946 -40.5339 -11.4211 0 166 255
17.9962 -34.8045 16.5483 0 166 255
31.3842 -31.893 -0.544937 0 166 255
18.2447 -16.6684 11.7234 0 166 255
18.3762 -61.796 12.0544 0 166 255
30.6758 -81.6761 8.9036 0 166 255
30.5783 -75.0953 9.62314 0 166 255
21.722 -39.5877 -12.1268 0 166 255
22.7011 -57.7675 17.4064 0 166 255
29.5942 7.47853 4.56653 0 166 255
30.4069 -12.1958 -4.771 0 166 255
20.985 -78.2048 12.9698 0 166 255
26.2058 -4.56673 -2.00271 0 166 255
27.1063 -75.0871 5.42884 0 166 255
17.725 -30.5296 11.4917 0 166 255
12.7506 -55.1811 13.4878 0 166 255
20.3693 -2.91442 8.56173 0 166 255
15.3514 -63.0413 10.6891 0 166 255
24.4455 -24.1703 -11.5686 0 166 255
27.7639 19.6578 4.77274 0 166 255
23.36 13.6042 2.44079 0 166 255
20.1138 -48.5465 -12.779 0 166 255
24.5832 22.2008 -0.980171 0 166 255
22.4198 8.18134 10.8787 0 166 255
24.0596 22.0858 7.579 0 166 255
12.425 -69.8179 13.8045 0 166 255
21.1778 -41.2243 -7.5822 0 166 255
21.8919 -19.5065 -7.975 0 166 255
27.9753 -81.1034 13.7472 0 166 255
22.7864 -8.72521 13.1585 0 166 255
18.1643 -79.5306 17.6497 0 166 255
24.7777 13.6652 0.327671 0 166 255
25.0801 19.1473 -1.3923 0 166 255
20.2854 -39.7882 -8.06816 0 166 255
20.8231 -42.852 -7.80105 0 166 255
23.3328 -3.48921 6.0987 0 166 255
31.7538 -46.5406 2.43715 0 166 255
25.1168 15.3714 -6.02196 0 166 255
27.0208 -58.554 4.37793 0 166 255
21.9745 -29.1035 15.7274 0 166 255
26.182 -34.2391 -2.28051 0 166 255
31.2571 -24.4746 5.98215 0 166 255
29.3472 -12.8001 8.68743 0 166 255
25.1101 23.1795 -2.27574 0 166 255
26.6598 -17.5266 -0.591515 0 166 255
22.7296 -43.463 11.2472 0 166 255
30.771 -29.3442 8.2198 0 166 255
31.219 -47.7986 -1.35237 0 166 255
28.7925 -3.39569 -7.93898 0 166 255
26.2979 -0.28466 10.0827 0 166 255
17.258 -45.3007 -9.14009 0 166 255
20.3603 -73.3481 12.8885 0 166 255
24.2764 -12.4009 -5.65539 0 166 255
24.1382 -8.4593 12.601 0 166 255
27.2998 -78.5093 15.6 0 166 255
20.8657 -40.2896 16.9126 0 166 255
23.5261 -76.152 11.2201 0 166 255
31.6884 -18.1933 2.82619 0 166 255
31.6145 -33.2778 5.56368 0 166 255
16.9961 -15.9886 14.677 0 166 255
22.673 -80.2737 14.7896 0 166 255
21.2465 6.6936 9.44454 0 166 255
25.9817 -1.16041 -3.05867 0 166 255
30.1437 -62.5706 10.8726 0 166 255
27.1155 -59.4542 0.76925 0 166 255
24.686 -28.5089 8.66631 0 166 255
19.349 -51.7564 -8.80782 0 166 255
25.1501 -4.62469 4.33951 0 166 255
14.5487 -52.794 11.8744 0 166 255
30.7264 -23.3922 -2.94574 0 166 255
25.532 -17.0427 12.9951 0 166 255
27.2078 -38.3721 -8.91989 0 166 255
24.7079 9.80541 -6.61405 0 166 255
31.3796 -70.8279 6.36244 0 166 255
31.2242 -37.5632 7.32196 0 166 255
26.7652 -21.9022 4.56604 0 166 255
21.4197 -26.5159 -7.85585 0 166 255
27.2063 25.0501 -0.146656 0 166 255
13.8636 -54.22 12.2942 0 166 255
17.8589 -75.5331 17.7354 0 166 255
22.5537 -81.4672 12.1424 0 166 255
30.9992 -19.2 6.19957 0 166 255
26.664 -59.2027 -1.10709 0 166 255
26.132 -5.50739 -8.47583 0 166 255
22.8607 -6.49533 -7.92599 0 166 255
16.9834 -43.3733 11.8496 0 166 255
28.8925 11.9087 4.85119 0 166 255
20.8361 -32.1224 16.2466 0 166 255
19.5237 -46.3121 -12.8218 0 166 255
31.6528 -61.1468 3.07738 0 166 255
19.9624 -26.5657 -8.43955 0 166 255
25.2339 -78.5089 9.9801 0 166 255
26.9756 -2.87295 -8.03565 0 166 255
25.5876 16.2279 7.7275 0 166 255
22.6214 -19.077 -11.0516 0 166 255
26.1196 -20.3059 13.0155 0 166 255
23.4163 24.396 7.45468 0 166 255
30.7501 2.74258 2.48412 0 166 255
25.9502 -30.0394 -10.3604 0 166 255
28.7519 -70.5108 0.179431 0 166 255
19.7659 -36.0233 16.7173 0 166 255
29.7816 10.6834 3.42727 0 166 255
24.9196 -28.3355 14.5489 0 166 255
18.0427 -79.4265 15.966 0 166 255
17.906 -43.9204 -8.93435 0 166 255
22.4698 -39.478 16.4883 0 166 255
14.4934 -58.4519 11.3832 0 166 255
29.1998 -5.1029 7.69675 0 166 255
30.0493 -24.9239 9.05929 0 166 255
25.4867 -14.9681 12.7494 0 166 255
20.8436 0.618725 7.95917 0 166 255
18.659 -10.257 12.2871 0 166 255
25.8307 -58.8556 7.99444 0 166 255
31.1871 -54.9475 8.12355 0 166 255
29.9619 -8.06161 6.80155 0 166 255
26.2177 -25.1293 -2.36036 0 166 255
31.3828 -15.1327 3.94648 0 166 255
24.6264 -39.9579 -4.76933 0 166 255
22.6807 -11.4494 -7.72153 0 166 255
31.6107 -42.3459 0.48334 0 166 255
24.0771 5.63231 -7.33614 0 166 255
23.3892 5.1906 10.932 0 166 255
30.558 -70.4453 9.65755 0 166 255
26.1933 -49.6282 -2.02312 0 166 255
25.4361 9.90348 -4.43296 0 166 255
24.8482 -36.4553 15.2844 0 166 255
23.1972 -38.0356 16.1305 0 166 255
15.5339 -45.847 -9.70059 0 166 255
30.2879 -28.1703 -4.20177 0 166 255
27.0352 -16.9358 -9.97733 0 166 255
27.841 -48.9811 -8.07693 0 166 255
25.5991 13.248 -2.61267 0 166 255
31.7158 -39.9004 4.82622 0 166 255
22.7043 -10.6514 -9.78791 0 166 255
25.0558 -17.3737 -4.34124 0 166 255
28.0204 15.3213 5.43479 0 166 255
28.8288 -60.1695 -6.91243 0 166 255
15.7024 -56.4152 10.8287 0 166 255
27.1314 -27.7499 4.2481 0 166 255
22.2187 -25.1537 -7.45291 0 166 255
23.6963 -36.0711 10.1993 0 166 255
30.7647 -46.8618 -3.03918 0 166 255
28.607 -76.5196 13.8629 0 166 255
16.4684 -25.298 13.4641 0 166 255
22.997 -42.2169 -6.37402 0 166 255
31.7075 -19.8141 2.62086 0 166 255
20.5403 -61.3847 12.2688 0 166 255
22.4202 -44.8406 16.8826 0 166 255
19.3452 -6.93759 13.6168 0 166 255
18.1153 -56.3423 17.2358 0 166 255
31.7258 -36.4596 1.279 0 166 255
24.3101 -57.4982 -5.4571 0 166 255
23.6101 -72.1078 11.0085 0 166 255
17.673 -65.8175 17.2739 0 166 255
25.4537 11.6696 -0.77939 0 166 255
21.8356 -69.9674 12.3929 0 166 255
24.6541 -13.9067 6.61899 0 166 255
31.0941 0.369328 -2.00555 0 166 255
21.0493 3.34729 8.86248 0 166 255
26.4693 -56.6316 6.4844 0 166 255
23.7297 17.4033 8.7082 0 166 255
23.6334 10.4929 9.99374 0 166 255
24.1805 -24.4561 8.62818 0 166 255
18.6414 -15.6533 10.5929 0 166 255
30.7638 -6.77191 -3.7673 0 166 255
27.2497 -31.4863 13.244 0 166 255
27.1397 -26.2511 3.85046 0 166 255
23.6482 -50.8186 10.8027 0 166 255
28.6629 -65.0597 13.452 0 166 255
26.7927 -66.4755 5.73597 0 166 255
31.6423 -44.921 5.52797 0 166 255
31.2763 -16.7556 4.58929 0 166 255
24.8565 -7.50571 -5.17988 0 166 255
30.6214 -2.68241 -4.15824 0 166 255
31.5676 -38.8313 6.09156 0 166 255
26.9112 -43.652 5.69929 0 166 255
31.4946 -9.64541 1.00722 0 166 255
19.0172 -28.3435 -11.8672 0 166 255
14.8333 -30.49 15.4558 0 166 255
30.7788 -23.1388 7.37855 0 166 255
14.3188 -35.5454 15.4809 0 166 255
22.4131 -67.1455 11.923 0 166 255
26.2499 -34.9591 14.3 0 166 255
22.0382 -58.0773 11.8436 0 166 255
31.1446 -7.52209 -2.20938 0 166 255
24.8695 -61.9637 -5.575 0 166 255
24.7586 4.53589 -6.16458 0 166 255
14.8886 -48.6093 15.953 0 166 255
24.5596 -34.7376 15.2773 0 166 255
20.9341 -68.0864 12.634 0 166 255
26.2896 3.20973 9.52236 0 166 255
19.718 -14.5038 9.65166 0 166 255
26.6876 -47.2959 6.54069 0 166 255
29.5451 -27.4823 10.2866 0 166 255
30.5476 4.79783 2.59712 0 166 255
31.7585 -48.9388 2.61289 0 166 255
30.1192 8.18221 -5.5797 0 166 255
26.0584 -23.1736 13.3553 0 166 255
24.6295 23.5114 6.91594 0 166 255
17.0204 -33.1356 -9.13238 0 166 255
27.1418 -42.1579 -8.87953 0 166 255
13.3513 -72.5237 13.5035 0 166 255
23.4987 -29.7798 -6.30412 0 166 255
31.633 -74.3681 3.49502 0 166 255
24.042 1.42624 -7.14516 0 166 255
24.4672 -6.14108 -5.95114 0 166 255
30.1014 -53.7019 -4.67585 0 166 255
26.5699 -21.9668 -1.27323 0 166 255
18.134 -27.3495 -10.8965 0 166 255
26.5507 -57.0485 -9.38777 0 166 255
16.5553 -66.9418 16.938 0 166 255
23.8407 -7.44825 -6.74915 0 166 255
26.1917 -2.69895 1.64547 0 166 255
27.6785 6.76469 7.60931 0 166 255
29.1172 -82.1966 12.6643 0 166 255
31.4509 -21.3939 -0.416718 0 166 255
30.9717 -61.8722 8.56289 0 166 255
17.0125 -20.1045 13.3396 0 166 255
26.3242 -28.0744 13.6896 0 166 255
31.7461 -50.5888 2.61934 0 166 255
29.3641 -11.1792 8.38481 0 166 255
23.9782 7.85222 10.26 0 166 255
31.1669 -4.88894 2.17017 0 166 255
14.828 -35.0837 13.9657 0 166 255
28.9418 -35.5471 -6.80343 0 166 255
22.9786 -27.7767 15.3163 0 166 255
26.8311 -72.519 15.7015 0 166 255
18.2963 -33.2067 -11.3717 0 166 255
26.5057 -61.2424 15.5767 0 166 255
31.4021 -65.9111 -0.269486 0 166 255
28.6289 -13.9921 -8.18953 0 166 255
24.9356 -53.8681 9.3678 0 166 255
17.7643 -26.3734 15.8355 0 166 255
30.7495 -52.8316 9.49467 0 166 255
31.3751 -18.6374 -1.06756 0 166 255
25.4034 -21.066 -3.93944 0 166 255
29.7734 -70.0487 11.609 0 166 255
29.7946 -19.2552 -5.68984 0 166 255
27.2466 -55.7547 1.73105 0 166 255
25.6856 -3.89635 -8.58006 0 166 255
23.753 -47.3614 10.7109 0 166 255
25.3892 -19.3848 -3.85273 0 166 255
23.5947 2.28646 -8.41973 0 166 255
31.7427 -52.4978 3.81444 0 166 255
26.8504 -49.837 -0.521738 0 166 255
29.5536 22.4361 0.595428 0 166 255
25.9584 -63.2728 7.89258 0 166 255
26.0465 2.65755 -2.83918 0 166 255
30.7146 -20.4145 7.16027 0 166 255
25.3733 17.8431 -2.28669 0 166 255
29.2861 -1.06951 -7.50331 0 166 255
31.4628 -19.3834 4.58794 0 166 255
31.4456 -60.9369 6.50262 0 166 255
21.5651 -15.4228 -10.3705 0 166 255
29.6708 -2.41902 -6.72092 0 166 255
23.7791 -58.5223 -6.46389 0 166 255
14.777 -74.0949 16.451 0 166 255
22.8685 -8.6969 7.41691 0 166 255
18.194 -45.6709 12.2058 0 166 255
23.4659 -45.3498 10.8685 0 166 255
30.8848 -14.1922 5.8028 0 166 255
16.5232 -61.7385 11.3382 0 166 255
30.1141 -75.9847 10.9441 0 166 255
16.9992 -51.8021 -9.80037 0 166 255
22.4786 -18.1844 -7.61759 0 166 255
28.4291 -7.08756 9.09297 0 166 255
17.2926 -69.5417 11.8891 0 166 255
31.5056 -11.5061 1.37616 0 166 255
28.7357 20.8862 2.85128 0 166 255
25.2591 -4.41657 11.4228 0 166 255
26.6025 -67.9002 6.44659 0 166 255
22.9749 18.7445 1.88459 0 166 255
30.1921 -51.6801 10.8055 0 166 255
28.1804 -18.6853 11.0364 0 166 255
29.9679 8.97125 3.40102 0 166 255
25.55 1.93372 -7.88549 0 166 255
18.6635 -73.118 17.8283 0 166 255
14.3158 -60.7103 15.8275 0 166 255
21.2461 -25.3148 -12.0369 0 166 255
17.8545 -18.3453 12.1866 0 166 255
23.1769 -63.0936 17.4424 0 166 255
19.3041 -10.752 10.2897 0 166 255
25.2078 -25.857 -11.1137 0 166 255
20.2032 -65.0617 12.4791 0 166 255
21.9065 -81.5058 13.513 0 166 255
24.7494 -46.7771 -10.6996 0 166 255
28.991 -79.6021 13.4309 0 166 255
29.6777 -58.8269 11.7963 0 166 255
30.5157 10.8778 0.845367 0 166 255
17.9573 -15.1538 12.6659 0 166 255
30.3328 -17.5064 7.604 0 166 255
15.7333 -27.8023 13.9286 0 166 255
26.8099 -26.9824 -9.81809 0 166 255
21.216 -55.7062 12.1763 0 166 255
31.4443 -55.9908 -0.12287 0 166 255
22.1137 9.95433 7.56117 0 166 255
27.3832 -47.3243 3.08185 0 166 255
30.1431 16.8122 0.383874 0 166 255
26.772 -23.6025 4.90423 0 166 255
27.9763 12.9282 6.01163 0 166 255
30.3621 19.4733 -2.25167 0 166 255
20.1149 -10.7958 9.04585 0 166 255
26.68 -26.3212 13.2602 0 166 255
20.0537 -18.2856 -8.97103 0 166 255
24.7364 -74.8179 17.3313 0 166 255
25.4517 -43.3521 15.4509 0 166 255
25.9122 -1.20277 2.31823 0 166 255
29.541 -80.3545 7.96556 0 166 255
14.2979 -40.1916 15.5948 0 166 255
26.8245 -29.3769 5.67808 0 166 255
24.7081 -52.809 -10.7044 0 166 255
16.3858 -68.0945 11.4287 0 166 255
25.0374 -51.3954 -4.25187 0 166 255
26.7385 3.62649 -7.45712 0 166 255
15.1149 -41.7617 15.9747 0 166 255
28.3047 -34.6749 12.4982 0 166 255
22.2563 -54.4749 17.4044 0 166 255
23.4341 -53.3219 -6.16592 0 166 255
25.9544 6.5993 -2.84592 0 166 255
25.1842 -7.84531 5.02395 0 166 255
16.7307 -68.7255 17.0714 0 166 255
31.2304 -73.0298 7.22145 0 166 255
28.7189 10.1835 5.54716 0 166 255
26.975 -62.5691 4.83315 0 166 255
20.5806 -63.6016 17.7953 0 166 255
19.0097 -71.1183 17.8114 0 166 255
19.6389 -43.4453 -8.43903 0 166 255
19.4822 -60.5848 17.6075 0 166 255
18.2277 -53.0479 -9.49735 0 166 255
25.0886 -20.2202 -10.9714 0 166 255
26.8276 -62.3982 -0.703043 0 166 255
31.579 -73.1991 4.89179 0 166 255
31.4046 -11.1778 -0.267085 0 166 255
20.9371 -52.4389 -8.54022 0 166 255
26.3722 23.4561 5.48456 0 166 255
24.8231 -10.2716 -9.11568 0 166 255
30.7691 -10.3376 -3.81468 0 166 255
29.7625 -11.1798 -6.21825 0 166 255
22.8567 -45.0072 -6.49962 0 166 255
25.0403 -37.8559 -4.15401 0 166 255
18.3444 -21.5069 15.403 0 166 255
31.1443 -41.0033 7.96575 0 166 255
24.0577 -57.2939 16.9315 0 166 255
31.1871 -2.21255 -1.72185 0 166 255
25.1213 16.9313 -5.79932 0 166 255
23.0833 -56.4733 -6.78715 0 166 255
26.8666 -46.3831 -0.344776 0 166 255
26.8296 -54.9802 5.46311 0 166 255
24.4548 -36.4672 -5.00392 0 166 255
31.6928 -72.6216 3.21866 0 166 255
13.2297 -63.427 12.5342 0 166 255
30.8987 -65.6813 8.6746 0 166 255
31.6741 -20.7806 1.0933 0 166 255
31.0279 -35.9549 8.01439 0 166 255
23.4086 -33.777 10.2811 0 166 255
25.3317 12.5732 -4.74198 0 166 255
27.1401 -47.9585 4.94207 0 166 255
24.8443 -10.2493 -4.89454 0 166 255
25.9212 -28.5666 7.31507 0 166 255
15.4012 -32.2137 15.7709 0 166 255
21.3185 -69.4236 17.9529 0 166 255
22.1802 -21.7177 -11.6613 0 166 255
30.3882 18.9093 -3.76987 0 166 255
20.6924 -29.1872 -12.2542 0 166 255
27.8714 -79.5067 7.68313 0 166 255
31.5108 -28.223 5.55702 0 166 255
27.337 -43.9658 3.60026 0 166 255
30.6612 -15.3441 -3.9006 0 166 255
30.2927 -36.8157 -4.15428 0 166 255
21.9505 -33.6149 -12.2327 0 166 255
21.9272 -4.7463 7.31996 0 166 255
15.4273 -43.4046 12.4292 0 166 255
17.0291 -20.4371 15.1672 0 166 255
25.3962 15.4648 -4.58728 0 166 255
25.6286 -39.8283 15.1046 0 166 255
21.7167 -37.1734 -7.39476 0 166 255
31.7814 -48.2847 4.05547 0 166 255
26.1704 -26.476 6.62374 0 166 255
25.7418 -4.33553 -3.61997 0 166 255
29.7364 -14.5812 8.35567 0 166 255
16.5397 -66.0774 11.4549 0 166 255
29.0156 -71.6532 13.0454 0 166 255
25.5382 -38.3906 -10.3179 0 166 255
25.396 -62.0715 8.7815 0 166 255
30.8307 0.677853 2.71979 0 166 255
21.6227 -34.1853 11.1935 0 166 255
21.8249 -49.969 12.0799 0 166 255
31.3172 -54.1929 -0.791094 0 166 255
18.3932 -38.0947 -8.7293 0 166 255
30.4926 15.3721 -3.8139 0 166 255
24.0083 -54.0849 16.81 0 166 255
13.3295 -53.0375 12.9865 0 166 255
22.5907 -71.3651 11.9083 0 166 255
21.4703 -34.0925 16.2786 0 166 255
17.9806 -32.6617 11.6588 0 166 255
17.8155 -53.5013 17.1195 0 166 255
27.0808 -42.645 0.597424 0 166 255
29.4138 -36.8422 -5.97151 0 166 255
21.8496 13.77 10.0019 0 166 255
25.1516 -69.1393 9.23068 0 166 255
24.1315 -81.032 11.4386 0 166 255
17.3702 -35.9485 -10.4591 0 166 255
23.7064 -13.5164 -9.66502 0 166 255
27.258 -28.4284 2.71969 0 166 255
31.1947 -74.8547 7.32358 0 166 255
25.5185 -6.52309 -3.91855 0 166 255
24.6188 -17.3018 7.35047 0 166 255
31.191 -19.9114 -1.78342 0 166 255
31.0025 -59.655 8.47778 0 166 255
23.4184 -19.8065 8.53912 0 166 255
24.4412 -1.15417 11.4072 0 166 255
26.6972 9.44328 8.06374 0 166 255
25.7444 -80.7206 14.1054 0 166 255
14.9264 -66.4875 16.2278 0 166 255
26.1521 -75.5328 8.09239 0 166 255
31.4581 -67.921 5.92984 0 166 255
12.4617 -74.7569 14.5787 0 166 255
25.2612 14.3832 8.30906 0 166 255
25.9646 -55.1056 15.7558 0 166 255
29.8288 -21.0318 9.1251 0 166 255
15.6489 -31.425 13.7403 0 166 255
22.7519 16.4507 2.74045 0 166 255
26.1992 -20.8902 -2.28518 0 166 255
14.7936 -75.8104 11.618 0 166 255
26.4879 -7.463 -0.339195 0 166 255
16.0434 -58.4073 16.5561 0 166 255
25.9372 -50.0389 -9.85171 0 166 255
31.1024 -58.7813 -2.04863 0 166 255
12.8173 -66.5265 14.9996 0 166 255
16.6199 -46.0082 -11.6201 0 166 255
22.3592 -10.1522 13.4932 0 166 255
19.8465 -44.3374 -12.7433 0 166 255
23.2492 -26.5715 -6.64733 0 166 255
22.9966 -4.42382 -8.03109 0 166 255
29.6938 -21.5778 -5.68846 0 166 255
29.5997 -47.7552 -5.54504 0 166 255
12.0475 -64.687 13.4447 0 166 255
27.2655 -33.2521 4.54635 0 166 255
25.9831 -54.7257 -9.80995 0 166 255
19.0285 -72.5844 12.7858 0 166 255
27.952 -58.1342 14.1784 0 166 255
14.7478 -51.4699 15.9056 0 166 255
29.5475 1.41422 -6.9674 0 166 255
18.1506 -50.8024 -12.4616 0 166 255
21.4037 -49.3034 -7.70704 0 166 255
20.2506 -7.38513 8.43792 0 166 255
18.3823 -40.1155 16.9379 0 166 255
23.1764 -16.1563 -7.00216 0 166 255
27.3035 -65.793 15.0305 0 166 255
25.8308 -31.1161 -2.85334 0 166 255
19.7546 -58.3818 12.3062 0 166 255
17.3503 -33.3565 16.3446 0 166 255
24.3334 -16.0678 13.5063 0 166 255
31.8107 -41.1232 3.34322 0 166 255
30.895 -15.8933 6.00301 0 166 255
31.7633 -35.3015 4.41152 0 166 255
30.7675 10.3092 -0.81389 0 166 255
14.4282 -71.9175 11.7852 0 166 255
30.7841 -1.13414 3.37798 0 166 255
21.844 -3.00331 7.03587 0 166 255
31.3124 -65.9425 6.88032 0 166 255
18.4916 -32.2323 -8.8525 0 166 255
29.599 23.7292 -1.00923 0 166 255
25.6445 8.23909 9.15587 0 166 255
31.5904 -71.4687 4.84998 0 166 255
23.2687 -15.1205 -9.94504 0 166 255
31.5792 -17.4358 0.276852 0 166 255
28.7085 1.24755 7.35486 0 166 255
17.1778 -24.0579 12.5035 0 166 255
25.0962 6.53007 2.23317 0 166 255
27.3246 14.5995 -5.74625 0 166 255
25.2611 -55.896 9.03638 0 166 255
27.4809 -2.12033 9.36702 0 166 255
30.99 -21.5304 -2.26399 0 166 255
22.7867 -35.1035 16.0237 0 166 255
31.0456 3.91275 -0.359788 0 166 255
13.9844 -67.4922 11.9856 0 166 255
31.1493 1.51451 -0.42546 0 166 255
22.0943 -25.8387 15.3952 0 166 255
28.2205 -26.9507 11.9249 0 166 255
25.972 -54.8871 -2.74003 0 166 255
23.1043 -15.3145 13.9192 0 166 255
28.4106 -22.3761 11.2423 0 166 255
30.3094 -4.06245 -5.14429 0 166 255
25.8145 -23.7762 6.89721 0 166 255
30.2109 3.2016 4.12035 0 166 255
25.688 -74.4031 9.00956 0 166 255
27.2799 -12.3805 11.092 0 166 255
28.7846 24.9386 -0.511027 0 166 255
23.5119 -77.731 11.4457 0 166 255
27.4998 -62.721 -6.80874 0 166 255
25.1662 -11.7416 -4.22339 0 166 255
25.7766 -17.5071 -2.85581 0 166 255
23.6912 3.89423 -7.91063 0 166 255
29.2938 15.5631 3.21289 0 166 255
30.9332 5.58331 -0.377817 0 166 255
21.4049 -66.1958 17.8518 0 166 255
27.1446 -62.6026 3.00534 0 166 255
24.0012 14.5382 1.43865 0 166 255
26.5428 7.09373 8.62449 0 166 255
30.2742 -6.57069 -5.21757 0 166 255
18.113 -65.2123 12.0395 0 166 255
20.8001 1.57449 9.25242 0 166 255
22.368 10.2217 5.85511 0 166 255
28.292 -74.9973 14.2283 0 166 255
26.405 -20.323 5.15327 0 166 255
31.5622 -65.4532 4.85913 0 166 255
26.9924 -70.9999 4.96517 0 166 255
24.9876 -59.5475 -7.66504 0 166 255
16.0723 -70.5886 11.2954 0 166 255
29.7721 16.4049 1.82788 0 166 255
17.2873 -34.4729 -10.141 0 166 255
22.8573 -21.1038 -7.12102 0 166 255
22.0066 -16.6784 -8.02732 0 166 255
29.6106 -35.8195 10.9787 0 166 255
16.0041 -38.0003 16.231 0 166 255
23.6716 -68.2942 10.9674 0 166 255
29.4314 -83.9795 10.4044 0 166 255
25.4468 20.5282 6.95176 0 166 255
17.1552 -27.8773 -9.47859 0 166 255
22.781 -32.045 15.7508 0 166 255
25.3942 -10.1897 5.11816 0 166 255
25.2543 -52.3025 16.0936 0 166 255
30.25 -35.0557 9.78436 0 166 255
14.7749 -52.2382 -10.9166 0 166 255
18.3212 -42.4317 -8.85305 0 166 255
28.7623 -42.7891 -6.92547 0 166 255
13.3959 -57.8639 12.4379 0 166 255
23.3469 -24.7667 14.9072 0 166 255
19.1339 -14.3979 14.5855 0 166 255
27.5239 21.1796 -3.92397 0 166 255
30.758 4.07203 -3.52219 0 166 255
30.4193 17.1526 -4.17688 0 166 255
16.7987 -37.2627 -9.97151 0 166 255
24.1491 -64.5092 17.1262 0 166 255
20.2755 -14.5228 -9.22529 0 166 255
23.1368 25.4895 0.718092 0 166 255
30.5264 -78.9649 9.96259 0 166 255
22.7942 -55.671 11.4953 0 166 255
31.4961 -13.3387 2.84155 0 166 255
23.922 -40.1331 10.2062 0 166 255
19.6835 -52.2813 12.5238 0 166 255
26.8636 -59.9486 4.86271 0 166 255
19.6714 -75.0447 12.9053 0 166 255
21.481 -56.1219 17.5817 0 166 255
12.3778 -66.498 13.3983 0 166 255
21.3127 4.9692 8.71614 0 166 255
31.0743 -10.854 4.44903 0 166 255
23.3179 -69.9286 11.3463 0 166 255
25.3259 19.2768 -2.95856 0 166 255
24.4665 -43.3934 9.9285 0 166 255
26.1223 -53.6629 15.5502 0 166 255
31.4682 -53.8736 6.8978 0 166 255
30.6583 -17.5942 -3.74327 0 166 255
26.2664 -23.3289 -2.20911 0 166 255
20.8045 -50.9815 -8.08003 0 166 255
26.4793 22.2559 -1.42203 0 166 255
22.2347 -37.396 -12.0098 0 166 255
28.9908 -40.99 12.2051 0 166 255
31.2952 -25.0281 -0.715235 0 166 255
20.9685 -27.1309 10.931 0 166 255
22.1166 -5.74899 12.9735 0 166 255
30.0635 -49.0755 -4.68117 0 166 255
25.8021 10.2162 -2.75893 0 166 255
30.6449 -30.8901 8.63798 0 166 255
31.2006 -78.0009 6.31656 0 166 255
29.9952 -40.0698 -4.82605 0 166 255
19.0626 -66.3402 17.6518 0 166 255
24.0178 -10.3506 -6.26188 0 166 255
20.3795 -28.6328 16.0217 0 166 255
16.6166 -40.0522 16.4895 0 166 255
29.5009 -30.4982 -5.85365 0 166 255
25.4034 17.7397 -3.98082 0 166 255
24.7404 -48.4529 -10.6943 0 166 255
13.1041 -58.7074 14.9264 0 166 255
26.1456 -60.0689 -2.49308 0 166 255
25.3228 16.3202 -1.46519 0 166 255
27.3408 -32.0534 -9.01109 0 166 255
30.0309 -71.6551 11.0545 0 166 255
23.8311 -20.1691 -6.15513 0 166 255
21.3833 -9.58714 -9.93264 0 166 255
18.5182 -19.61 -9.36362 0 166 255
23.3955 -21.8636 14.5832 0 166 255
18.7659 -15.8917 14.774 0 166 255
30.923 4.86382 -2.08894 0 166 255
25.8907 25.3547 3.59388 0 166 255
25.7166 24.3835 1.60408 0 166 255
21.3201 -63.3669 12.2284 0 166 255
27.2344 -42.543 4.40729 0 166 255
25.7282 6.63962 0.565801 0 166 255
29.6658 9.14561 -6.72755 0 166 255
27.2791 18.826 -4.96326 0 166 255
22.2889 -28.6507 10.3755 0 166 255
18.6577 -39.7485 -8.69492 0 166 255
31.0032 -32.5965 -2.07765 0 166 255
26.6927 -32.3884 6.24889 0 166 255
28.7317 22.6616 2.41327 0 166 255
29.1566 -42.5074 12.0837 0 166 255
23.9933 -49.0867 10.5098 0 166 255
24.9751 9.532 9.39979 0 166 255
21.4515 -49.955 17.4054 0 166 255
31.7022 -56.2172 3.69092 0 166 255
26.84 -20.1438 -10.1463 0 166 255
25.7801 -3.41605 2.98241 0 166 255
27.6029 -36.8372 -8.54747 0 166 255
22.5866 -48.314 11.6954 0 166 255
26.9846 -23.4345 0.670845 0 166 255
30.9203 -44.6335 8.89064 0 166 255
18.598 -64.5975 17.5011 0 166 255
30.939 -79.9232 8.68725 0 166 255
23.9533 -8.09827 6.36483 0 166 255
26.0812 -12.605 12.0367 0 166 255
24.6762 -46.105 -4.69615 0 166 255
28.7508 -18.7778 -7.69606 0 166 255
26.8444 -19.0794 3.48098 0 166 255
25.8978 -69.5974 7.73663 0 166 255
29.1809 -41.1063 -6.2947 0 166 255
29.5615 -65.8348 12.0508 0 166 255
12.5268 -46.0149 13.8433 0 166 255
19.7204 -23.0084 -8.72187 0 166 255
26.4694 1.58711 9.65701 0 166 255
13.6147 -74.4639 13.1974 0 166 255
30.5632 -20.1097 -3.74048 0 166 255
31.3265 -26.0318 5.84055 0 166 255
23.3352 -55.8032 -8.66412 0 166 255
24.7178 -6.69365 12.0653 0 166 255
13.0863 -40.3326 14.1239 0 166 255
27.1981 22.5047 -2.85554 0 166 255
31.4118 -31.6945 6.34313 0 166 255
25.5132 -49.583 8.82807 0 166 255
21.6295 -7.22058 7.89767 0 166 255
26.5761 -64.5064 6.52252 0 166 255
22.8595 -1.15854 -8.7302 0 166 255
22.2299 14.2983 8.14602 0 166 255
28.1514 -16.5036 -8.76406 0 166 255
20.3326 -10.7818 -9.78144 0 166 255
17.7746 -29.6091 -10.6673 0 166 255
22.3116 22.8395 4.02859 0 166 255
19.9253 -12.5844 -9.56535 0 166 255
13.4807 -59.7635 12.0561 0 166 255
15.1575 -49.0605 -10.4062 0 166 255
25.7396 -66.312 8.08342 0 166 255
26.991 -40.0179 -0.0639482 0 166 255
30.0206 -23.1428 8.98627 0 166 255
17.4019 -26.3356 -9.58648 0 166 255
23.8152 -65.7139 10.6617 0 166 255
26.6986 -24.6076 -0.785892 0 166 255
17.8147 -45.923 17.0112 0 166 255
13.8161 -51.5394 12.5785 0 166 255
28.9612 20.2427 -3.27539 0 166 255
17.8242 -50.3789 -9.19306 0 166 255
23.7395 -37.7187 -5.75256 0 166 255
24.7253 -60.8511 16.7403 0 166 255
30.8276 -32.5344 8.31548 0 166 255
16.452 -49.2419 -11.7686 0 166 255
30.0844 -3.35022 5.84368 0 166 255
30.2824 14.1387 -5.00934 0 166 255
16.4118 -49.0637 16.5707 0 166 255
22.4468 -73.2932 11.9048 0 166 255
24.0695 -8.88215 -6.24862 0 166 255
28.3214 -3.17755 8.64162 0 166 255
21.4941 -11.5631 -8.74185 0 166 255
25.4521 -36.377 -3.57122 0 166 255
24.4368 -24.3834 -5.38775 0 166 255
24.7034 -33.3738 -11.0433 0 166 255
29.7623 19.1529 0.956483 0 166 255
23.0596 -55.9523 17.2411 0 166 255
22.8168 -59.763 17.4373 0 166 255
19.0213 -17.3408 -10.4964 0 166 255
30.4693 -32.4612 -3.70045 0 166 255
30.654 9.13433 0.730207 0 166 255
25.5667 24.3742 -1.15492 0 166 255
27.9156 -25.3936 12.1348 0 166 255
17.0144 -76.7997 12.4672 0 166 255
30.4736 -59.7579 -3.99941 0 166 255
16.3267 -35.4609 12.5109 0 166 255
25.0653 -80.4998 10.1298 0 166 255
16.0879 -45.8331 11.3742 0 166 255
29.7573 -15.2581 -6.02132 0 166 255
23.7698 -46.9969 -5.68165 0 166 255
25.0945 1.00289 10.696 0 166 255
31.0742 1.29319 1.01547 0 166 255
20.0969 -80.576 13.6853 0 166 255
29.0162 -33.3225 11.5641 0 166 255
15.9132 -79.3172 15.6542 0 166 255
30.8219 -39.5253 -2.74101 0 166 255
29.3794 -18.8299 9.53963 0 166 255
28.4765 -78.1776 14.1306 0 166 255
14.9785 -41.4748 13.1637 0 166 255
30.1414 -0.0639763 -5.3111 0 166 255
31.7384 -45.2645 3.70239 0 166 255
20.784 -43.0779 12.1851 0 166 255
20.0156 -50.5547 -12.8637 0 166 255
27.8092 -67.5061 14.5309 0 166 255
25.057 -21.3901 13.7756 0 166 255
19.4698 -29.9471 11.5806 0 166 255
22.6961 0.800728 5.877 0 166 255
21.8761 -67.9276 17.8553 0 166 255
27.3493 -37.0257 3.87887 0 166 255
17.6942 -42.1234 16.8628 0 166 255
30.3038 13.2945 0.648623 0 166 255
20.9014 -23.999 15.4693 0 166 255
23.4854 -39.264 -6.02435 0 166 255
16.4081 -33.4211 12.5188 0 166 255
27.0535 -55.4925 -8.90192 0 166 255
26.8678 -19.6615 0.553488 0 166 255
31.289 -48.3059 7.62903 0 166 255
26.6091 -50.8335 6.78086 0 166 255
21.6459 -13.3857 8.75229 0 166 255
31.6608 -52.3569 5.45267 0 166 255
24.9095 -55.4875 -4.5685 0 166 255
28.1101 -71.8953 14.3379 0 166 255
12.8551 -42.8433 14.1492 0 166 255
29.5065 -55.4775 12.0972 0 166 255
30.2416 18.3855 -0.663278 0 166 255
29.2106 -38.3453 -6.28872 0 166 255
27.417 -40.4095 13.7954 0 166 255
24.9565 -15.6536 6.56799 0 166 255
16.8059 -38.7963 -10.4963 0 166 255
25.1965 7.99976 -5.1201 0 166 255
22.5542 17.9954 3.1425 0 166 255
29.1339 -20.4384 -6.91571 0 166 255
29.953 -46.5308 -4.88091 0 166 255
22.1745 -6.0947 -9.47638 0 166 255
21.1331 -18.9979 14.872 0 166 255
22.1866 16.0719 7.98128 0 166 255
24.8322 -13.3345 -4.65528 0 166 255
15.9574 -47.4078 -10.9801 0 166 255
19.7756 -9.26625 9.03077 0 166 255
25.5185 -9.79264 -3.69744 0 166 255
31.5543 -26.0603 0.599986 0 166 255
26.9188 -15.9736 1.59122 0 166 255
20.9387 -23.8408 -11.8924 0 166 255
26.0259 -11.6131 4.23799 0 166 255
15.5697 -79.8589 14.1009 0 166 255
17.9929 -73.6367 12.6055 0 166 255
18.3608 -44.8862 -12.5298 0 166 255
23.872 -22.4681 -6.04396 0 166 255
26.9338 -44.2578 0.0388694 0 166 255
27.072 16.4711 6.31202 0 166 255
27.1407 -72.594 4.45734 0 166 255
22.769 15.1331 3.80894 0 166 255
24.5169 -53.7417 -5.00186 0 166 255
22.4104 -13.0467 -7.89328 0 166 255
13.0831 -68.1835 13.11 0 166 255
27.8373 -32.9888 12.8436 0 166 255
30.6338 12.6239 -0.676125 0 166 255
27.6129 1.32853 8.69828 0 166 255
24.9104 17.5078 -0.710102 0 166 255
18.7788 -28.0926 -8.74782 0 166 255
18.9978 -60.1886 12.1225 0 166 255
22.6835 12.4373 5.10432 0 166 255
25.7314 -14.9966 5.3372 0 166 255
22.8419 26.1906 6.50726 0 166 255
22.5068 -28.4683 -12.2052 0 166 255
25.8771 -49.3617 15.5343 0 166 255
28.8077 -30.1938 11.5693 0 166 255
18.3399 -12.4246 12.4917 0 166 255
21.6102 6.44068 7.99058 0 166 255
29.5628 -52.2693 -5.66787 0 166 255
12.0812 -62.6527 13.7248 0 166 255
24.4895 -73.1412 10.2969 0 166 255
21.8701 15.2331 9.6818 0 166 255
24.966 4.01833 3.03187 0 166 255
26.0949 -21.7413 6.12279 0 166 255
23.1371 -59.4675 11.2186 0 166 255
26.5614 -51.0791 -1.18928 0 166 255
31.556 -50.1312 6.45236 0 166 255
20.2085 -76.7377 13.0763 0 166 255
17.9752 -35.0531 -8.86469 0 166 255
21.1425 1.91737 7.08421 0 166 255
15.8184 -29.6914 13.7594 0 166 255
19.5792 -7.70504 10.5039 0 166 255
28.9215 -57.5368 12.9725 0 166 255
31.0057 -60.525 -2.49132 0 166 255
26.5506 -12.7715 3.07972 0 166 255
17.6677 -38.8398 12.0826 0 166 255
29.3092 18.927 -5.18072 0 166 255
15.4232 -43.7938 16.1225 0 166 255
24.9034 -44.3228 -4.40629 0 166 255
20.218 -33.1103 11.7144 0 166 255
31.1173 -7.86485 3.45704 0 166 255
21.7029 -49.7249 -12.1854 0 166 255
15.9934 -45.2462 16.3646 0 166 255
22.3672 24.8568 3.94544 0 166 255
22.0444 -46.0623 -11.982 0 166 255
23.7962 -2.8945 -7.30321 0 166 255
29.7353 -31.0064 10.3668 0 166 255
19.9849 -16.0119 9.78992 0 166 255
22.4174 7.86639 4.927 0 166 255
29.5135 -9.67782 7.81255 0 166 255
25.7678 -58.6982 -3.35538 0 166 255
23.6189 -54.2475 10.8521 0 166 255
22.3431 -43.009 16.7734 0 166 255
28.4429 -50.3454 -7.30505 0 166 255
27.7524 -43.7413 13.7294 0 166 255
25.4542 -42.9375 -3.58704 0 166 255
26.5639 -58.4272 6.20327 0 166 255
22.9413 -63.5764 11.3227 0 166 255
24.3781 18.9557 0.282598 0 166 255
26.687 20.288 5.86312 0 166 255
31.5937 -14.5197 1.65145 0 166 255
30.0614 -67.2316 10.9388 0 166 255
21.6644 -32.4976 11.0496 0 166 255
22.0886 -52.243 17.3575 0 166 255
28.6013 13.772 -5.97125 0 166 255
21.0611 -17.5011 9.58575 0 166 255
14.576 -70.1343 16.188 0 166 255
24.2022 -7.4413 -9.19075 0 166 255
22.031 -23.032 -7.65949 0 166 255
17.7687 -37.3661 -11.159 0 166 255
30.9995 -2.89726 2.73507 0 166 255
19.1657 -26.9364 15.948 0 166 255
20.0327 -44.6235 12.4079 0 166 255
30.9404 -36.2683 -2.33894 0 166 255
31.4235 -5.0183 0.299197 0 166 255
24.4422 -11.9501 12.9141 0 166 255
29.6168 -56.237 -5.70577 0 166 255
21.7131 -36.3616 16.4362 0 166 255
25.2241 -45.733 15.7434 0 166 255
30.2276 -15.8681 7.64705 0 166 255
27.9563 -20.3663 -8.88956 0 166 255
19.9437 -30.6799 16.2504 0 166 255
26.6887 -55.8086 -0.981593 0 166 255
15.9919 -42.3657 -9.30246 0 166 255
24.7153 -56.9213 -9.72746 0 166 255
19.8339 -51.5064 -11.5733 0 166 255
26.5822 -16.4209 3.78613 0 166 255
19.7474 -46.7586 -8.47951 0 166 255
25.6355 -41.1549 -3.31067 0 166 255
24.3218 -76.8951 17.6713 0 166 255
22.4449 -2.96649 -9.08142 0 166 255
30.1174 11.8182 2.1136 0 166 255
31.5596 -41.1995 6.36036 0 166 255
18.2031 -22.9648 10.8778 0 166 255
22.5049 -4.19234 12.6369 0 166 255
18.0201 -46.4632 -12.4425 0 166 255
22.3902 11.8835 10.2806 0 166 255
30.0538 -42.5924 -4.71729 0 166 255
20.4452 -51.9273 -10.0923 0 166 255
27.2251 -67.129 2.39995 0 166 255
25.1323 12.8753 -6.84299 0 166 255
26.1252 1.46326 1.02522 0 166 255
30.2356 -33.4558 9.721 0 166 255
16.5158 -48.387 -9.31792 0 166 255
23.3712 -19.9695 14.3803 0 166 255
28.7282 -20.4138 10.6287 0 166 255
31.241 -4.0176 -1.57307 0 166 255
25.7184 3.06701 1.8721 0 166 255
27.1248 -67.9204 4.04335 0 166 255
24.9593 -71.1705 9.83305 0 166 255
24.4596 -16.0532 -9.91503 0 166 255
30.2084 -54.7459 10.8227 0 166 255
14.397 -76.7186 16.3955 0 166 255
30.9301 -53.8306 -2.46865 0 166 255
30.1174 6.27448 -5.65339 0 166 255
22.7626 -17.3708 -10.5544 0 166 255
14.9095 -46.8315 15.9388 0 166 255
27.1532 -36.46 13.7396 0 166 255
12.4609 -70.9509 15.0664 0 166 255
16.738 -22.5802 15.3254 0 166 255
12.1848 -57.2073 13.9538 0 166 255
21.6787 -31.7679 -12.3424 0 166 255
14.9388 -59.3825 16.1021 0 166 255
18.0919 -67.6374 17.4588 0 166 255
22.8921 -11.7492 13.5356 0 166 255
24.3507 6.14703 10.3439 0 166 255
31.6303 -34.6736 0.715992 0 166 255
14.1948 -55.7936 15.6477 0 166 255
28.4147 15.7572 -5.45181 0 166 255
26.7655 -30.9715 -0.718702 0 166 255
23.3895 -46.5179 -11.4012 0 166 255
30.3253 -9.96777 6.34897 0 166 255
20.8588 -47.1236 17.344 0 166 255
27.3818 -33.2429 2.68979 0 166 255
26.2496 -46.3142 -9.63307 0 166 255
26.3329 -37.9976 7.59274 0 166 255
25.6024 -20.2017 6.59393 0 166 255
27.144 -53.438 4.61369 0 166 255
26.0642 3.06248 0.220233 0 166 255
16.642 -30.9331 16.0465 0 166 255
25.2737 -2.0064 3.82008 0 166 255
24.0638 -10.2146 12.8673 0 166 255
15.9057 -26.1471 15.4847 0 166 255
29.0473 -69.3601 12.9319 0 166 255
21.5474 -79.8826 12.8529 0 166 255
25.4042 4.7473 -7.52135 0 166 255
18.3724 -57.5122 12.0033 0 166 255
23.8293 -72.9942 17.638 0 166 255
14.4171 -55.8058 11.669 0 166 255
13.5335 -65.8794 12.4776 0 166 255
13.46 -75.0661 15.8562 0 166 255
25.6292 -39.5273 -3.27135 0 166 255
30.7856 -41.2454 -2.8907 0 166 255
26.7576 -49.018 6.32172 0 166 255
26.8091 -73.3899 6.09387 0 166 255
27.2266 -52.1022 3.96722 0 166 255
29.0089 -52.4065 12.765 0 166 255
23.8874 -4.92709 5.77797 0 166 255
28.6069 -15.3571 10.089 0 166 255
30.3277 -70.8089 -0.294289 0 166 255
30.3664 -6.43258 5.83124 0 166 255
29.2955 -29.0552 -6.22062 0 166 255
15.468 -36.4777 15.9874 0 166 255
18.535 -41.8402 -12.4985 0 166 255
28.9546 -48.8101 -6.59887 0 166 255
25.5343 -82.3957 12.8981 0 166 255
25.9523 -27.3715 -2.75891 0 166 255
28.7352 17.2554 -4.98189 0 166 255
28.1777 -26.3618 -8.22856 0 166 255
25.132 -47.3254 -3.98919 0 166 255
28.7922 -17.3611 10.1552 0 166 255
20.317 -0.423576 12.6518 0 166 255
30.52 -36.7678 9.28941 0 166 255
27.4163 -39.3108 2.98851 0 166 255
13.7343 -67.5912 15.6685 0 166 255
22.5843 17.1717 5.46702 0 166 255
20.5736 -62.1153 17.76 0 166 255
25.9167 -60.7281 7.81527 0 166 255
26.3011 -70.6911 16.091 0 166 255
27.7945 -66.1639 -3.39506 0 166 255
22.4742 21.1779 8.11619 0 166 255
30.1426 15.1948 0.903835 0 166 255
20.6599 -13.377 14.3105 0 166 255
24.3005 24.0833 0.539387 0 166 255
19.386 -36.4083 -8.4624 0 166 255
27.04 -64.8726 4.72796 0 166 255
31.3781 -10.064 2.85845 0 166 255
31.2359 -21.7091 5.89572 0 166 255
13.4152 -77.715 14.1922 0 166 255
31.7371 -54.0479 3.32727 0 166 255
18.6119 -29.6618 -8.8611 0 166 255
29.9495 6.03324 4.15094 0 166 255
30.5501 10.9931 -4.14363 0 166 255
24.7502 -29.5176 -4.60975 0 166 255
30.7074 -77.1135 9.3149 0 166 255
25.046 -1.17774 -5.40504 0 166 255
24.152 10.0794 2.52135 0 166 255
15.6595 -77.7354 12.077 0 166 255
20.4925 -32.4379 -8.09797 0 166 255
26.8171 -61.3921 -7.6549 0 166 255
14.9793 -47.5722 -9.58599 0 166 255
18.7467 -51.6929 17.3544 0 166 255
29.0794 -58.4562 -6.53952 0 166 255
29.8594 14.0278 2.19937 0 166 255
30.546 -49.4055 10.0033 0 166 255
27.8658 -72.8283 3.13177 0 166 255
20.1178 -69.4954 12.7363 0 166 255
16.0793 -44.038 -9.2529 0 166 255
26.3923 -59.8013 -8.69179 0 166 255
18.6764 -50.9766 12.4064 0 166 255
25.9259 -64.8047 16.1631 0 166 255
26.9158 -36.8851 5.80621 0 166 255
25.6384 26.7058 5.09895 0 166 255
19.8299 -33.6295 16.5102 0 166 255
14.1636 -45.5958 15.5902 0 166 255
22.1561 -73.2333 18.0455 0 166 255
17.812 -66.9547 11.9982 0 166 255
20.7682 -46.234 12.3293 0 166 255
27.7559 -47.3312 -8.18951 0 166 255
30.5478 -59.2458 9.90182 0 166 255
26.6173 -45.9329 14.8106 0 166 255
11.8392 -67.9271 14.4001 0 166 255
27.1024 -52.252 14.7484 0 166 255
20.9214 -1.32114 7.26014 0 166 255
25.9222 4.93071 -3.25218 0 166 255
22.4181 -42.4546 -11.8545 0 166 255
30.3356 -27.0394 8.82494 0 166 255
23.92 -33.0676 15.4262 0 166 255
21.8288 5.84871 6.40841 0 166 255
17.6054 -75.4727 12.6184 0 166 255
14.3264 -53.215 15.7112 0 166 255
23.4767 -74.5068 11.125 0 166 255
30.9099 -51.4495 -2.57678 0 166 255
31.75 -27.9606 1.96656 0 166 255
13.7047 -42.232 15.3269 0 166 255
13.3486 -72.6393 15.6723 0 166 255
26.3211 -52.5857 -9.53143 0 166 255
26.8731 -52.3524 5.87752 0 166 255
23.2362 -71.119 17.7335 0 166 255
26.209 -52.8037 7.54037 0 166 255
31.0852 -27.3273 7.10546 0 166 255
24.6625 -59.672 9.72498 0 166 255
18.9026 -76.586 18.0648 0 166 255
26.0646 -10.2889 -2.13063 0 166 255
23.3281 -60.9962 10.9385 0 166 255
26.2602 -2.69908 -1.94263 0 166 255
28.5143 -13.6721 9.97294 0 166 255
25.594 -76.5579 9.57234 0 166 255
29.4709 21.7109 -3.78206 0 166 255
28.0855 -65.0184 -4.77043 0 166 255
24.3278 -30.4708 -11.4027 0 166 255
24.3581 18.7188 8.0943 0 166 255
27.1171 -31.0674 4.97399 0 166 255
23.9777 7.69314 3.38134 0 166 255
24.2386 1.8834 4.40634 0 166 255
18.3902 -32.1426 16.3923 0 166 255
30.4121 9.47321 -4.83641 0 166 255
23.8308 -26.0398 -11.8334 0 166 255
26.3421 -78.1347 8.25914 0 166 255
27.1596 -35.0021 0.944694 0 166 255
31.6712 -16.3773 1.81383 0 166 255
30.7944 -27.3739 -2.88965 0 166 255
30.4644 17.4115 -2.52508 0 166 255
25.4658 -25.0792 -3.78486 0 166 255
31.6758 -54.369 4.8669 0 166 255
19.1283 -43.6935 17.1863 0 166 255
28.9583 -11.0933 -7.69299 0 166 255
27.1736 -60.8014 2.62923 0 166 255
26.8637 -21.5654 0.0991435 0 166 255
31.6373 -45.547 1.16201 0 166 255
26.2169 -8.39167 -8.48889 0 166 255
21.8897 -32.0816 -7.37932 0 166 255
21.6263 8.12986 8.70571 0 166 255
30.7936 -4.50598 3.90996 0 166 255
23.1962 -40.393 -11.5695 0 166 255
30.9209 -9.22004 4.63289 0 166 255
24.0819 0.419041 4.79647 0 166 255
28.4897 -56.2157 13.5163 0 166 255
29.8531 -59.0842 -5.30312 0 166 255
26.1854 -6.39708 -2.3637 0 166 255
27.2606 -69.1196 15.179 0 166 255
23.2028 -2.88093 12.2057 0 166 255
15.7125 -27.7358 15.5641 0 166 255
27.6239 -53.2268 -8.31907 0 166 255
16.469 -63.7358 16.8151 0 166 255
27.5695 -77.426 6.61038 0 166 255
30.9552 -14.0887 -2.96839 0 166 255
22.0034 -42.2358 11.703 0 166 255
31.2511 -49.3037 -1.22519 0 166 255
20.1186 -79.3348 17.6134 0 166 255
15.409 -36.9556 13.243 0 166 255
26.64 -26.4 -1.18588 0 166 255
28.7309 14.0564 4.66389 0 166 255
30.8428 -4.45911 -3.44947 0 166 255
27.0062 -57.9794 0.0565419 0 166 255
17.329 -54.9865 11.7333 0 166 255
21.1436 -21.8539 -8.30935 0 166 255
29.3186 -3.06879 7.19759 0 166 255
27.4353 -14.6048 -9.51648 0 166 255
21.8573 -37.4898 11.3559 0 166 255
19.9754 -56.3928 17.5926 0 166 255
16.1348 -52.9542 -10.7195 0 166 255
19.6908 -45.7831 17.3367 0 166 255
24.7094 -1.50738 -8.52588 0 166 255
21.4524 -38.5979 -7.51745 0 166 255
20.9678 -15.2194 14.4701 0 166 255
29.7485 -53.6238 11.6588 0 166 255
23.9385 -15.6524 7.69809 0 166 255
29.3961 -0.28828 6.60247 0 166 255
17.1627 -80.0553 12.7801 0 166 255
27.7701 23.0019 3.958 0 166 255
31.1891 -15.388 -1.82661 0 166 255
29.9874 -83.0222 11.3939 0 166 255
25.3331 -25.1965 14.0167 0 166 255
21.9586 5.54546 11.4245 0 166 255
25.8076 -36.4324 -10.1874 0 166 255
31.7287 -42.8689 4.73986 0 166 255
21.3813 -35.0979 -7.56812 0 166 255
22.3889 -26.8931 10.1489 0 166 255
31.6466 -56.9451 1.48072 0 166 255
25.4759 -45.7206 -3.4245 0 166 255
27.3434 -50.4001 1.51483 0 166 255
31.6203 -68.9411 2.66768 0 166 255
22.35 22.1597 5.51567 0 166 255
24.3651 -58.1247 -8.03673 0 166 255
27.1315 18.2189 5.84346 0 166 255
30.2663 -55.4235 -4.38441 0 166 255
31.5418 -46.9668 0.54833 0 166 255
29.1291 -67.7574 12.7746 0 166 255
25.3621 -52.7986 -3.79069 0 166 255
31.7821 -31.8843 4.05683 0 166 255
25.7325 -13.3721 5.13478 0 166 255
22.7949 23.7784 0.947075 0 166 255
30.8855 -37.8629 -2.52487 0 166 255
27.1242 -50.5031 4.89024 0 166 255
27.949 -73.3467 14.5836 0 166 255
20.7452 -30.8263 -8.00449 0 166 255
24.4335 -20.6644 7.90521 0 166 255
22.6509 -14.7624 -7.61896 0 166 255
27.6441 -17.1535 11.3965 0 166 255
19.3902 -22.841 -11.5313 0 166 255
18.7442 -55.3581 12.2218 0 166 255
30.848 -48.7696 -2.79675 0 166 255
31.6033 -67.4481 3.81163 0 166 255
26.555 -16.2588 12.1974 0 166 255
31.03 -78.4766 8.1842 0 166 255
23.8941 -34.7122 -11.4138 0 166 255
20.8924 -47.0338 -12.4536 0 166 255
27.2966 -52.5224 1.23845 0 166 255
26.5204 -45.3717 7.032 0 166 255
13.2133 -36.1662 14.7835 0 166 255
25.3193 11.4382 8.81942 0 166 255
24.8345 -19.2437 7.36801 0 166 255
25.1736 -32.2761 -3.98292 0 166 255
28.7722 8.43789 5.83355 0 166 255
19.5831 -41.4629 17.0971 0 166 255
29.1677 -32.8064 -6.44284 0 166 255
15.4414 -56.8374 16.284 0 166 255
28.2407 -0.0308609 -7.77876 0 166 255
18.6884 -25.6707 -8.87591 0 166 255
30.8988 -63.5665 -2.95846 0 166 255
16.3731 -24.4323 15.4474 0 166 255
26.6344 -18.5598 12.4334 0 166 255
23.0387 -33.7598 -6.41328 0 166 255
22.9516 -9.81178 -7.52603 0 166 255
24.0292 -82.2944 12.1099 0 166 255
22.344 -47.7694 -11.8797 0 166 255
17.399 -63.7834 11.7025 0 166 255
27.5743 -14.4282 11.1091 0 166 255
23.6847 -81.5832 13.6688 0 166 255
26.4174 -14.3104 3.87051 0 166 255
25.1603 -49.2996 -4.0782 0 166 255
18.7451 -29.3374 16.1799 0 166 255
19.4899 -25.1872 11.0022 0 166 255
30.38 -65.4318 10.272 0 166 255
14.8512 -50.5133 -10.603 0 166 255
15.8967 -23.4669 14.1081 0 166 255
24.6877 -55.88 16.577 0 166 255
24.5584 -66.2167 16.9923 0 166 255
14.4086 -28.6721 14.9384 0 166 255
26.6613 -14.6884 0.0927849 0 166 255
28.1891 22.7416 -0.999393 0 166 255
26.3084 -65.1552 -2.46395 0 166 255
24.8335 -71.5796 17.0897 0 166 255
24.1207 -1.56944 5.13851 0 166 255
16.3475 -53.3984 11.2569 0 166 255
15.9736 -53.2197 16.4625 0 166 255
30.2997 -8.17164 -5.12158 0 166 255
26.2741 -6.73694 2.54619 0 166 255
17.505 -25.9876 11.4842 0 166 255
22.5029 23.0489 7.05215 0 166 255
30.129 3.29856 -5.53124 0 166 255
21.1798 -7.61818 13.4574 0 166 255
31.4433 -14.8288 -0.213858 0 166 255
26.3561 -59.7563 15.6536 0 166 255
30.3429 -51.3843 -4.09692 0 166 255
26.2358 -51.048 15.3561 0 166 255
23.7213 -13.9011 -6.409 0 166 255
26.3307 -62.7531 15.7604 0 166 255
30.4151 -21.5841 -3.93817 0 166 255
25.9449 -31.0245 14.1987 0 166 255
31.0962 -34.2643 7.78544 0 166 255
22.0975 -21.2678 9.67546 0 166 255
23.8477 -45.7115 16.4234 0 166 255
19.6315 -36.7465 -12.3897 0 166 255
26.3089 -28.6081 -1.81324 0 166 255
25.4881 -44.0471 -10.2388 0 166 255
26.4543 -41.2864 7.31909 0 166 255
24.589 -60.2797 -5.2357 0 166 255
29.9371 -40.7406 10.765 0 166 255
24.3096 7.34094 -7.56685 0 166 255
18.6037 -21.6036 -10.6551 0 166 255
31.4847 -69.4737 0.42485 0 166 255
31.5233 -21.6179 4.46038 0 166 255
30.3133 -63.5836 -4.50607 0 166 255
30.5675 14.2401 -0.926734 0 166 255
21.1781 -11.7319 14.0019 0 166 255
26.3629 -34.6989 -9.83093 0 166 255
28.8227 -39.7004 -6.86875 0 166 255
27.0822 -35.3137 5.23581 0 166 255
22.6177 -50.9961 -11.8121 0 166 255
19.1237 -17.3615 10.1433 0 166 255
26.7322 -75.89 6.73191 0 166 255
22.7497 15.5591 5.37976 0 166 255
19.2722 -9.09463 11.0033 0 166 255
27.3639 -82.4334 12.6826 0 166 255
23.7368 -17.5415 -6.27397 0 166 255
26.3377 -36.2865 -1.77505 0 166 255
29.3599 -78.3889 6.76361 0 166 255
18.2512 -9.00216 13.8749 0 166 255
31.5263 -13.0706 1.14616 0 166 255
31.6276 -60.2753 1.73269 0 166 255
24.4513 -31.207 -4.93812 0 166 255
25.2547 -51.9101 8.98899 0 166 255
22.1993 -54.2008 -7.8913 0 166 255
29.1613 -16.5966 -7.16152 0 166 255
13.8405 -79.3289 13.6848 0 166 255
26.3445 -4.69518 1.49279 0 166 255
