ply
format ascii 1.0
comment Created by Open3D
element vertex 4096
property double x
property double y
property double z
property uchar red
property uchar green
property uchar blue
end_header
12.4248 37.21 -6.08075 255 191 0
11.4799 20.0966 4.00272 255 191 0
13.687 35.9673 -5.13356 255 191 0
17.989 11.7372 6.74579 255 191 0
4.71171 -24.3792 -7.29455 255 191 0
17.1182 14.0323 2.38074 255 191 0
17.8883 31.1955 -3.01483 255 191 0
19.8454 45.3719 -8.22142 255 191 0
4.04415 4.06293 -3.22751 255 191 0
9.6934 25.6657 -3.70918 255 191 0
10.2485 22.7787 -4.60875 255 191 0
20.0883 5.88468 5.28271 255 191 0
18.7491 32.1394 0.382495 255 191 0
12.8566 49.8217 -9.22234 255 191 0
12.8384 23.4917 2.9642 255 191 0
8.46403 -2.78138 -2.51501 255 191 0
8.56792 21.815 -1.30642 255 191 0
10.2063 29.4743 -3.9518 255 191 0
3.48537 -13.2819 -5.62564 255 191 0
22.4315 15.5209 2.81634 255 191 0
14.0839 11.8615 1.62536 255 191 0
15.129 -14.3297 -10.4347 255 191 0
17.8762 -1.94186 9.78041 255 191 0
13.4872 -1.15408 4.43058 255 191 0
22.6617 21.9081 3.1511 255 191 0
22.0594 45.4913 -9.26817 255 191 0
16.5569 40.728 -6.14422 255 191 0
9.56764 23.1294 -5.65537 255 191 0
3.9618 1.15484 -3.16786 255 191 0
11.5703 25.2156 2.74658 255 191 0
14.7849 -4.46848 6.23057 255 191 0
5.31683 -9.6451 1.78239 255 191 0
13.8472 -3.61537 5.40164 255 191 0
6.13521 -10.5215 3.65702 255 191 0
7.61909 3.56188 3.58166 255 191 0
21.7963 38.5436 -2.46716 255 191 0
15.7231 10.7054 7.48298 255 191 0
23.3957 24.7868 0.828093 255 191 0
18.2989 32.7346 -3.58742 255 191 0
9.93159 19.5302 -4.24289 255 191 0
5.97688 12.3484 -3.69999 255 191 0
10.5235 4.79764 -0.198238 255 191 0
21.3593 43.4908 -8.3936 255 191 0
13.7175 40.2707 -2.67644 255 191 0
17.32 -26.87 -12.7905 255 191 0
8.86286 -18.1027 -11.5672 255 191 0
13.7395 8.15463 2.15848 255 191 0
7.47883 -24.797 -4.98427 255 191 0
4.93268 -21.626 -3.69234 255 191 0
14.1242 -19.2108 -13.7033 255 191 0
11.1678 10.8418 5.88181 255 191 0
19.9285 24.7379 -1.2277 255 191 0
6.12074 -0.0586603 1.93163 255 191 0
8.16883 -15.9279 -11.4494 255 191 0
16.897 -23.4518 -11.021 255 191 0
6.17304 17.8735 -1.33349 255 191 0
11.054 0.767517 1.39235 255 191 0
14.2739 -26.3633 -7.74693 255 191 0
6.65066 -2.57326 3.2657 255 191 0
9.04925 -11.2778 -12.2815 255 191 0
10.9583 24.7291 -4.30781 255 191 0
22.4762 16.0458 1.86606 255 191 0
11.5846 -21.9983 -12.5879 255 191 0
12.0559 -17.6819 -13.4092 255 191 0
18.1868 -0.752344 6.95698 255 191 0
16.8606 20.6581 0.314089 255 191 0
13.9831 -31.796 -11.0327 255 191 0
20.6544 -0.231344 7.83496 255 191 0
3.88868 -13.1703 -2.10436 255 191 0
8.8871 -8.93983 5.83052 255 191 0
4.6777 -5.40549 -0.359895 255 191 0
21.1492 5.13451 6.86928 255 191 0
20.6147 50.0835 -9.65699 255 191 0
23.7835 48.3675 -7.94855 255 191 0
14.6882 2.89596 4.33411 255 191 0
21.3329 31.4499 -4.05227 255 191 0
13.4293 23.1548 -1.75181 255 191 0
10.9124 -6.71447 3.29162 255 191 0
12.2146 -28.8907 -11.9362 255 191 0
11.2771 -9.81309 -9.12131 255 191 0
21.5691 39.5425 -7.05757 255 191 0
4.69718 -1.69849 -0.786294 255 191 0
16.6575 -2.42906 9.09904 255 191 0
10.6323 -27.4534 -6.72237 255 191 0
3.39904 -7.11302 -6.91161 255 191 0
6.38685 -20.7688 -2.27083 255 191 0
8.81226 -20.3188 -4.36627 255 191 0
14.7581 42.8868 -7.00645 255 191 0
12.648 9.69087 1.00317 255 191 0
8.36477 -11.6148 -4.34682 255 191 0
3.90645 -3.44396 -8.38382 255 191 0
23.6564 27.1745 0.171918 255 191 0
7.87267 -13.7637 2.83484 255 191 0
16.9766 10.379 7.6663 255 191 0
12.3572 27.7162 -3.67519 255 191 0
23.6311 42.2499 -5.00803 255 191 0
9.74028 17.0459 -4.08587 255 191 0
20.9418 34.4974 -4.91405 255 191 0
9.16657 -23.1273 -10.8794 255 191 0
12.074 49.6564 -8.1682 255 191 0
4.06822 -7.35686 -2.00227 255 191 0
17.7822 10.1721 3.75133 255 191 0
10.6846 35.2433 -5.4666 255 191 0
20.9994 19.1504 4.70366 255 191 0
12.7519 52.6031 -8.07154 255 191 0
12.2118 39.421 -2.75012 255 191 0
20.4384 39.5766 -6.4335 255 191 0
5.02288 -5.82447 0.568579 255 191 0
13.06 12.2651 6.83493 255 191 0
12.5773 31.8178 0.216162 255 191 0
10.6933 -0.500767 1.28435 255 191 0
9.57507 -15.5699 -6.17301 255 191 0
8.49092 -16.0639 -1.02054 255 191 0
22.4981 36.7842 -6.66737 255 191 0
21.7054 43.5612 -4.34557 255 191 0
20.1385 0.438623 6.9427 255 191 0
8.81454 -13.7715 -12.4687 255 191 0
14.9136 33.9624 -0.560684 255 191 0
7.33575 11.3358 1.84585 255 191 0
11.791 -10.1814 6.04812 255 191 0
17.4682 -25.4568 -11.7413 255 191 0
19.971 9.0028 4.25455 255 191 0
17.394 0.660515 9.51637 255 191 0
3.87608 -19.5679 -2.72526 255 191 0
11.3827 18.1264 -2.31455 255 191 0
10.3828 8.03634 -1.0427 255 191 0
10.0899 29.7556 -4.96481 255 191 0
3.38773 -3.78332 -5.95189 255 191 0
8.05615 5.29062 -5.82754 255 191 0
15.556 8.44359 7.85605 255 191 0
3.5337 -10.7289 -7.49823 255 191 0
9.89503 1.31082 -0.526599 255 191 0
17.4287 -24.225 -11.9351 255 191 0
16.964 -4.23539 7.46226 255 191 0
12.8879 34.9692 -5.26525 255 191 0
7.18789 -9.39458 -11.4364 255 191 0
9.30541 -6.68518 -10.2671 255 191 0
18.7608 10.9402 6.98407 255 191 0
6.10368 -12.6019 -11.0556 255 191 0
6.05623 -3.14957 -9.0198 255 191 0
20.5572 19.0391 0.955464 255 191 0
5.16948 -16.9185 -0.153817 255 191 0
19.3983 12.6151 6.52498 255 191 0
14.2631 -30.495 -12.2286 255 191 0
16.1415 -26.4297 -8.96315 255 191 0
10.9484 6.81052 -0.184408 255 191 0
20.2237 -2.2849 7.69431 255 191 0
10.4511 -10.8392 -8.14172 255 191 0
8.39503 -14.3004 -4.05707 255 191 0
20.5881 27.5249 1.6628 255 191 0
3.44581 -5.58045 -8.20328 255 191 0
22.4583 29.6646 0.391408 255 191 0
11.751 21.6675 3.80762 255 191 0
21.9624 49.4633 -6.90454 255 191 0
21.0848 6.24015 7.32542 255 191 0
8.83311 -14.4421 2.84208 255 191 0
8.08071 -18.4119 -10.9056 255 191 0
7.95935 1.85538 -6.30898 255 191 0
22.1052 12.6819 4.38908 255 191 0
15.6385 29.9022 0.824579 255 191 0
4.65288 -21.344 -8.20432 255 191 0
7.78421 17.9474 -3.2165 255 191 0
14.7453 -19.4244 -9.25897 255 191 0
22.8203 20.1883 2.4677 255 191 0
17.3997 45.1285 -7.45025 255 191 0
8.04562 -2.76522 -4.95162 255 191 0
4.71538 -11.4727 0.506057 255 191 0
19.0859 6.46855 8.71761 255 191 0
15.2846 56.9895 -10.4807 255 191 0
11.3867 37.687 -6.64582 255 191 0
19.3274 42.2732 -3.14279 255 191 0
14.4914 -18.0499 -9.46059 255 191 0
16.3386 -1.17154 9.1058 255 191 0
17.3422 -31.6795 -10.7745 255 191 0
18.2983 43.6639 -3.50592 255 191 0
10.9509 -7.794 3.57943 255 191 0
6.33316 -18.3722 -0.758425 255 191 0
9.16773 21.8542 0.0833602 255 191 0
13.2056 -21.0126 -8.23356 255 191 0
6.45962 -17.2719 0.0231924 255 191 0
10.5275 27.6627 -1.70977 255 191 0
7.22709 1.45474 3.4304 255 191 0
10.1919 23.3854 -0.731411 255 191 0
15.361 16.1175 5.49009 255 191 0
18.5684 46.1514 -4.39812 255 191 0
8.31999 -8.35128 -1.69038 255 191 0
13.3498 20.4258 3.96978 255 191 0
8.85044 18.3029 2.24271 255 191 0
7.35204 -3.76876 -9.48373 255 191 0
9.37649 17.6431 -4.91652 255 191 0
19.8494 19.3604 4.40393 255 191 0
8.73703 -11.0367 4.67565 255 191 0
9.09504 3.09897 -2.28528 255 191 0
15.4033 54.5144 -10.4251 255 191 0
19.493 31.581 -3.41506 255 191 0
10.8706 31.7643 -2.70685 255 191 0
23.9762 28.7321 -1.94799 255 191 0
19.2206 29.1068 -2.51981 255 191 0
13.6573 47.023 -5.03896 255 191 0
13.4621 27.9943 -3.03445 255 191 0
10.1741 -10.9162 -12.0744 255 191 0
14.135 -7.0168 6.70405 255 191 0
6.71078 18.3865 -0.209367 255 191 0
15.7384 17.942 4.74136 255 191 0
21.9588 11.708 4.84069 255 191 0
12.2255 4.56364 1.67693 255 191 0
8.82874 21.7056 1.18747 255 191 0
19.6858 34.5419 -4.39558 255 191 0
9.49383 -3.56148 0.243049 255 191 0
8.35471 -14.5345 -1.80791 255 191 0
21.6045 47.7681 -9.94975 255 191 0
14.9235 -32.6786 -9.16826 255 191 0
8.32197 -18.8748 -1.55194 255 191 0
14.2516 54.0132 -10.2526 255 191 0
3.44843 -8.99176 -5.60186 255 191 0
11.7699 -6.10449 4.19325 255 191 0
14.3567 19.4288 4.24041 255 191 0
14.2507 -0.158517 4.80782 255 191 0
19.3564 -3.78463 10.1808 255 191 0
4.49378 -23.0551 -7.33337 255 191 0
15.0419 51.3326 -6.21121 255 191 0
11.9827 25.9281 1.97885 255 191 0
9.04537 -0.575998 6.08 255 191 0
7.53222 -14.5562 -11.3863 255 191 0
7.99784 0.644146 -6.12902 255 191 0
5.32704 13.1887 -1.50623 255 191 0
14.0561 14.5367 0.951256 255 191 0
8.89684 -4.56501 -0.680775 255 191 0
19.613 8.8431 7.61733 255 191 0
12.438 37.7052 -1.80448 255 191 0
6.45507 -7.67942 -10.7805 255 191 0
12.2517 30.6871 -4.45229 255 191 0
8.6737 -15.9317 -4.74706 255 191 0
23.5733 46.276 -8.68594 255 191 0
15.776 45.1409 -7.49805 255 191 0
9.53166 -22.5373 -4.84498 255 191 0
6.63406 -19.3734 -1.22008 255 191 0
22.798 25.7237 1.58637 255 191 0
9.8023 -5.41307 6.65318 255 191 0
10.0546 25.5821 -2.4488 255 191 0
21.4899 9.7802 6.62211 255 191 0
5.72084 7.31581 0.137238 255 191 0
18.6481 21.3713 0.299542 255 191 0
20.7959 7.31637 8.24023 255 191 0
22.5046 39.4169 -7.72064 255 191 0
13.7137 32.2436 -0.0798386 255 191 0
6.2774 -24.5114 -8.78578 255 191 0
14.5162 14.8437 6.0461 255 191 0
8.52762 -12.0622 4.06868 255 191 0
5.13132 11.0825 -1.56924 255 191 0
5.94222 13.8361 -0.549054 255 191 0
7.27932 -13.1355 -11.4483 255 191 0
8.17969 19.9894 -2.24219 255 191 0
8.21188 -5.54985 -2.69435 255 191 0
12.0123 38.2845 -2.78683 255 191 0
3.64409 -1.63125 -4.15313 255 191 0
10.4671 1.33782 0.458347 255 191 0
16.1777 20.3237 3.80229 255 191 0
20.6649 36.5685 -1.41136 255 191 0
16.6896 13.0554 6.64105 255 191 0
11.0628 21.7869 -3.55232 255 191 0
22.6145 47.3428 -6.41662 255 191 0
24.0833 29.9231 -1.19879 255 191 0
21.0701 12.1949 3.12215 255 191 0
13.0771 54.5419 -9.42722 255 191 0
9.41475 -19.7125 -5.28077 255 191 0
6.97387 -3.63872 3.96051 255 191 0
6.7181 -9.90962 4.43955 255 191 0
14.1803 -22.339 -13.2319 255 191 0
21.6905 15.7507 5.83716 255 191 0
14.6246 1.22142 4.74056 255 191 0
8.00624 -6.01318 -10.4113 255 191 0
4.43283 2.89605 -2.02328 255 191 0
12.5955 -1.86769 3.69748 255 191 0
16.8527 17.2355 1.40167 255 191 0
10.2824 22.541 2.6117 255 191 0
17.7791 14.9454 2.31198 255 191 0
8.04814 -4.88285 -4.21873 255 191 0
15.2727 16.6814 1.02811 255 191 0
18.2745 4.70494 5.52756 255 191 0
4.88599 -3.03855 -0.170845 255 191 0
19.5571 0.103321 10.5196 255 191 0
8.53127 -7.91495 -5.96165 255 191 0
8.3444 -9.5895 -1.6304 255 191 0
15.7398 7.25186 7.91375 255 191 0
11.0234 -9.26366 -10.7266 255 191 0
15.9597 -30.3289 -9.46346 255 191 0
22.2035 41.3948 -8.21606 255 191 0
19.3946 38.1594 -1.71371 255 191 0
5.92764 1.36092 1.36672 255 191 0
16.8288 -27.4687 -10.8338 255 191 0
6.91692 9.06478 1.67822 255 191 0
7.82081 6.05312 3.40313 255 191 0
9.90973 -26.3434 -5.81471 255 191 0
3.48729 -12.3452 -6.48611 255 191 0
19.6514 12.4363 3.21918 255 191 0
16.0204 41.9298 -2.94791 255 191 0
16.3339 22.7098 3.12405 255 191 0
6.32179 -11.2802 -11.4991 255 191 0
8.65656 11.2243 -5.09315 255 191 0
17.7264 48.3447 -8.57048 255 191 0
22.4524 19.5306 4.01369 255 191 0
12.0932 36.1872 -1.91565 255 191 0
8.33763 13.9059 -6.14587 255 191 0
3.8292 -20.6052 -6.3257 255 191 0
7.68339 9.13557 2.6823 255 191 0
21.4029 30.4458 0.476275 255 191 0
13.0464 -4.17842 4.74137 255 191 0
16.8939 38.7996 -1.83177 255 191 0
15.3663 48.9332 -8.69632 255 191 0
15.613 -29.4456 -12.4579 255 191 0
16.8623 -16.3334 -11.2207 255 191 0
5.29594 -0.807178 -7.54576 255 191 0
13.0627 39.3055 -2.11562 255 191 0
18.358 8.96009 7.92154 255 191 0
9.17378 -15.5196 1.74875 255 191 0
6.90531 -25.4726 -7.11369 255 191 0
6.28207 6.86426 1.12428 255 191 0
12.2564 -24.7795 -12.441 255 191 0
13.4163 -12.3914 -11.2211 255 191 0
16.3274 15.0662 1.89849 255 191 0
5.69091 4.74483 -6.21208 255 191 0
21.5521 16.4766 1.50258 255 191 0
4.16846 8.66849 -3.38123 255 191 0
13.0512 25.8653 2.19331 255 191 0
8.27837 -15.4011 -3.70616 255 191 0
14.4588 12.8349 6.81318 255 191 0
17.2473 -17.6897 -10.7846 255 191 0
16.8328 52.8813 -9.99077 255 191 0
8.82851 14.1806 3.03333 255 191 0
8.66333 4.31468 -3.56959 255 191 0
17.5689 11.5783 3.26782 255 191 0
16.9125 3.89758 5.24473 255 191 0
8.95823 -20.3733 -11.1249 255 191 0
12.8746 28.7696 -3.58431 255 191 0
10.3232 0.777163 7.09671 255 191 0
4.37135 5.4738 -5.05229 255 191 0
10.8982 -28.8802 -10.4295 255 191 0
22.6318 30.9423 -4.57881 255 191 0
14.8033 -4.60379 8.68326 255 191 0
11.5788 -15.5901 -8.11535 255 191 0
10.5557 34.236 -5.37441 255 191 0
15.2421 39.1883 -5.86378 255 191 0
14.5624 46.6214 -4.7243 255 191 0
8.20544 -4.93745 5.92356 255 191 0
6.82522 3.17957 2.54708 255 191 0
7.31094 13.7648 -5.73697 255 191 0
12.5036 23.3872 -2.43729 255 191 0
13.1428 30.1688 -3.75959 255 191 0
17.4431 -26.676 -11.5782 255 191 0
19.5266 44.1732 -7.64335 255 191 0
8.9398 22.1175 -5.8974 255 191 0
11.5805 15.0775 -1.34256 255 191 0
10.7292 20.413 -3.55773 255 191 0
22.3697 16.2424 3.89499 255 191 0
4.2214 -8.86617 -1.3351 255 191 0
16.1775 -32.1627 -12.0417 255 191 0
6.50177 -10.1946 -11.5004 255 191 0
8.9985 21.791 -3.36662 255 191 0
9.74959 -12.5116 4.25053 255 191 0
13.539 29.35 1.01897 255 191 0
12.8797 34.6458 -0.606438 255 191 0
21.0316 50.9714 -7.05067 255 191 0
12.6919 21.0086 -1.69767 255 191 0
4.1019 -12.2783 -1.35063 255 191 0
8.79013 -16.5467 0.77834 255 191 0
6.08755 -22.6737 -3.32648 255 191 0
3.83581 -5.46532 -3.07041 255 191 0
16.9732 -29.4203 -12.4648 255 191 0
9.73521 -7.53835 1.49828 255 191 0
15.32 0.0854168 5.50569 255 191 0
11.0079 -12.7829 -12.709 255 191 0
9.64104 3.01331 6.03574 255 191 0
17.8021 25.7489 2.38204 255 191 0
12.3495 18.4248 4.91088 255 191 0
5.306 -2.8976 0.797841 255 191 0
12.5275 -24.7521 -6.94282 255 191 0
3.98513 -21.6308 -4.39561 255 191 0
23.1475 29.3919 -3.84329 255 191 0
16.0018 33.5245 -0.226301 255 191 0
9.09854 -19.1956 -11.5163 255 191 0
14.4379 21.2916 3.62091 255 191 0
19.8492 -1.36514 10.2818 255 191 0
8.33776 -8.45806 -5.02676 255 191 0
7.95571 -26.1511 -9.81282 255 191 0
20.1193 22.907 -0.533741 255 191 0
8.21787 17.2547 1.82267 255 191 0
17.3981 46.8543 -4.59347 255 191 0
20.9192 25.4351 -1.78415 255 191 0
3.78723 -4.623 -8.86833 255 191 0
22.1974 14.3852 2.03686 255 191 0
19.4107 27.4671 -1.96782 255 191 0
12.192 29.5273 -4.21531 255 191 0
13.235 -27.1242 -6.94416 255 191 0
11.9032 31.7111 -0.669157 255 191 0
11.1847 39.8907 -6.94715 255 191 0
7.84487 -26.3095 -7.8428 255 191 0
14.8518 17.5647 0.573489 255 191 0
3.72303 -15.8937 -7.36569 255 191 0
3.4506 -4.72871 -5.26131 255 191 0
19.149 -2.70821 7.72071 255 191 0
19.0397 48.5842 -5.38983 255 191 0
20.3664 47.5822 -9.33545 255 191 0
17.6527 32.5978 0.250089 255 191 0
18.1297 15.4989 5.56783 255 191 0
10.5749 28.7994 -2.17216 255 191 0
16.2803 -21.8116 -13.5485 255 191 0
10.3405 -3.31165 1.68278 255 191 0
11.8668 -30.4707 -9.52889 255 191 0
14.7167 20.1863 -0.182191 255 191 0
7.42408 -16.9857 0.422559 255 191 0
16.3118 0.497176 5.92282 255 191 0
21.4577 42.265 -7.96634 255 191 0
7.7314 -11.5681 -12.0419 255 191 0
9.96339 -18.8515 -12.2498 255 191 0
17.9647 38.1218 -1.57493 255 191 0
15.7802 20.2982 0.193423 255 191 0
18.6061 18.6371 1.22444 255 191 0
17.6077 -20.2887 -11.7724 255 191 0
10.7744 -7.24861 -9.35319 255 191 0
12.379 16.647 -0.929527 255 191 0
8.19345 -10.7743 -3.25592 255 191 0
13.0347 -1.63632 7.96844 255 191 0
20.6918 48.6778 -5.93952 255 191 0
3.45421 -11.1743 -6.47971 255 191 0
19.0289 7.6752 8.22064 255 191 0
22.1738 34.0911 -5.4422 255 191 0
15.4924 9.17949 3.2004 255 191 0
9.48228 10.4557 4.44983 255 191 0
13.1824 26.8665 -2.90652 255 191 0
9.78446 -20.0336 -11.9229 255 191 0
3.5444 -13.5688 -4.21153 255 191 0
3.8338 -18.4281 -1.91581 255 191 0
21.6389 28.4735 -3.08595 255 191 0
14.9514 22.2777 -0.681434 255 191 0
3.72762 -21.4069 -5.63943 255 191 0
12.47 50.8222 -7.56915 255 191 0
16.2085 16.8942 5.18108 255 191 0
13.6717 3.64364 7.6185 255 191 0
14.9237 14.3718 1.49417 255 191 0
7.45062 -8.4122 -11.1386 255 191 0
18.5412 7.45731 4.74921 255 191 0
6.07099 -24.5889 -4.65835 255 191 0
8.19485 4.46661 -5.09302 255 191 0
8.73591 21.2607 -4.31659 255 191 0
8.04717 -4.08169 -5.22692 255 191 0
13.7511 -4.66779 8.22097 255 191 0
10.2301 6.48047 -1.0595 255 191 0
16.2464 45.1579 -4.00982 255 191 0
14.9398 -32.3391 -8.08719 255 191 0
6.82488 12.1655 -5.57152 255 191 0
13.6231 53.9411 -7.48825 255 191 0
3.73807 -17.1862 -2.32837 255 191 0
14.5452 -0.72711 8.35078 255 191 0
20.7674 48.4733 -9.88921 255 191 0
10.9819 -28.3821 -7.36476 255 191 0
16.5801 29.5392 1.09816 255 191 0
9.2349 -12.1285 1.03225 255 191 0
13.8147 19.2176 -0.432205 255 191 0
6.32741 -13.5465 2.60064 255 191 0
10.5563 4.02506 6.70875 255 191 0
8.26046 15.3325 2.21803 255 191 0
16.2824 13.4473 2.35923 255 191 0
20.3465 17.3391 1.57446 255 191 0
11.2469 16.2767 -1.99999 255 191 0
14.3616 27.0418 -2.31495 255 191 0
11.2974 12.2783 5.67559 255 191 0
14.3662 -5.8085 8.1476 255 191 0
18.9768 11.0599 3.58811 255 191 0
14.0899 -33.9288 -8.31025 255 191 0
21.6987 32.7262 -0.382799 255 191 0
11.4083 8.6002 6.50693 255 191 0
5.28042 11.5253 -3.5492 255 191 0
9.62784 -24.236 -11.0233 255 191 0
10.3535 -16.4724 -6.83166 255 191 0
3.87584 5.07866 -3.80689 255 191 0
5.24903 15.2372 -2.04207 255 191 0
12.2806 -0.24848 2.96028 255 191 0
5.72567 -6.07769 2.12023 255 191 0
13.5398 9.0946 7.48641 255 191 0
11.841 30.5631 -0.353944 255 191 0
20.2013 -3.35235 9.27498 255 191 0
12.1214 50.6329 -8.92372 255 191 0
4.10047 -16.2146 -8.36199 255 191 0
22.9789 32.9507 -5.56725 255 191 0
5.06692 -22.7628 -8.27629 255 191 0
23.7256 40.7516 -4.47288 255 191 0
16.0748 18.1659 0.907979 255 191 0
19.5924 41.2001 -2.80374 255 191 0
3.53325 -17.7261 -4.89357 255 191 0
15.5174 12.6542 2.23954 255 191 0
17.7987 25.4712 -1.08932 255 191 0
14.091 24.9488 2.42131 255 191 0
11.3911 -8.38975 -9.68808 255 191 0
3.88967 -6.29162 -9.17712 255 191 0
22.5711 39.9137 -3.35098 255 191 0
14.3451 -29.0487 -7.43691 255 191 0
13.1917 -30.8909 -11.4022 255 191 0
11.2291 26.949 0.0325625 255 191 0
8.25781 0.644391 -4.25668 255 191 0
4.83711 -5.2586 -9.73537 255 191 0
23.085 47.2146 -9.71727 255 191 0
9.44997 9.65138 -3.02094 255 191 0
14.1429 29.6951 -3.16454 255 191 0
15.8119 -19.194 -9.512 255 191 0
14.3088 56.3823 -10.592 255 191 0
12.4017 -3.655 4.07547 255 191 0
21.4058 7.63606 6.31488 255 191 0
19.4768 9.92139 3.95131 255 191 0
9.89976 13.6701 -3.24273 255 191 0
13.2706 -32.6646 -8.13116 255 191 0
9.82429 26.9091 -4.02806 255 191 0
5.69482 -7.43302 2.29728 255 191 0
20.2403 -2.1742 9.24997 255 191 0
12.7153 45.1585 -7.98307 255 191 0
10.0515 10.1431 -2.05589 255 191 0
15.9636 -16.2391 -11.9914 255 191 0
14.0859 -12.7102 -10.3164 255 191 0
17.7403 -0.73235 9.8273 255 191 0
14.4065 55.6793 -8.48419 255 191 0
9.08296 7.89903 -3.38048 255 191 0
16.5675 -24.5804 -10.4964 255 191 0
6.94751 12.1971 1.19194 255 191 0
9.41863 -11.9389 -6.69228 255 191 0
3.91982 -8.92948 -2.42325 255 191 0
8.47153 -12.8584 -4.22618 255 191 0
8.03082 -10.2901 -11.95 255 191 0
13.303 42.656 -3.38076 255 191 0
13.2962 19.0208 4.36194 255 191 0
15.4761 38.5741 -1.94196 255 191 0
3.83605 3.11868 -6.06483 255 191 0
7.11289 -25.4142 -9.28082 255 191 0
14.5937 -22.7951 -8.55886 255 191 0
3.53409 -20.1905 -4.42629 255 191 0
22.311 48.4105 -6.67151 255 191 0
14.3642 -33.5757 -9.33803 255 191 0
10.7088 32.6847 -3.82509 255 191 0
21.0659 3.72633 6.85734 255 191 0
23.5431 45.1632 -6.17358 255 191 0
12.7942 36.3572 -1.16741 255 191 0
23.0271 49.2209 -7.5386 255 191 0
23.0925 35.6836 -6.6032 255 191 0
19.0635 3.75704 9.84466 255 191 0
24.1313 37.2712 -6.09931 255 191 0
15.9348 -24.2348 -8.77245 255 191 0
11.4188 -10.3812 -11.1544 255 191 0
18.0361 43.6805 -7.04192 255 191 0
16.4629 30.6595 0.733091 255 191 0
14.2137 10.4264 2.09605 255 191 0
11.9369 -9.46944 -10.1137 255 191 0
15.3969 -2.80564 6.16819 255 191 0
3.41758 -7.85327 -5.91844 255 191 0
10.98 -24.9012 -11.8802 255 191 0
6.03343 11.7099 -0.0783834 255 191 0
13.7708 45.1629 -7.78077 255 191 0
10.5059 30.3009 -2.94491 255 191 0
15.3982 -1.54417 8.5507 255 191 0
20.0632 24.4112 2.75942 255 191 0
3.80923 -2.61953 -3.40041 255 191 0
16.4893 25.84 -1.2797 255 191 0
22.9109 20.1126 1.16674 255 191 0
9.96778 5.34345 -1.26472 255 191 0
8.56576 -17.0682 -0.506684 255 191 0
11.4309 25.4071 1.21245 255 191 0
11.4206 30.6339 -5.12632 255 191 0
22.713 33.003 -0.89474 255 191 0
15.1441 42.5379 -3.27892 255 191 0
23.8913 27.4138 -2.25347 255 191 0
24.1693 38.0843 -4.47152 255 191 0
19.0581 2.23945 6.39955 255 191 0
14.2669 -32.6152 -10.4275 255 191 0
21.6109 8.37199 5.38203 255 191 0
9.57076 -25.171 -4.6168 255 191 0
8.31288 -12.6486 -12.2715 255 191 0
18.7529 -1.83871 10.3568 255 191 0
5.34526 6.06564 -0.379542 255 191 0
4.26855 -21.7633 -7.11959 255 191 0
14.442 -29.0986 -12.4139 255 191 0
8.88336 12.3472 -4.79407 255 191 0
16.4833 5.74485 4.53115 255 191 0
14.0078 49.1156 -8.89489 255 191 0
12.1311 -20.7486 -12.9749 255 191 0
9.09815 -4.34032 6.54498 255 191 0
7.26835 -16.5324 -10.8274 255 191 0
8.52376 17.501 -5.62305 255 191 0
3.54423 -5.72381 -4.6026 255 191 0
13.4858 31.8714 -4.10231 255 191 0
14.4156 -2.41435 5.50307 255 191 0
16.5095 -18.2389 -13.2329 255 191 0
10.5049 -1.85416 1.46021 255 191 0
9.04817 23.4798 -4.27816 255 191 0
12.9751 -19.8009 -13.3477 255 191 0
21.9083 26.9389 1.49912 255 191 0
7.91088 8.12426 -6.67813 255 191 0
8.65302 1.60171 -3.08244 255 191 0
15.6783 44.0505 -3.68469 255 191 0
13.0691 49.1383 -5.84934 255 191 0
22.7335 18.3269 1.81955 255 191 0
6.43259 -13.9092 -10.987 255 191 0
9.89566 -8.37623 6.16347 255 191 0
5.83536 -25.2718 -7.51828 255 191 0
12.8047 13.3751 6.43083 255 191 0
21.5938 15.3252 1.79432 255 191 0
8.55644 -26.9786 -8.45447 255 191 0
17.4737 55.1733 -8.2483 255 191 0
14.1557 41.755 -3.23767 255 191 0
11.5529 36.1066 -6.34115 255 191 0
21.6586 31.6363 0.00777287 255 191 0
14.5607 21.2811 -0.571422 255 191 0
13.5186 -6.14895 5.68645 255 191 0
14.5462 48.5244 -5.34707 255 191 0
5.65753 12.4339 -0.824469 255 191 0
19.5571 13.5233 2.86275 255 191 0
9.64101 4.12098 -1.53544 255 191 0
17.9131 41.1063 -6.1439 255 191 0
4.15983 -13.2945 -0.969688 255 191 0
13.7409 1.38827 4.00405 255 191 0
11.9988 42.0437 -4.52889 255 191 0
18.6628 38.8447 -5.54345 255 191 0
6.24442 3.73379 1.5682 255 191 0
6.52604 19.1489 -1.21988 255 191 0
6.16481 15.4308 -0.477864 255 191 0
19.4291 29.7784 1.09872 255 191 0
24.0639 38.4196 -5.66513 255 191 0
6.07052 -2.06108 2.1633 255 191 0
10.2086 18.123 -3.58176 255 191 0
13.3825 33.9739 -4.73433 255 191 0
19.5504 50.6919 -6.33389 255 191 0
6.62673 8.11947 -6.27046 255 191 0
13.9462 22.2566 -1.18411 255 191 0
13.1998 17.0641 -0.332644 255 191 0
15.0278 23.2498 2.75212 255 191 0
7.53991 15.108 -5.51438 255 191 0
16.3837 34.6123 -4.24727 255 191 0
8.33566 -3.9988 -6.93232 255 191 0
4.16807 -23.7326 -6.44692 255 191 0
3.83419 -2.861 -6.59371 255 191 0
10.4083 -9.82553 -8.37352 255 191 0
11.9605 2.48963 7.34175 255 191 0
15.1425 -15.4531 -10.1964 255 191 0
8.21187 2.95878 4.46144 255 191 0
11.3641 31.9518 -5.45355 255 191 0
21.2712 5.15605 5.55994 255 191 0
16.3813 -27.0722 -9.92834 255 191 0
8.6861 -14.5753 -0.559039 255 191 0
8.23043 -18.1469 -2.87966 255 191 0
11.3438 3.9703 0.895781 255 191 0
18.0478 -31.7751 -11.8367 255 191 0
8.18008 6.4691 -5.43109 255 191 0
6.2905 5.25743 1.40048 255 191 0
11.4053 5.12664 0.676248 255 191 0
9.58999 -7.6605 -8.0252 255 191 0
21.9827 24.2628 -1.8433 255 191 0
6.78702 14.7439 -3.63043 255 191 0
4.62731 8.9594 -2.30154 255 191 0
7.15478 2.60312 -7.49339 255 191 0
22.3652 26.4376 -2.59069 255 191 0
15.6255 -3.78416 6.54233 255 191 0
8.2868 7.68072 -5.30839 255 191 0
11.7667 21.3396 -2.62526 255 191 0
19.4613 10.0769 7.26629 255 191 0
3.62162 -6.72159 -4.05032 255 191 0
8.76851 -27.0378 -9.54482 255 191 0
5.7033 -8.5616 2.48633 255 191 0
17.756 5.31686 9.03096 255 191 0
18.1576 -6.13598 8.65524 255 191 0
19.8906 49.3771 -5.92827 255 191 0
19.37 39.7082 -6.00044 255 191 0
10.4215 10.1309 5.39591 255 191 0
3.49784 -9.89667 -4.99448 255 191 0
4.15233 -16.2638 -0.504223 255 191 0
13.1998 52.3649 -9.85279 255 191 0
9.67753 -1.94449 6.7005 255 191 0
23.0602 31.8138 -5.15688 255 191 0
8.68758 -13.2302 -0.480735 255 191 0
15.7666 48.7455 -5.28679 255 191 0
14.1116 56.0233 -9.57319 255 191 0
9.72932 -0.671097 -0.311814 255 191 0
20.8982 4.38221 7.81346 255 191 0
6.46322 16.9149 -0.293476 255 191 0
17.3196 36.9799 -1.19255 255 191 0
10.8538 -12.3067 -8.16098 255 191 0
16.0538 -32.831 -10.6829 255 191 0
12.8118 50.1128 -6.63879 255 191 0
17.2544 -22.2365 -13.5013 255 191 0
20.6557 38.3182 -2.01073 255 191 0
6.98903 10.2181 1.55838 255 191 0
14.4153 -21.6125 -8.70535 255 191 0
8.74445 -1.33885 -2.0046 255 191 0
15.3256 -17.1019 -9.92884 255 191 0
22.6676 18.4824 0.766423 255 191 0
8.48684 -5.57461 -6.85574 255 191 0
11.4682 -22.3828 -6.75442 255 191 0
11.6157 -19.953 -7.23079 255 191 0
13.7075 51.4233 -6.38641 255 191 0
17.0728 28.2379 -2.00564 255 191 0
17.8276 -29.101 -11.4791 255 191 0
11.2882 -0.693175 2.10892 255 191 0
11.0437 -11.6172 -12.0173 255 191 0
13.3034 11.0288 7.19741 255 191 0
6.60424 13.2303 0.560408 255 191 0
16.4871 -23.5241 -9.54842 255 191 0
17.4318 44.7493 -3.84369 255 191 0
18.971 51.1154 -9.98661 255 191 0
13.9819 16.7687 5.22039 255 191 0
9.39328 -9.88259 -11.8403 255 191 0
18.9408 22.4703 3.46364 255 191 0
20.3981 0.175603 8.94287 255 191 0
22.4494 44.105 -4.96926 255 191 0
20.6711 49.9862 -6.46017 255 191 0
3.43075 -6.78357 -5.56502 255 191 0
15.6624 49.9987 -8.99076 255 191 0
20.694 1.01881 8.00192 255 191 0
3.41806 -8.76207 -6.86548 255 191 0
12.2823 19.6554 4.46891 255 191 0
22.0511 32.1415 -4.66298 255 191 0
16.7353 -17.1863 -12.2315 255 191 0
11.0842 37.5155 -4.66105 255 191 0
11.0815 -10.3022 4.12599 255 191 0
5.06997 -12.9701 -10.4458 255 191 0
5.39401 -16.8656 -9.84301 255 191 0
10.9422 -13.8755 -7.88861 255 191 0
9.30751 15.455 3.26229 255 191 0
11.8496 17.435 4.87882 255 191 0
6.75654 -21.939 -9.61348 255 191 0
19.5574 47.5579 -5.12632 255 191 0
5.972 -2.12573 -8.39245 255 191 0
7.31596 15.7005 1.061 255 191 0
10.7916 10.3431 -1.12828 255 191 0
14.6149 -31.5923 -11.8749 255 191 0
4.2392 -2.09812 -1.9797 255 191 0
16.2825 43.0603 -3.29078 255 191 0
17.089 -19.8714 -10.7728 255 191 0
18.9604 18.7548 4.64947 255 191 0
15.3244 -31.078 -8.39374 255 191 0
13.5092 -24.5943 -12.7886 255 191 0
8.57733 -3.35016 6.085 255 191 0
12.3664 46.6578 -5.85999 255 191 0
13.7243 17.9341 4.77804 255 191 0
11.3313 35.0159 -3.05189 255 191 0
14.5541 -31.4625 -7.45231 255 191 0
10.1791 -25.5916 -11.2815 255 191 0
9.97407 5.32813 5.91677 255 191 0
14.8013 18.4464 4.59346 255 191 0
11.3171 18.2876 4.3152 255 191 0
10.9312 -5.91574 7.13544 255 191 0
10.0212 -27.7242 -10.8193 255 191 0
7.97891 -23.8051 -2.79468 255 191 0
17.0016 -18.9711 -10.1746 255 191 0
10.5538 23.7764 0.209919 255 191 0
18.7617 1.15515 10.1005 255 191 0
9.12758 6.75736 -3.07456 255 191 0
15.3802 55.6594 -7.65451 255 191 0
22.4574 17.5412 3.9961 255 191 0
16.1471 41.8304 -6.53895 255 191 0
14.9335 20.313 3.90422 255 191 0
11.6904 -2.74052 3.18795 255 191 0
6.05184 -21.6097 -3.08029 255 191 0
12.9961 41.5864 -7.00709 255 191 0
12.2824 -12.1736 -12.0644 255 191 0
9.37136 22.3517 1.84561 255 191 0
17.7504 50.7848 -9.4553 255 191 0
21.6193 36.0412 -1.51734 255 191 0
19.7566 2.09315 10.1316 255 191 0
13.3312 -18.0473 -13.7213 255 191 0
19.8521 21.5299 3.70338 255 191 0
18.4981 -24.4081 -13.0389 255 191 0
13.7418 -5.04978 5.61064 255 191 0
17.7202 17.1522 5.03183 255 191 0
18.1842 0.97085 6.50945 255 191 0
11.0046 5.4629 6.82688 255 191 0
17.6601 -28.0329 -11.5788 255 191 0
21.1592 32.539 -4.33709 255 191 0
8.31717 -13.9495 -3.0816 255 191 0
14.1636 34.6133 -0.977722 255 191 0
10.2597 31.1279 -5.03121 255 191 0
7.63904 -7.82763 5.69138 255 191 0
11.535 0.280526 7.49332 255 191 0
6.52209 11.035 0.790703 255 191 0
14.6934 -26.4529 -12.7493 255 191 0
6.4481 -14.3665 1.92403 255 191 0
15.7088 -5.71832 8.59277 255 191 0
12.8779 -18.0817 -8.40388 255 191 0
3.54105 -16.7741 -5.6981 255 191 0
11.5235 43.5885 -7.7765 255 191 0
8.70325 19.0047 -4.63822 255 191 0
8.35377 -17.5759 -1.55575 255 191 0
17.1596 -30.7465 -12.2905 255 191 0
8.35943 -3.88448 -2.59591 255 191 0
8.87444 -4.71851 -7.70197 255 191 0
17.3706 -18.2099 -12.5085 255 191 0
11.9364 9.29613 0.392997 255 191 0
19.9956 -4.9451 9.69595 255 191 0
10.7476 33.1828 -6.26853 255 191 0
19.0689 53.0161 -8.81609 255 191 0
15.8123 2.68542 5.04894 255 191 0
23.5746 38.9886 -8.02317 255 191 0
13.2488 -28.3443 -6.78743 255 191 0
9.65054 7.51297 -2.21738 255 191 0
18.8005 36.6733 -4.85351 255 191 0
3.57233 -10.7341 -4.17703 255 191 0
10.2567 3.63248 -0.368665 255 191 0
8.10968 -3.26797 -6.10039 255 191 0
12.8658 -23.4188 -12.794 255 191 0
16.1075 1.56971 5.47569 255 191 0
8.17107 -2.39026 -7.24803 255 191 0
8.30313 -24.4263 -4.02789 255 191 0
17.4573 -0.0511793 6.53618 255 191 0
8.98069 10.5292 -4.16998 255 191 0
20.7293 9.90886 7.52151 255 191 0
23.9122 38.6174 -6.76331 255 191 0
10.6283 -8.70946 -8.80073 255 191 0
11.7652 -7.70914 4.53719 255 191 0
14.925 15.5305 1.1678 255 191 0
18.5905 42.2115 -6.62725 255 191 0
23.1566 22.0334 0.934507 255 191 0
18.5581 30.6159 0.890382 255 191 0
8.06278 -6.62052 6.02551 255 191 0
11.7115 0.499131 2.19258 255 191 0
5.25014 -11.9965 2.00565 255 191 0
9.14625 13.6777 -4.49896 255 191 0
16.1755 56.1504 -10.2946 255 191 0
4.50121 -7.51533 -9.79878 255 191 0
18.0728 29.8259 -2.56645 255 191 0
11.0043 -27.8521 -11.5116 255 191 0
7.83475 -23.2693 -10.0718 255 191 0
7.11859 -1.82565 3.86479 255 191 0
20.9245 8.7613 7.85998 255 191 0
19.2777 28.6086 1.49238 255 191 0
11.1836 33.0403 -2.53109 255 191 0
13.0068 -23.2654 -7.59126 255 191 0
23.5869 47.9763 -8.95635 255 191 0
12.6635 4.67374 7.32858 255 191 0
16.7575 38.4057 -5.38772 255 191 0
22.9823 24.3259 1.95902 255 191 0
10.9305 -29.3178 -8.77418 255 191 0
9.44952 -27.1587 -7.36378 255 191 0
7.76693 3.99139 -7.25599 255 191 0
8.51145 -2.95194 -8.90127 255 191 0
18.6416 44.8336 -3.95017 255 191 0
12.2089 -3.05131 7.59231 255 191 0
10.0003 27.7482 -5.99499 255 191 0
6.92995 -8.31497 4.67534 255 191 0
21.5333 46.7985 -9.49853 255 191 0
9.41422 12.7286 -3.79669 255 191 0
3.90661 -15.79 -1.63313 255 191 0
17.0779 -32.6799 -11.7969 255 191 0
23.5339 30.6285 -0.483531 255 191 0
5.72298 7.34975 -5.53049 255 191 0
14.1679 45.2138 -4.3559 255 191 0
8.90663 -9.90954 0.155895 255 191 0
8.69255 -3.59284 -1.50165 255 191 0
8.91682 -12.7113 -5.52331 255 191 0
16.1803 -31.7515 -10.2272 255 191 0
15.5969 -1.50422 6.05308 255 191 0
9.5449 6.06902 -2.08445 255 191 0
7.86735 -3.16019 5.14839 255 191 0
12.5286 -7.23898 5.1581 255 191 0
12.2729 32.8758 -0.413902 255 191 0
17.7472 29.7223 1.14788 255 191 0
6.47721 -20.46 -9.63991 255 191 0
3.65256 1.22943 -4.32339 255 191 0
18.2584 51.4636 -6.32274 255 191 0
14.5724 -20.3834 -13.583 255 191 0
12.3703 -31.3241 -9.23509 255 191 0
23.0998 35.7955 -2.09595 255 191 0
14.7298 28.347 1.0875 255 191 0
20.2411 35.0662 -0.796221 255 191 0
3.97262 -1.18808 -6.9171 255 191 0
21.2016 41.7716 -3.44714 255 191 0
14.9479 5.92924 7.69318 255 191 0
8.10672 1.39018 -5.17957 255 191 0
10.8961 36.5352 -4.99127 255 191 0
7.41785 -18.7599 -0.716962 255 191 0
17.1795 1.28957 6.04317 255 191 0
9.90261 -2.50776 0.658896 255 191 0
18.1547 13.7559 2.66641 255 191 0
12.3729 29.3144 0.9977 255 191 0
6.69826 1.41784 -7.54537 255 191 0
6.19169 -19.373 -9.72175 255 191 0
16.0654 -15.4491 -10.965 255 191 0
16.1259 28.5323 1.33233 255 191 0
9.69014 14.172 3.87974 255 191 0
15.3656 -7.14959 7.98066 255 191 0
10.8235 -23.6545 -11.9778 255 191 0
6.01845 0.324725 -7.46002 255 191 0
17.4665 50.4607 -5.87449 255 191 0
13.7607 38.3855 -2.05179 255 191 0
9.30009 -17.284 -5.55875 255 191 0
24.1497 30.7857 -4.94287 255 191 0
8.66582 -23.1321 -3.73523 255 191 0
18.2112 48.0311 -5.05543 255 191 0
10.8242 -12.2433 4.25234 255 191 0
13.998 43.9676 -3.99271 255 191 0
18.4403 34.905 -4.26629 255 191 0
11.5107 23.902 -3.46432 255 191 0
19.5291 -2.76781 10.4948 255 191 0
3.63481 -2.23524 -5.60662 255 191 0
12.9958 -16.5328 -8.80355 255 191 0
17.0472 26.7688 -1.52881 255 191 0
18.8479 33.3405 -0.013499 255 191 0
18.1426 35.2055 -0.604324 255 191 0
23.111 24.5272 -2.36318 255 191 0
3.6525 -19.3239 -5.89043 255 191 0
20.8625 16.7787 5.24107 255 191 0
23.7491 26.2019 -1.95497 255 191 0
19.0564 5.90036 5.30699 255 191 0
10.8844 23.9113 2.74992 255 191 0
24.3669 31.9217 -2.78535 255 191 0
23.9066 39.4516 -4.06923 255 191 0
5.82111 2.61108 1.01369 255 191 0
13.0785 48.1529 -5.48362 255 191 0
4.16364 7.14441 -3.22213 255 191 0
15.1898 4.25629 4.29643 255 191 0
8.78796 -17.5247 -4.67248 255 191 0
8.92384 -10.9962 -5.78025 255 191 0
14.6518 29.3457 0.787588 255 191 0
5.19677 7.08311 -0.803082 255 191 0
18.0046 49.6503 -9.09111 255 191 0
11.4318 28.3767 -0.209804 255 191 0
15.5221 46.1616 -7.81966 255 191 0
9.73393 25.6224 -5.95403 255 191 0
16.1191 -28.2768 -12.6144 255 191 0
18.5703 -23.2706 -12.8453 255 191 0
3.57011 4.64354 -4.95102 255 191 0
22.422 17.4565 0.92621 255 191 0
23.0021 28.3037 0.607384 255 191 0
12.452 -13.0474 -9.29025 255 191 0
21.4967 47.7533 -5.93283 255 191 0
4.97238 13.8462 -2.35771 255 191 0
9.78983 9.20855 4.9907 255 191 0
17.2908 18.7445 0.990172 255 191 0
20.8428 35.8735 -5.32108 255 191 0
6.9954 4.89721 -7.04193 255 191 0
16.138 4.67093 4.63647 255 191 0
15.4571 -16.9507 -13.2418 255 191 0
19.0836 14.6187 2.54497 255 191 0
5.47562 -4.86546 1.41628 255 191 0
15.2132 -26.7734 -8.16804 255 191 0
16.9186 7.82466 4.12657 255 191 0
12.842 14.8524 6.08944 255 191 0
6.95035 14.4337 -4.63499 255 191 0
16.0199 5.57669 8.23201 255 191 0
24.421 33.6322 -3.14503 255 191 0
24.2037 37.056 -5.00639 255 191 0
13.0495 46.4301 -8.18738 255 191 0
11.3058 -18.7134 -7.20596 255 191 0
16.7641 -29.0694 -10.6279 255 191 0
22.5817 48.662 -9.15103 255 191 0
9.4292 20.0597 2.43786 255 191 0
11.2035 39.8174 -5.64618 255 191 0
15.6665 12.9924 6.81059 255 191 0
23.2718 26.6051 1.05047 255 191 0
13.9056 -27.2176 -12.5462 255 191 0
4.62111 9.66216 -3.85953 255 191 0
6.44231 -3.99071 3.14178 255 191 0
16.5523 1.52844 8.99541 255 191 0
6.13735 3.34811 -6.92008 255 191 0
11.5534 -13.1789 -8.54624 255 191 0
8.7239 -4.28249 -9.38826 255 191 0
10.5735 -8.75164 3.1811 255 191 0
11.7887 46.3172 -7.63318 255 191 0
14.5809 25.5773 -1.80338 255 191 0
11.7283 -23.0799 -12.4853 255 191 0
17.0182 23.8609 2.89374 255 191 0
6.28305 -5.305 3.05621 255 191 0
22.2027 16.6754 4.91657 255 191 0
21.1629 21.2937 3.56081 255 191 0
9.9985 22.6881 0.301494 255 191 0
4.06528 -19.1067 -7.41313 255 191 0
9.66828 -26.5979 -10.764 255 191 0
13.9713 15.6914 5.62708 255 191 0
21.5906 40.8517 -7.53045 255 191 0
15.9769 -23.9223 -13.2056 255 191 0
17.2002 -19.5141 -13.5082 255 191 0
14.971 11.5297 2.26711 255 191 0
10.3162 25.2801 -1.24894 255 191 0
15.9552 36.9163 -4.98387 255 191 0
6.76655 7.01385 -6.55459 255 191 0
18.3593 12.5982 3.09162 255 191 0
23.8478 47.2494 -8.03349 255 191 0
7.48664 7.32329 2.77663 255 191 0
9.48456 22.4107 -0.90842 255 191 0
19.4052 26.1115 2.27334 255 191 0
16.2621 46.5236 -4.4852 255 191 0
20.4957 -3.24142 8.00137 255 191 0
12.5519 53.2664 -9.03782 255 191 0
11.9784 48.5024 -8.4625 255 191 0
8.34764 -12.5263 -2.32665 255 191 0
11.0964 16.2478 4.63139 255 191 0
14.2387 16.7286 0.475778 255 191 0
9.90388 -23.9119 -4.9009 255 191 0
12.3676 51.6339 -8.63641 255 191 0
7.9937 -10.0743 4.91582 255 191 0
8.19734 -7.45034 -2.38858 255 191 0
13.9569 -33.2164 -7.46379 255 191 0
10.1476 15.1239 4.11944 255 191 0
19.6407 15.304 5.68887 255 191 0
16.0562 -26.0952 -12.9027 255 191 0
22.463 34.7371 -1.38411 255 191 0
23.5134 24.5921 -0.298402 255 191 0
7.81594 -0.332854 4.5766 255 191 0
4.41057 -0.78774 -1.65555 255 191 0
14.1657 37.3553 -5.38872 255 191 0
10.6848 21.6039 3.11198 255 191 0
10.7897 7.6473 6.20027 255 191 0
6.04974 11.1961 -4.6053 255 191 0
4.75189 1.22413 -1.01526 255 191 0
10.2713 26.7755 -2.28113 255 191 0
4.33846 1.62006 -2.11872 255 191 0
4.73586 6.67436 -4.90427 255 191 0
10.9218 -8.10626 6.57004 255 191 0
19.9855 38.6019 -5.90332 255 191 0
16.8328 2.69902 5.51668 255 191 0
4.77574 2.41338 -1.11007 255 191 0
16.1386 -6.03129 7.39925 255 191 0
9.87144 -11.5729 2.35748 255 191 0
13.9713 13.9317 6.47368 255 191 0
24.4576 34.2671 -4.72568 255 191 0
8.92116 -9.01476 -11.4883 255 191 0
9.74386 7.84092 5.20094 255 191 0
3.70318 -14.2404 -7.59691 255 191 0
20.5506 14.4682 2.32564 255 191 0
5.39868 8.71659 -0.714876 255 191 0
7.62618 -21.1493 -10.2186 255 191 0
19.9121 33.3022 -4.0972 255 191 0
4.78097 -11.8722 -10.4672 255 191 0
17.4887 -4.38858 9.18333 255 191 0
14.0969 -27.8181 -7.43655 255 191 0
18.0899 -21.3885 -12.4489 255 191 0
20.8677 14.7456 5.95344 255 191 0
16.3813 -3.76442 8.99125 255 191 0
4.79665 -9.93424 -10.7381 255 191 0
9.74983 21.8451 -5.1426 255 191 0
10.3811 16.3785 -2.98211 255 191 0
18.5703 19.944 4.27074 255 191 0
4.72036 10.0751 -2.25391 255 191 0
10.688 24.2953 1.78778 255 191 0
24.3713 32.0541 -4.70165 255 191 0
7.03213 4.45892 2.62802 255 191 0
11.1086 22.8969 -3.72924 255 191 0
3.46914 -11.0429 -5.28583 255 191 0
20.8377 26.4944 -2.12096 255 191 0
12.1426 43.7821 -5.16927 255 191 0
14.551 48.1988 -8.59783 255 191 0
21.5261 39.5076 -2.71547 255 191 0
17.1109 42.7455 -6.65763 255 191 0
10.6278 -23.8974 -5.71123 255 191 0
18.5138 -25.4574 -12.508 255 191 0
10.3455 32.4957 -5.42163 255 191 0
20.147 44.2643 -4.04474 255 191 0
4.30585 -5.92878 -1.36895 255 191 0
7.60573 17.6747 1.05932 255 191 0
7.98942 -25.4719 -5.85561 255 191 0
17.9834 6.11814 5.05873 255 191 0
17.5779 6.99766 4.69388 255 191 0
12.8981 -3.68279 7.97163 255 191 0
15.3685 -29.6786 -8.23241 255 191 0
21.9011 37.6694 -6.57067 255 191 0
23.9493 31.9843 -1.21115 255 191 0
4.46042 0.394527 -1.67429 255 191 0
9.15666 20.0791 -5.30824 255 191 0
11.624 -29.3116 -7.56267 255 191 0
9.76717 -20.9653 -5.36521 255 191 0
8.47362 5.29853 -4.3822 255 191 0
13.3493 -13.8524 -12.6181 255 191 0
4.85218 -9.30786 0.558014 255 191 0
23.0097 20.9916 0.314015 255 191 0
13.1203 -15.3172 -9.073 255 191 0
8.47033 6.83394 4.03548 255 191 0
12.5144 22.2294 -2.13342 255 191 0
15.7773 27.4854 1.59045 255 191 0
3.45519 -6.80609 -8.10002 255 191 0
3.79561 -12.628 -8.42196 255 191 0
14.1163 13.3887 1.27766 255 191 0
5.36773 -24.8397 -6.55409 255 191 0
21.8719 28.6984 0.926175 255 191 0
3.6665 -12.709 -3.35043 255 191 0
5.11673 -1.6748 0.217625 255 191 0
16.9496 -20.989 -10.4465 255 191 0
17.5651 41.9552 -2.86104 255 191 0
12.0183 11.4203 -0.0280115 255 191 0
6.05892 6.00943 -6.24603 255 191 0
22.0815 18.4748 4.91415 255 191 0
18.0994 46.1095 -7.87427 255 191 0
3.50471 -14.8289 -5.54212 255 191 0
13.2134 -12.2041 -9.82673 255 191 0
15.0133 23.7872 -1.12416 255 191 0
10.89 25.8513 -0.223599 255 191 0
16.7351 40.1451 -2.28228 255 191 0
17.3963 19.4116 4.33294 255 191 0
16.3381 9.33624 7.85267 255 191 0
24.344 31.3673 -3.72795 255 191 0
5.86167 5.72813 0.605763 255 191 0
4.75176 6.59173 -1.68651 255 191 0
4.9016 -22.831 -4.40015 255 191 0
20.0586 3.21656 9.68654 255 191 0
20.9699 51.3694 -8.33433 255 191 0
9.52392 4.28938 5.6737 255 191 0
13.6427 -2.13463 4.86564 255 191 0
16.5516 49.6477 -5.57473 255 191 0
21.6977 9.47999 5.5367 255 191 0
20.4431 -1.00256 8.65444 255 191 0
12.1311 -10.5124 -9.63619 255 191 0
8.06618 1.61136 4.53414 255 191 0
8.39838 -1.29167 -8.2473 255 191 0
3.50534 -15.951 -4.92031 255 191 0
19.1279 22.5771 -0.236033 255 191 0
16.7116 4.53904 8.6676 255 191 0
8.12187 -1.46796 -4.68089 255 191 0
16.4539 54.7968 -7.34954 255 191 0
17.261 15.8938 1.89168 255 191 0
15.1306 49.826 -5.70742 255 191 0
10.3223 12.941 4.73638 255 191 0
10.2066 -5.91217 -9.10027 255 191 0
15.7649 19.264 4.20451 255 191 0
16.4695 32.6872 -3.55249 255 191 0
15.7359 27.7097 -2.03663 255 191 0
13.2098 -7.61949 6.15028 255 191 0
21.375 21.2069 -0.160336 255 191 0
8.73945 9.5445 -4.52612 255 191 0
7.1014 19.8772 -0.5254 255 191 0
11.3129 -26.6322 -11.8307 255 191 0
24.4048 35.1565 -5.65085 255 191 0
21.6357 11.7004 6.35022 255 191 0
21.9237 25.539 -2.269 255 191 0
5.44321 -14.9661 -10.2379 255 191 0
22.037 29.5268 -3.41377 255 191 0
8.92869 -7.27145 -7.02111 255 191 0
16.8805 51.5192 -9.54067 255 191 0
9.80578 -14.1965 -6.63644 255 191 0
8.7344 -8.85074 -0.463789 255 191 0
17.7963 24.783 2.68307 255 191 0
10.6834 -1.51987 7.06635 255 191 0
11.7362 -10.7768 5.13499 255 191 0
19.5204 26.2897 -1.61945 255 191 0
15.4138 35.1794 -4.47437 255 191 0
20.1428 40.3293 -2.61084 255 191 0
15.7407 24.7599 -1.20185 255 191 0
18.7941 33.7641 -3.94454 255 191 0
9.12628 -6.83129 6.27294 255 191 0
17.7194 -20.9836 -13.7093 255 191 0
19.8132 45.6828 -4.47519 255 191 0
18.1101 40.0055 -2.21807 255 191 0
13.0123 -8.16491 7.2438 255 191 0
12.8969 43.5796 -3.73963 255 191 0
15.1078 -6.38066 6.97685 255 191 0
11.9497 11.648 6.27031 255 191 0
7.83608 16.5395 -5.21953 255 191 0
21.3226 13.7203 2.41547 255 191 0
16.7794 -5.88269 8.78871 255 191 0
10.2852 17.9304 3.61689 255 191 0
10.9489 37.9272 -5.68864 255 191 0
17.2056 46.7095 -7.95352 255 191 0
10.1581 15.2001 -3.11024 255 191 0
19.0418 34.6942 -0.483996 255 191 0
16.6344 -30.7394 -10.3142 255 191 0
10.8615 17.3094 -2.68005 255 191 0
4.90674 -19.2398 -1.87165 255 191 0
9.16757 -8.4811 -7.19897 255 191 0
13.2338 3.1755 3.12921 255 191 0
17.4663 8.10074 8.21008 255 191 0
18.5708 -26.4936 -12.6975 255 191 0
18.5905 2.73158 9.82601 255 191 0
3.34843 -4.82646 -6.55998 255 191 0
3.50603 -12.6424 -4.72236 255 191 0
17.3775 48.6644 -5.23639 255 191 0
12.4454 -8.40613 5.3967 255 191 0
7.68096 11.6979 -6.46997 255 191 0
9.9128 28.1607 -4.5911 255 191 0
11.372 8.15086 0.00413686 255 191 0
9.70961 3.10165 -1.21833 255 191 0
14.5224 39.1824 -2.34426 255 191 0
16.0187 47.7133 -8.24853 255 191 0
14.1334 -30.1783 -7.16361 255 191 0
10.9597 -2.80314 7.2189 255 191 0
23.5004 43.7382 -5.53135 255 191 0
14.943 40.261 -6.22614 255 191 0
18.9961 25.0048 2.64959 255 191 0
17.8573 54.4085 -8.95026 255 191 0
14.5492 -2.11771 8.44919 255 191 0
13.1554 -7.06464 7.58834 255 191 0
8.06498 -7.27308 -4.66494 255 191 0
24.3711 33.0328 -5.29639 255 191 0
16.7521 -25.0331 -13.0636 255 191 0
20.772 33.6356 -0.43299 255 191 0
18.9338 25.2454 -1.16677 255 191 0
9.80599 -10.5636 2.09566 255 191 0
21.7836 22.8488 2.89155 255 191 0
12.3824 28.2209 1.39773 255 191 0
22.5182 30.794 -0.0248409 255 191 0
12.3423 -30.1359 -7.41114 255 191 0
6.19484 8.30229 0.745987 255 191 0
11.3853 -10.9801 -8.8885 255 191 0
15.4632 36.7988 -1.38222 255 191 0
15.5636 -20.5466 -9.18544 255 191 0
12.2582 -29.9847 -11.5517 255 191 0
4.3851 -17.3444 -0.81461 255 191 0
21.8237 24.3901 2.37465 255 191 0
9.39634 11.5623 -3.55206 255 191 0
20.7917 43.1313 -3.82293 255 191 0
12.7746 36.0211 -5.58004 255 191 0
12.0516 -19.3251 -13.1544 255 191 0
3.58123 -17.5438 -3.46958 255 191 0
14.3488 35.8153 -1.30843 255 191 0
8.30959 15.9501 -6.10504 255 191 0
21.7933 50.4407 -7.89284 255 191 0
16.7311 11.7273 7.17977 255 191 0
17.8256 39.6384 -5.70194 255 191 0
8.94513 -21.5445 -4.39235 255 191 0
12.024 10.5732 6.55903 255 191 0
3.71301 -10.6527 -8.64358 255 191 0
18.2347 -3.70423 7.77753 255 191 0
5.45454 -20.6194 -9.0779 255 191 0
19.4596 35.8596 -4.77901 255 191 0
23.1851 43.5646 -9.26649 255 191 0
20.9789 25.3235 2.29605 255 191 0
7.69271 10.3444 2.475 255 191 0
5.31248 -13.7537 2.13373 255 191 0
9.63342 26.8066 -5.83345 255 191 0
7.18866 16.0984 -2.78797 255 191 0
23.6363 33.8325 -1.71524 255 191 0
8.12138 -9.55161 -3.50763 255 191 0
4.20124 5.88813 -2.95675 255 191 0
16.4206 31.7865 0.385994 255 191 0
6.5094 13.5846 -3.84479 255 191 0
17.2994 -28.3447 -12.5855 255 191 0
9.48823 -5.74129 -8.29119 255 191 0
23.6012 45.2151 -8.39503 255 191 0
14.9044 36.3315 -4.89771 255 191 0
4.42791 -14.7003 0.181458 255 191 0
8.54008 19.3146 1.7372 255 191 0
4.93938 -20.167 -2.69527 255 191 0
21.6595 49.8784 -9.14545 255 191 0
8.83291 3.49597 5.08564 255 191 0
23.8727 46.1405 -7.49404 255 191 0
7.07364 10.1263 -6.28198 255 191 0
8.29109 -12.1292 -3.31911 255 191 0
20.7304 5.63365 8.35873 255 191 0
9.53691 8.58213 -2.57876 255 191 0
8.01358 -4.94419 -9.91215 255 191 0
6.74028 -11.2613 4.10653 255 191 0
7.85581 14.3792 1.92293 255 191 0
12.0642 12.9892 -0.352418 255 191 0
23.9858 39.7539 -5.22303 255 191 0
8.43096 -13.2893 -1.54974 255 191 0
8.44089 -11.1865 -1.34817 255 191 0
8.67152 20.8992 -2.61206 255 191 0
16.5555 -1.31262 6.51965 255 191 0
11.7407 39.4215 -3.68523 255 191 0
23.3161 41.7048 -8.48495 255 191 0
10.9199 29.8522 -1.77644 255 191 0
20.8555 1.81868 7.29842 255 191 0
7.86684 -14.9113 2.20119 255 191 0
6.9905 -5.35962 -10.1344 255 191 0
16.15 31.1219 -3.04147 255 191 0
6.95984 -15.4826 -10.9629 255 191 0
13.9894 22.5445 3.21309 255 191 0
11.4571 15.0555 5.17312 255 191 0
8.97339 -11.3297 0.370834 255 191 0
12.2924 47.7321 -6.56837 255 191 0
19.4074 27.4414 1.8573 255 191 0
11.2455 29.1838 -0.896731 255 191 0
14.9201 7.67384 3.10756 255 191 0
13.3099 -0.177027 3.98942 255 191 0
21.7667 10.6943 5.65801 255 191 0
8.13429 -0.363239 -7.31506 255 191 0
17.1792 -23.7515 -13.2548 255 191 0
10.5675 13.5345 -2.24422 255 191 0
21.2218 44.9284 -4.66792 255 191 0
6.08974 -16.0378 -10.3479 255 191 0
21.3342 10.7983 7.22782 255 191 0
9.25458 25.218 -4.67227 255 191 0
14.9195 38.0623 -5.5079 255 191 0
6.81832 -7.32997 4.3237 255 191 0
9.66937 18.9045 2.89105 255 191 0
8.26554 13.3753 2.58428 255 191 0
11.3388 38.6721 -4.45423 255 191 0
10.1163 -1.16751 0.526556 255 191 0
10.1689 0.154725 0.295665 255 191 0
13.4939 42.6165 -7.22217 255 191 0
9.28219 4.78383 -2.27666 255 191 0
14.5808 10.5355 7.36225 255 191 0
11.7171 -29.7288 -10.6699 255 191 0
11.9591 -17.9844 -7.86358 255 191 0
9.45354 -9.47225 1.25799 255 191 0
18.9521 16.1823 2.04027 255 191 0
4.59523 -20.2529 -8.36676 255 191 0
3.58996 -18.6463 -3.18695 255 191 0
5.61912 4.10623 0.409781 255 191 0
7.61997 16.8834 -3.807 255 191 0
17.6731 18.2081 4.71632 255 191 0
19.2781 -5.92281 9.113 255 191 0
17.4745 33.8722 -0.177731 255 191 0
4.54617 4.4873 -1.90967 255 191 0
12.7899 24.5045 -2.52208 255 191 0
23.6321 43.4403 -7.91724 255 191 0
5.58858 -1.85472 1.22521 255 191 0
18.5152 4.63079 9.5067 255 191 0
7.49931 12.9992 1.77348 255 191 0
15.5943 -2.7241 8.65938 255 191 0
10.955 -4.34056 2.83532 255 191 0
11.8822 37.0425 -2.61094 255 191 0
3.79304 6.0632 -4.16077 255 191 0
3.63019 -0.581809 -5.39253 255 191 0
11.8454 27.1491 0.915318 255 191 0
22.8877 38.0655 -7.42908 255 191 0
14.2606 43.9625 -7.42116 255 191 0
8.39932 -6.5873 -1.61489 255 191 0
8.49599 -9.74578 -5.10781 255 191 0
11.2751 -26.4938 -5.67441 255 191 0
14.5193 8.14892 7.6609 255 191 0
12.4997 -16.3314 -13.4156 255 191 0
9.28956 -10.4824 1.03277 255 191 0
14.2572 9.02342 2.51441 255 191 0
17.2196 20.5147 3.97265 255 191 0
4.80227 -8.50022 -10.2786 255 191 0
15.4929 53.7703 -6.99621 255 191 0
16.6835 56.0025 -7.8788 255 191 0
18.5094 52.5159 -6.76596 255 191 0
19.6998 20.4506 4.05752 255 191 0
19.9717 1.00687 9.90928 255 191 0
24.3298 36.4368 -3.68376 255 191 0
19.2323 49.6282 -9.52107 255 191 0
12.1256 25.5481 -3.27721 255 191 0
4.02938 -0.0345934 -2.83524 255 191 0
3.52944 -7.80701 -4.64809 255 191 0
16.5037 11.2772 3.04887 255 191 0
13.4626 25.5406 -2.40477 255 191 0
19.3901 4.36656 5.79067 255 191 0
21.8362 12.9206 5.88432 255 191 0
11.838 17.3993 -1.57125 255 191 0
11.2185 41.0357 -6.50554 255 191 0
13.4718 38.7088 -6.0475 255 191 0
11.6724 2.13957 1.73695 255 191 0
6.36512 9.85958 0.74549 255 191 0
16.792 6.97341 8.18368 255 191 0
13.2631 13.6645 0.55428 255 191 0
13.1035 2.05965 7.66956 255 191 0
7.62682 20.7343 -1.45596 255 191 0
11.8022 22.7565 -2.93136 255 191 0
4.44448 -7.20334 -0.808753 255 191 0
6.99621 -22.0717 -2.55335 255 191 0
17.665 -22.5921 -12.1102 255 191 0
5.33536 10.4747 -3.95516 255 191 0
20.6449 28.5849 1.30023 255 191 0
4.65212 -4.01919 -0.59103 255 191 0
11.9246 -30.4539 -8.4176 255 191 0
14.0505 -23.339 -13.064 255 191 0
11.0808 9.56087 -0.46067 255 191 0
11.8575 -9.20832 4.97509 255 191 0
23.1569 38.8254 -3.27297 255 191 0
14.9466 5.32139 3.78721 255 191 0
13.305 47.9815 -8.63491 255 191 0
16.3681 -2.55697 6.75795 255 191 0
15.9633 21.6089 -0.149467 255 191 0
3.76113 -17.0273 -7.00178 255 191 0
14.0516 33.1096 -4.23006 255 191 0
20.7736 2.39075 6.30237 255 191 0
10.2549 -28.4149 -9.70918 255 191 0
4.95117 0.957832 -6.67486 255 191 0
8.88884 -9.28295 -6.08103 255 191 0
9.14565 22.5064 -2.41759 255 191 0
14.2173 6.55592 2.81413 255 191 0
15.8798 44.0194 -7.17184 255 191 0
23.213 40.3229 -8.47864 255 191 0
6.62084 -17.1921 -10.3138 255 191 0
10.017 24.3537 -1.96313 255 191 0
12.3415 -13.0478 -12.5956 255 191 0
12.8413 12.4171 0.498347 255 191 0
8.82635 -18.7614 -4.62104 255 191 0
11.7808 29.322 0.0844841 255 191 0
14.1482 46.1415 -8.02426 255 191 0
8.03257 -0.737458 -6.33308 255 191 0
23.0775 22.7003 1.95956 255 191 0
9.45714 16.0798 -4.54984 255 191 0
12.2822 -26.7908 -6.32051 255 191 0
15.2489 45.6307 -4.27538 255 191 0
15.3336 10.2718 2.79407 255 191 0
9.35972 -9.59806 -7.20488 255 191 0
8.07181 -2.19172 -6.19712 255 191 0
12.4115 41.9289 -3.56948 255 191 0
23.8823 37.7892 -3.3566 255 191 0
7.51823 -5.44045 5.0806 255 191 0
8.47438 12.7898 -5.68458 255 191 0
21.2332 27.4767 -2.61618 255 191 0
14.3244 30.6436 0.309006 255 191 0
15.1075 -32.3876 -11.0991 255 191 0
18.3939 20.9236 3.95437 255 191 0
8.81364 -5.78372 6.22361 255 191 0
18.1471 53.3045 -9.73368 255 191 0
19.9101 14.0122 6.08535 255 191 0
10.6663 27.0514 -5.14719 255 191 0
10.9501 -21.022 -12.4632 255 191 0
21.3676 8.5299 6.77774 255 191 0
8.40706 -18.5497 -0.416068 255 191 0
16.7099 39.7282 -5.80628 255 191 0
15.5307 25.8489 2.01251 255 191 0
16.5135 37.5671 -1.45226 255 191 0
8.04045 4.89034 3.89347 255 191 0
4.1769 -11.3036 -9.73061 255 191 0
8.95424 -25.8068 -5.45039 255 191 0
17.25 53.696 -7.00845 255 191 0
11.7068 13.6034 5.6773 255 191 0
17.5814 34.036 -3.98267 255 191 0
3.85037 -10.2978 -2.65382 255 191 0
13.3792 -25.7478 -7.33239 255 191 0
8.63986 6.74003 -4.17461 255 191 0
10.4157 -10.173 3.11291 255 191 0
24.237 30.6083 -2.35941 255 191 0
8.01787 20.7745 0.200659 255 191 0
3.66761 -0.55687 -4.13807 255 191 0
18.1732 -2.3331 7.38889 255 191 0
17.1956 28.2847 1.56456 255 191 0
12.0123 32.8628 -5.18118 255 191 0
20.2394 43.2873 -7.62794 255 191 0
16.3701 26.4563 2.00161 255 191 0
8.60406 -7.39519 -10.7791 255 191 0
12.3916 -26.0044 -12.3204 255 191 0
12.6165 -22.0269 -12.9266 255 191 0
13.5322 -2.65595 8.20706 255 191 0
21.3912 22.4517 -0.692728 255 191 0
13.8649 23.8771 2.84324 255 191 0
14.9751 17.2853 4.99344 255 191 0
10.7083 25.7708 -4.82722 255 191 0
12.3339 49.0063 -7.11283 255 191 0
11.7416 -21.0159 -7.20162 255 191 0
8.1266 10.2657 -6.02614 255 191 0
14.2717 4.15633 3.71211 255 191 0
21.0996 9.00064 4.07234 255 191 0
8.05192 -6.89143 -3.43737 255 191 0
13.8102 2.5128 3.78053 255 191 0
15.0077 22.1658 3.02912 255 191 0
11.6465 -25.147 -6.14831 255 191 0
4.72304 11.983 -2.50021 255 191 0
11.5409 -27.5717 -6.15305 255 191 0
6.35846 -6.49877 3.39682 255 191 0
17.7855 36.3036 -4.67303 255 191 0
11.653 44.7937 -7.49497 255 191 0
18.4893 -20.4015 -13.1116 255 191 0
13.4001 52.5884 -7.11366 255 191 0
17.1705 43.5995 -3.42765 255 191 0
11.7008 40.9098 -4.78305 255 191 0
12.0482 26.6219 -3.61146 255 191 0
3.52295 -8.44485 -8.17206 255 191 0
13.6399 -13.7611 -9.70867 255 191 0
12.966 53.9995 -8.29718 255 191 0
8.36109 -6.72494 -5.94975 255 191 0
8.06343 -0.197193 -5.40642 255 191 0
7.99843 1.91607 -7.60796 255 191 0
13.5701 -15.1647 -13.1756 255 191 0
23.6509 25.2294 -1.31395 255 191 0
14.2492 50.2706 -9.16991 255 191 0
11.4215 29.1316 -4.80551 255 191 0
13.8412 51.5038 -9.56027 255 191 0
7.37325 0.447366 3.821 255 191 0
21.5267 40.6491 -3.1478 255 191 0
19.7997 18.2471 1.35329 255 191 0
8.93109 -25.7442 -10.3498 255 191 0
20.6388 31.5856 0.290337 255 191 0
5.12796 -4.00632 0.547899 255 191 0
8.96094 -26.4232 -6.59829 255 191 0
20.2556 20.2846 0.539298 255 191 0
11.7878 -16.6176 -8.05453 255 191 0
12.4354 30.5258 0.606024 255 191 0
12.4567 31.7263 -4.61556 255 191 0
9.90439 6.61146 5.5961 255 191 0
13.2908 -31.2885 -7.19239 255 191 0
18.9801 52.1426 -9.79418 255 191 0
6.54925 -1.21987 2.85756 255 191 0
13.797 50.0811 -5.98876 255 191 0
12.6717 43.8939 -7.82521 255 191 0
19.1295 -0.155958 7.01307 255 191 0
4.04175 0.00130435 -6.79515 255 191 0
9.93764 28.8479 -5.73998 255 191 0
6.40237 -25.5583 -8.45863 255 191 0
23.8186 27.6904 -0.807594 255 191 0
18.6676 38.9333 -1.892 255 191 0
19.1103 -1.49303 7.39433 255 191 0
13.681 33.7113 -0.548167 255 191 0
19.6335 41.8517 -6.87978 255 191 0
8.2542 -20.9156 -2.34896 255 191 0
11.2748 -9.10289 6.27086 255 191 0
3.60873 -4.73239 -4.16586 255 191 0
6.52344 -6.60759 -10.4487 255 191 0
7.91838 -16.0549 1.44785 255 191 0
17.7076 12.9268 6.24906 255 191 0
10.274 2.36124 -0.128716 255 191 0
16.6448 48.8951 -8.6379 255 191 0
11.8919 24.1105 3.08813 255 191 0
12.8235 4.21936 2.47296 255 191 0
23.6841 42.3441 -7.40962 255 191 0
5.85423 -4.08194 2.06176 255 191 0
11.0561 12.8234 -1.4142 255 191 0
16.4015 8.60365 3.7006 255 191 0
8.82141 21.1809 -5.45618 255 191 0
22.8992 46.0902 -6.06958 255 191 0
16.4599 47.7528 -4.91385 255 191 0
7.02808 0.331724 -7.86029 255 191 0
15.0993 -18.0592 -13.7072 255 191 0
10.5037 2.29185 6.99119 255 191 0
22.9826 21.2275 2.00673 255 191 0
8.76646 15.2502 -5.48181 255 191 0
4.66442 -8.22675 -0.0622461 255 191 0
23.5834 41.0728 -7.73956 255 191 0
18.7072 9.14875 4.13803 255 191 0
10.4462 -11.5165 4.98183 255 191 0
4.09647 -3.47391 -2.28104 255 191 0
13.5245 -29.6644 -12.1912 255 191 0
4.79997 -12.6593 0.955464 255 191 0
22.6904 18.8706 2.81326 255 191 0
10.9289 34.1142 -3.6266 255 191 0
12.8723 1.6236 3.17483 255 191 0
5.77522 -19.7761 -1.88971 255 191 0
22.2267 13.2946 3.01199 255 191 0
4.31692 -14.4282 -9.27241 255 191 0
7.74295 5.70657 -7.11524 255 191 0
13.3874 -0.269227 7.93867 255 191 0
14.6677 52.5567 -6.64542 255 191 0
4.502 -2.84125 -1.15136 255 191 0
16.6234 -21.7894 -9.53378 255 191 0
15.6524 -28.0032 -8.27949 255 191 0
11.4511 34.8206 -6.12135 255 191 0
3.90068 -14.496 -1.87773 255 191 0
17.1313 35.3812 -4.4512 255 191 0
10.0425 -7.657 -10.3961 255 191 0
11.168 11.7948 -1.06062 255 191 0
20.5077 3.58346 8.71802 255 191 0
16.5436 25.3696 2.36161 255 191 0
3.55217 -8.89079 -4.40181 255 191 0
19.5717 5.27048 9.19274 255 191 0
13.1665 20.0815 -1.087 255 191 0
12.3968 -30.607 -10.4548 255 191 0
8.95274 1.70934 5.56758 255 191 0
6.41587 -0.66479 -7.83834 255 191 0
10.4847 11.3092 -1.81184 255 191 0
11.9474 34.5248 -1.52608 255 191 0
16.125 0.323039 8.94382 255 191 0
10.3054 16.7299 3.9072 255 191 0
15.1391 -23.1559 -13.245 255 191 0
3.54787 -16.4304 -3.97439 255 191 0
17.4711 31.3572 0.626913 255 191 0
17.97 23.6073 -0.451028 255 191 0
9.40753 -3.14775 6.6535 255 191 0
13.756 5.14379 7.42148 255 191 0
22.1062 20.6612 3.92598 255 191 0
17.3 -21.3744 -11.5233 255 191 0
5.0262 4.07709 -0.766801 255 191 0
10.697 31.3236 -6.01515 255 191 0
22.5569 16.9872 2.75004 255 191 0
19.3713 -4.02435 8.07928 255 191 0
10.6096 -15.222 -7.30773 255 191 0
8.71199 -13.8765 -5.02678 255 191 0
15.395 14.0599 6.34636 255 191 0
12.7574 -19.4518 -8.11972 255 191 0
9.63173 -18.4713 -5.69971 255 191 0
10.4653 -25.7144 -5.08448 255 191 0
18.0772 54.1432 -7.70243 255 191 0
17.8163 3.62655 5.70211 255 191 0
18.9863 43.1338 -7.10008 255 191 0
13.2998 -5.76168 7.71431 255 191 0
15.2376 1.44394 8.42861 255 191 0
22.8245 37.5841 -2.59886 255 191 0
16.0743 2.60749 8.65027 255 191 0
12.6588 15.6253 -0.43995 255 191 0
9.65467 10.781 -2.93625 255 191 0
7.55221 2.46256 3.70531 255 191 0
6.75134 7.73197 1.68086 255 191 0
4.58952 -15.8988 0.483113 255 191 0
9.3996 -21.6774 -11.2694 255 191 0
8.54129 -21.8297 -3.43102 255 191 0
17.759 37.6591 -5.11783 255 191 0
21.4283 7.11426 4.9506 255 191 0
4.04894 -15.1528 -8.55469 255 191 0
4.82125 -14.1664 1.2583 255 191 0
9.91766 -8.64861 2.01399 255 191 0
5.17547 -7.08698 1.12204 255 191 0
12.011 6.60479 7.35464 255 191 0
9.42822 -4.70655 0.467039 255 191 0
8.89205 10.9867 3.7389 255 191 0
9.67222 -6.3174 1.27188 255 191 0
7.79363 18.5948 -2.01714 255 191 0
4.36134 10.8518 -3.15285 255 191 0
22.1568 20.0764 0.0872131 255 191 0
9.05544 -5.71878 -0.186135 255 191 0
12.1214 9.43796 6.86905 255 191 0
11.2477 31.2025 -1.59862 255 191 0
12.6503 -9.22197 6.50275 255 191 0
8.62557 8.08115 -4.43165 255 191 0
14.7801 37.6826 -1.80606 255 191 0
23.5685 34.6655 -6.33966 255 191 0
6.618 13.0793 -4.83155 255 191 0
8.67091 20.7034 1.58683 255 191 0
4.48563 -9.61826 -0.418189 255 191 0
11.9067 -7.82646 6.99781 255 191 0
18.9263 53.1903 -7.44275 255 191 0
23.7832 40.6648 -6.45913 255 191 0
7.48272 -8.94908 5.3082 255 191 0
20.3643 28.0549 -2.45015 255 191 0
12.413 42.8385 -7.63888 255 191 0
16.8042 55.93 -9.01104 255 191 0
24.0601 33.5093 -6.24086 255 191 0
4.30511 -4.60989 -1.514 255 191 0
14.3806 -16.3214 -13.3956 255 191 0
16.5612 -20.5366 -13.7712 255 191 0
14.9786 -14.8255 -11.5252 255 191 0
22.4953 40.9517 -3.71624 255 191 0
23.9478 36.5433 -7.04996 255 191 0
20.301 -5.0413 8.65561 255 191 0
22.2673 36.8451 -2.04734 255 191 0
12.5816 51.5276 -9.70656 255 191 0
13.4763 15.8043 0.212226 255 191 0
20.0056 16.3315 1.81093 255 191 0
17.4247 -30.1665 -11.0514 255 191 0
12.2311 -15.1621 -13.193 255 191 0
17.8026 52.0159 -9.93501 255 191 0
9.39339 14.8694 -4.39185 255 191 0
19.587 31.1895 0.621392 255 191 0
15.3577 47.5528 -4.90789 255 191 0
16.1217 51.6737 -6.26299 255 191 0
20.2709 52.1026 -7.87131 255 191 0
9.81514 21.4854 2.46308 255 191 0
17.8674 3.65051 9.36057 255 191 0
10.5089 -11.1924 3.38394 255 191 0
23.1599 21.9576 -0.35241 255 191 0
4.91563 5.34344 -1.14971 255 191 0
4.49689 -17.5469 -8.98687 255 191 0
20.7697 22.4091 3.2782 255 191 0
16.1522 36.0511 -1.01086 255 191 0
17.8112 8.45978 4.3405 255 191 0
6.77444 -18.5532 -10.1427 255 191 0
9.09292 -13.3016 0.664271 255 191 0
10.7602 36.7577 -6.38439 255 191 0
11.6788 42.0402 -5.55729 255 191 0
20.8667 2.95866 7.72867 255 191 0
8.27897 -2.07399 -3.58861 255 191 0
20.4395 29.2416 -2.89197 255 191 0
6.27755 -8.9816 3.64925 255 191 0
9.76602 -27.9748 -8.46711 255 191 0
14.3497 35.0147 -4.61367 255 191 0
19.6727 51.8347 -6.82527 255 191 0
22.0714 14.0354 4.97203 255 191 0
9.00192 -15.1097 0.652014 255 191 0
15.0892 33.8724 -4.06111 255 191 0
21.2308 12.6054 6.89803 255 191 0
6.98473 -25.0716 -6.15042 255 191 0
7.43704 17.3159 -2.16357 255 191 0
8.07259 -8.30364 -3.71456 255 191 0
15.0666 -27.7376 -12.6287 255 191 0
22.6669 31.9861 -0.50205 255 191 0
11.9876 -27.6339 -11.9874 255 191 0
8.53373 -12.2732 -0.93166 255 191 0
21.3562 17.6656 5.19034 255 191 0
20.1818 11.0594 6.96907 255 191 0
18.3773 23.6762 3.07968 255 191 0
7.91407 17.5966 -4.62507 255 191 0
18.521 -3.99393 9.59988 255 191 0
3.80195 -8.69244 -9.44006 255 191 0
20.5197 44.3147 -8.15481 255 191 0
7.88278 6.64069 -6.67693 255 191 0
9.43316 0.742611 6.26566 255 191 0
9.90581 -13.9035 3.08921 255 191 0
14.9524 28.787 -2.65085 255 191 0
9.43975 24.2141 -3.11228 255 191 0
18.5316 36.1938 -0.944694 255 191 0
6.23947 -23.9686 -3.81645 255 191 0
10.9588 -2.4823 2.36575 255 191 0
20.9991 46.0479 -5.01632 255 191 0
20.4301 30.1316 0.824615 255 191 0
12.236 7.70043 7.29824 255 191 0
9.98009 -0.487445 6.99767 255 191 0
13.3567 -24.5106 -7.53203 255 191 0
16.9772 21.9895 -0.0113813 255 191 0
3.93421 -22.6156 -4.99276 255 191 0
16.7968 49.9624 -9.00095 255 191 0
5.81818 16.4882 -1.19886 255 191 0
4.11769 -9.99087 -1.56177 255 191 0
17.0837 2.71718 9.09678 255 191 0
22.5151 27.7986 -2.82324 255 191 0
3.53448 -13.5494 -6.76843 255 191 0
13.709 -18.7114 -8.97878 255 191 0
7.28627 15.5755 -4.31181 255 191 0
14.411 52.8557 -9.90203 255 191 0
23.3904 29.3344 0.0606252 255 191 0
14.6027 9.35794 7.57755 255 191 0
9.59695 -10.3138 5.34526 255 191 0
15.2208 4.58751 8.01088 255 191 0
18.4318 -27.732 -12.5885 255 191 0
11.0836 -7.13019 6.88425 255 191 0
22.5836 45.2502 -5.52026 255 191 0
5.0666 -18.5067 -9.29088 255 191 0
20.9386 45.6444 -8.95786 255 191 0
3.65394 -17.791 -6.28021 255 191 0
11.6772 41.5181 -7.34553 255 191 0
11.9172 -12.1098 -9.11999 255 191 0
7.17901 -0.75105 3.77829 255 191 0
10.191 -13.239 -7.3281 255 191 0
13.2598 9.00816 1.67304 255 191 0
19.0893 37.7251 -5.32475 255 191 0
16.0258 23.6946 -0.774184 255 191 0
4.02991 -10.2047 -9.69215 255 191 0
17.5795 22.5708 3.37129 255 191 0
5.59295 -10.8919 2.61237 255 191 0
20.4227 1.42212 8.90684 255 191 0
4.00407 -20.3626 -3.42071 255 191 0
24.4731 34.6724 -3.34689 255 191 0
11.8813 -1.83029 7.4602 255 191 0
9.09975 -0.262557 -1.39375 255 191 0
11.5194 22.673 3.44492 255 191 0
18.0548 10.1465 7.49642 255 191 0
10.0741 -22.5454 -11.7124 255 191 0
22.1857 15.3516 4.67947 255 191 0
14.3577 -16.6417 -9.69008 255 191 0
3.5737 1.94357 -6.14307 255 191 0
10.9732 18.9074 -2.94904 255 191 0
19.6456 35.8699 -0.961754 255 191 0
23.2181 44.9252 -9.43736 255 191 0
13.923 54.958 -10.5713 255 191 0
7.26604 -19.828 -10.2074 255 191 0
14.1445 -14.7351 -9.91796 255 191 0
12.2142 40.3611 -6.94116 255 191 0
10.9306 -15.4469 -13.0738 255 191 0
8.17662 -19.6407 -2.53938 255 191 0
19.8207 30.418 -3.11185 255 191 0
16.3073 -28.3633 -9.97968 255 191 0
8.56224 2.83204 -3.66505 255 191 0
3.67086 -16.0083 -2.91195 255 191 0
15.0797 19.0911 0.305264 255 191 0
13.4516 26.9168 1.77357 255 191 0
8.76484 4.55006 4.82097 255 191 0
12.6538 -31.4794 -8.0973 255 191 0
14.5444 -24.4352 -8.24772 255 191 0
18.2267 -4.89049 8.05212 255 191 0
19.8617 46.5554 -8.67035 255 191 0
8.01764 0.751613 -7.14118 255 191 0
16.3919 29.1992 -2.38772 255 191 0
19.3535 19.7793 0.82467 255 191 0
9.42795 12.9112 3.89813 255 191 0
9.67367 -10.7285 -7.43479 255 191 0
12.7645 -22.1187 -7.6106 255 191 0
9.2761 -15.7807 -12.3974 255 191 0
5.1931 -3.93627 -9.31409 255 191 0
23.711 26.4036 -0.85991 255 191 0
3.54673 -14.7939 -4.08991 255 191 0
17.3363 45.858 -4.22893 255 191 0
3.80013 -7.54211 -3.07756 255 191 0
7.3305 -6.60762 5.00946 255 191 0
22.6158 49.5825 -8.44614 255 191 0
10.1435 27.9809 -3.23531 255 191 0
12.226 -4.72465 7.64847 255 191 0
9.53989 -12.8238 1.82911 255 191 0
12.8496 16.4394 5.60494 255 191 0
10.9036 -19.6247 -12.6563 255 191 0
20.4058 10.763 3.66785 255 191 0
16.8186 -22.3381 -10.5406 255 191 0
10.3049 -6.33953 2.36102 255 191 0
10.2363 9.09197 -1.49424 255 191 0
10.4899 29.9098 -5.95009 255 191 0
8.29238 -16.4452 -2.08802 255 191 0
13.5934 -25.961 -12.6289 255 191 0
20.4913 41.1102 -7.00961 255 191 0
18.1712 -19.4198 -12.5856 255 191 0
18.3893 -30.4208 -11.7287 255 191 0
3.53554 -3.70925 -4.69064 255 191 0
14.5695 -1.19936 5.30682 255 191 0
21.2522 17.8836 1.15332 255 191 0
4.9631 7.91334 -1.42077 255 191 0
19.9678 4.29204 9.54682 255 191 0
3.65617 -14.0361 -3.23211 255 191 0
17.9577 6.92466 8.56234 255 191 0
24.2015 30.2653 -3.57865 255 191 0
12.0256 19.3128 -1.89763 255 191 0
18.6344 44.8844 -7.63139 255 191 0
20.2133 32.1691 -3.82137 255 191 0
20.6999 23.7441 -1.08117 255 191 0
10.3211 20.224 3.14368 255 191 0
16.6072 9.76983 3.5044 255 191 0
17.9132 2.56509 6.02566 255 191 0
3.49739 3.46679 -5.05836 255 191 0
10.4694 11.5334 5.15168 255 191 0
5.57936 10.6569 -0.653134 255 191 0
5.29512 1.31167 0.175984 255 191 0
9.27542 -3.83677 -8.49916 255 191 0
21.804 9.71933 4.36793 255 191 0
15.8321 -28.9011 -8.79763 255 191 0
15.5443 -30.7382 -12.3068 255 191 0
23.5689 25.8321 0.306013 255 191 0
15.2006 -21.8199 -13.4489 255 191 0
5.83129 -21.7924 -9.00603 255 191 0
6.70637 0.461055 2.83287 255 191 0
8.86084 -2.3829 -1.45348 255 191 0
22.6989 42.6252 -8.97663 255 191 0
14.4475 3.0477 7.93149 255 191 0
8.26021 11.4492 2.95638 255 191 0
24.0971 29.056 -3.16241 255 191 0
7.40257 -12.2305 3.69913 255 191 0
12.1397 6.25762 1.08535 255 191 0
17.6327 13.9928 5.92 255 191 0
9.17166 1.83197 -1.79482 255 191 0
21.1036 7.9716 4.41855 255 191 0
3.52389 -9.54064 -7.85209 255 191 0
9.4789 24.4604 -5.95677 255 191 0
10.5563 14.1179 4.68238 255 191 0
22.0748 42.4647 -4.09228 255 191 0
19.4164 40.9345 -6.44238 255 191 0
12.4517 0.956471 7.60244 255 191 0
20.2088 23.3305 3.08589 255 191 0
7.15738 -2.75174 -8.87809 255 191 0
17.1545 30.2505 -2.71375 255 191 0
11.3456 -14.3118 -13.038 255 191 0
9.88772 -14.5132 -12.7709 255 191 0
23.8972 34.8134 -2.235 255 191 0
23.2121 47.9351 -7.1185 255 191 0
10.2774 -7.58648 2.49266 255 191 0
10.2808 -9.49552 5.8452 255 191 0
4.58263 4.41267 -5.57908 255 191 0
16.5288 54.2365 -10.4392 255 191 0
11.0581 35.5569 -3.96744 255 191 0
10.117 12.1277 -2.42769 255 191 0
3.52911 -18.9062 -4.37874 255 191 0
5.41914 8.47717 -4.92347 255 191 0
3.78044 3.06818 -3.95593 255 191 0
11.7922 44.2162 -6.21963 255 191 0
18.9376 48.5885 -8.9721 255 191 0
8.5331 8.96029 3.71027 255 191 0
4.96724 -23.8634 -5.02871 255 191 0
4.96035 -18.2201 -1.19132 255 191 0
7.5527 -20.4836 -1.55429 255 191 0
11.986 -6.59267 7.45244 255 191 0
11.6343 10.3799 -0.171985 255 191 0
10.5616 -20.4377 -6.26251 255 191 0
15.3958 56.4529 -9.03093 255 191 0
23.7772 44.768 -7.45427 255 191 0
6.65987 11.0188 -5.6835 255 191 0
5.26596 5.55767 -5.67992 255 191 0
3.55264 -4.3927 -7.46075 255 191 0
16.1198 6.8829 3.99928 255 191 0
6.04191 -8.89942 -10.8526 255 191 0
8.33044 -22.6999 -2.67929 255 191 0
15.4276 31.8652 -3.40362 255 191 0
10.1225 -4.38152 1.68154 255 191 0
4.39818 -12.1208 -0.315142 255 191 0
9.36634 -5.68819 -9.73923 255 191 0
5.80889 9.71819 -4.92827 255 191 0
17.5864 -18.5352 -11.5081 255 191 0
11.5095 4.46742 7.3171 255 191 0
10.0571 -6.73055 6.70957 255 191 0
7.73175 19.7954 0.801513 255 191 0
13.5758 -21.2365 -13.2775 255 191 0
10.9784 -17.2859 -13.0686 255 191 0
13.3766 -16.9699 -13.5405 255 191 0
11.6664 32.5642 -1.30281 255 191 0
8.15438 8.99546 -6.02173 255 191 0
8.63751 -14.9447 -12.0935 255 191 0
9.62732 -17.1054 -12.3751 255 191 0
4.29869 -13.3499 -9.47809 255 191 0
9.15215 -7.70715 0.284579 255 191 0
16.422 14.4685 6.17085 255 191 0
21.5448 11.1448 3.31358 255 191 0
24.41 32.6237 -3.73392 255 191 0
5.2663 2.27309 -6.65813 255 191 0
15.332 55.8983 -10.8633 255 191 0
4.0165 -1.2655 -2.79648 255 191 0
22.1061 12.0474 3.48874 255 191 0
14.4602 -15.0632 -12.5678 255 191 0
6.7745 -15.323 1.363 255 191 0
12.9659 -29.4332 -6.57485 255 191 0
13.0591 -31.6298 -10.0752 255 191 0
23.3406 23.7209 0.313955 255 191 0
7.52785 -24.2237 -9.70469 255 191 0
7.54084 12.7632 -6.24473 255 191 0
22.2317 35.7287 -5.96748 255 191 0
17.4311 -3.22105 9.28655 255 191 0
8.17846 -5.59514 -5.72033 255 191 0
18.4401 47.2558 -8.36547 255 191 0
11.9879 39.116 -6.71905 255 191 0
22.5291 21.068 -0.767499 255 191 0
9.87115 -8.84938 -8.11647 255 191 0
13.2799 6.29064 2.12507 255 191 0
11.7642 43.0992 -5.86008 255 191 0
9.65741 11.5238 4.40458 255 191 0
23.8405 43.8501 -6.68405 255 191 0
8.71789 -1.9078 5.96694 255 191 0
4.39128 -18.85 -8.3774 255 191 0
5.24536 3.02002 -0.153446 255 191 0
17.0576 52.563 -6.58184 255 191 0
10.4886 8.67446 5.7357 255 191 0
14.1825 -13.6301 -11.3279 255 191 0
4.62527 -2.59058 -8.22692 255 191 0
3.68731 -7.52266 -9.16494 255 191 0
14.3792 -3.41607 8.55682 255 191 0
13.3999 -28.5777 -12.2947 255 191 0
9.22445 5.77846 5.08365 255 191 0
16.8579 -26.0262 -10.9637 255 191 0
23.9544 41.3015 -5.32929 255 191 0
6.44144 2.03401 2.15405 255 191 0
9.8616 -8.81858 -11.0658 255 191 0
12.2629 40.4627 -3.12704 255 191 0
10.4029 -19.3084 -6.2482 255 191 0
20.2167 37.0913 -5.48342 255 191 0
23.8716 37.7029 -7.38863 255 191 0
3.4356 -10.1469 -6.48316 255 191 0
8.43616 -4.90328 -1.88811 255 191 0
12.4457 8.06043 1.02038 255 191 0
11.232 1.39478 7.32469 255 191 0
17.068 24.2546 -0.704429 255 191 0
15.6894 52.0952 -9.62353 255 191 0
15.6451 -4.88912 6.85565 255 191 0
12.9761 45.3194 -4.45356 255 191 0
8.1199 -17.099 -11.2142 255 191 0
22.8782 42.9845 -4.76032 255 191 0
8.34047 -0.973798 -3.58966 255 191 0
20.1492 3.41364 6.02859 255 191 0
16.9673 5.97153 8.49605 255 191 0
6.6028 -23.5588 -9.22258 255 191 0
18.7263 49.6981 -5.74144 255 191 0
8.68624 19.8898 -4.08969 255 191 0
8.71481 0.31135 -2.55208 255 191 0
11.4538 -0.74255 7.35338 255 191 0
10.9532 38.6837 -6.40838 255 191 0
18.7505 37.1818 -1.30379 255 191 0
18.5213 -29.4257 -12.2218 255 191 0
12.3161 14.2592 -0.421474 255 191 0
9.4624 -12.9926 -6.52578 255 191 0
10.3313 -12.5403 3.30297 255 191 0
15.3775 11.7654 7.17387 255 191 0
23.8781 42.7698 -6.2218 255 191 0
8.92634 5.38667 -3.22334 255 191 0
16.4949 -17.675 -10.0124 255 191 0
23.4651 23.6371 -1.04083 255 191 0
11.8193 -1.37709 2.84278 255 191 0
5.54954 -15.0677 1.37242 255 191 0
5.09939 -10.8171 1.44413 255 191 0
8.16104 -3.59387 -3.74031 255 191 0
19.0376 24.0091 -0.798216 255 191 0
19.889 7.56377 4.69875 255 191 0
13.3959 40.1785 -6.47512 255 191 0
17.529 21.5085 3.70638 255 191 0
8.83546 -7.00267 -0.604438 255 191 0
24.3874 35.7457 -4.6282 255 191 0
11.8519 3.2621 1.67106 255 191 0
20.9123 37.8017 -6.02066 255 191 0
12.7698 -5.49773 4.88997 255 191 0
10.4279 23.7789 -4.62226 255 191 0
21.7939 33.9226 -0.839103 255 191 0
19.3221 39.6583 -2.22236 255 191 0
13.4801 -33.0166 -9.44005 255 191 0
3.54481 2.34146 -4.81298 255 191 0
24.2932 36.2667 -5.98896 255 191 0
5.28504 -6.65911 -10.1709 255 191 0
3.57309 -15.0293 -6.60822 255 191 0
11.2984 -23.3503 -6.41923 255 191 0
13.8237 17.8318 -0.0616427 255 191 0
12.0897 45.1841 -5.84694 255 191 0
10.5366 26.4806 -1.27055 255 191 0
10.7867 14.5902 -2.18617 255 191 0
16.3354 -25.184 -9.33064 255 191 0
21.7927 44.4319 -9.00905 255 191 0
9.60471 17.1751 3.19484 255 191 0
18.3817 17.2122 1.65792 255 191 0
15.2648 31.6066 0.231025 255 191 0
12.5499 22.3481 3.37869 255 191 0
3.61124 0.775559 -5.80538 255 191 0
10.9037 24.8715 0.1662 255 191 0
4.99594 -0.292292 -0.257412 255 191 0
17.2905 5.26531 5.04081 255 191 0
6.30988 -4.06108 -9.76753 255 191 0
4.43522 -10.8211 -0.40122 255 191 0
16.9861 35.108 -0.622204 255 191 0
16.0911 21.6399 3.3957 255 191 0
20.1364 1.53464 6.60424 255 191 0
14.871 41.6325 -6.62612 255 191 0
8.5232 -13.1916 3.38869 255 191 0
13.1555 5.27523 2.50533 255 191 0
20.8104 26.4525 1.97832 255 191 0
18.695 13.7399 6.15164 255 191 0
4.01396 2.20134 -3.10273 255 191 0
22.2782 14.5779 3.71188 255 191 0
13.0445 32.9436 -4.63969 255 191 0
15.4628 32.6759 -0.0511606 255 191 0
20.6961 47.2186 -5.35936 255 191 0
15.8395 -22.6753 -8.94907 255 191 0
13.314 7.18743 7.46343 255 191 0
14.5519 27.3123 1.36312 255 191 0
15.0879 50.9609 -9.24473 255 191 0
5.5529 -0.29633 0.917877 255 191 0
12.3659 18.4198 -1.38723 255 191 0
11.4136 -3.9566 7.3881 255 191 0
16.7194 12.39 2.80611 255 191 0
6.34157 14.9156 -2.64056 255 191 0
6.80145 -4.97119 3.90892 255 191 0
3.98705 7.65926 -4.39315 255 191 0
21.0607 4.18882 5.77851 255 191 0
15.4055 39.6852 -2.30864 255 191 0
18.8689 16.5598 5.31411 255 191 0
15.8606 34.98 -0.712616 255 191 0
15.1752 6.43631 3.52615 255 191 0
10.4707 -22.4007 -5.83797 255 191 0
9.94328 -12.014 -12.4822 255 191 0
9.36852 -1.74488 -0.502307 255 191 0
14.9349 -25.1525 -12.9352 255 191 0
3.89011 -11.703 -2.33445 255 191 0
13.1579 6.07897 7.39845 255 191 0
7.94339 2.98745 -6.39548 255 191 0
14.8812 40.8509 -2.78849 255 191 0
14.9605 47.2306 -8.23556 255 191 0
11.3267 27.6055 -4.51918 255 191 0
14.3322 0.72226 8.17935 255 191 0
20.9376 13.5897 6.41223 255 191 0
15.3544 53.39 -10.0563 255 191 0
17.4147 27.1149 1.94235 255 191 0
15.8257 -19.1363 -13.8852 255 191 0
11.5611 -4.98557 3.72246 255 191 0
23.6722 36.7366 -2.8063 255 191 0
21.3701 6.45268 5.94384 255 191 0
11.8937 -14.2346 -8.64654 255 191 0
7.00833 5.5798 2.41188 255 191 0
8.16292 -8.85913 -2.71214 255 191 0
4.56854 -16.4251 -9.2984 255 191 0
20.2154 51.794 -8.97954 255 191 0
12.0913 -11.221 -11.3137 255 191 0
15.8054 30.1279 -2.79711 255 191 0
24.3621 32.9275 -2.28209 255 191 0
16.0026 -27.197 -12.7578 255 191 0
14.2915 54.8331 -7.52322 255 191 0
9.01825 7.71914 4.49256 255 191 0
18.0086 20.5877 0.5696 255 191 0
10.7699 19.1204 3.72744 255 191 0
5.29867 -23.9747 -8.14926 255 191 0
10.8294 6.48788 6.46398 255 191 0
14.1885 25.8937 2.05446 255 191 0
7.84106 -1.63771 4.82107 255 191 0
19.966 17.5498 4.96156 255 191 0
14.8607 30.8149 -3.27243 255 191 0
8.25165 3.3546 -4.72245 255 191 0
5.12764 9.581 -1.35619 255 191 0
11.9435 47.1034 -8.54908 255 191 0
13.6753 -19.9237 -8.75278 255 191 0
18.0881 27.3906 -1.78093 255 191 0
19.8042 43.2299 -3.57677 255 191 0
6.12077 -12.3403 3.23771 255 191 0
16.1482 16.2353 1.51703 255 191 0
23.0563 22.577 -1.5713 255 191 0
15.9875 23.8914 2.69591 255 191 0
10.0551 20.6734 -4.44519 255 191 0
5.14509 -8.38455 1.20031 255 191 0
9.71323 -4.84519 -9.00951 255 191 0
16.4589 15.5426 5.70553 255 191 0
31.3229 10.1612 -9.44913 0 166 255
31.87 12.8753 -6.22969 0 166 255
32.3672 -2.62853 -3.94321 0 166 255
32.3051 -56.3779 12.1211 0 166 255
28.6594 -58.0918 -1.28569 0 166 255
30.7976 11.148 0.6684 0 166 255
24.8175 -45.1624 -8.18755 0 166 255
30.5509 -1.35865 -9.57528 0 166 255
28.2498 -16.4648 2.34936 0 166 255
22.716 16.9664 5.41382 0 166 255
27.0213 11.1417 -6.39204 0 166 255
24.975 -18.5316 8.70332 0 166 255
23.3955 -3.1836 -10.7091 0 166 255
15.3879 -35.5342 17.5529 0 166 255
24.7733 20.4139 4.03319 0 166 255
31.2908 1.87324 2.86118 0 166 255
27.2745 -73.2622 16.0086 0 166 255
13.7428 -67.541 21.6179 0 166 255
32.7454 -17.5108 0.890014 0 166 255
32.9258 -29.3239 3.58963 0 166 255
27.143 28.643 -0.473132 0 166 255
18.4553 -64.9938 23.2847 0 166 255
32.6697 -62.2831 9.63654 0 166 255
25.3843 -5.00821 4.56152 0 166 255
30.4046 -20.9723 10.7808 0 166 255
30.6171 0.341278 -9.82155 0 166 255
28.1008 -65.9394 21.6732 0 166 255
24.0312 -49.3301 -2.97583 0 166 255
31.2055 26.8354 -7.89528 0 166 255
31.8387 -1.07969 2.34112 0 166 255
26.9069 13.9262 -5.98175 0 166 255
28.363 3.30475 6.65335 0 166 255
30.0371 11.5457 1.94693 0 166 255
27.4199 11.2671 -11.8276 0 166 255
21.8294 -67.9444 24.4991 0 166 255
26.8544 -28.2272 -9.52836 0 166 255
18.5001 -27.6773 17.4392 0 166 255
32.5454 -2.16077 -0.93865 0 166 255
19.4988 -40.4419 -6.46278 0 166 255
19.6793 -42.731 -6.19551 0 166 255
29.261 -29.6075 14.0452 0 166 255
32.3689 -42.422 10.6585 0 166 255
22.6935 -32.13 13.2929 0 166 255
30.7386 -67.6041 18.2125 0 166 255
32.3173 -52.7829 3.06125 0 166 255
30.4376 -53.5921 16.759 0 166 255
30.8047 -37.8654 13.6982 0 166 255
17.9444 -25.7163 -8.64347 0 166 255
22.4189 -44.7169 20.6622 0 166 255
27.6947 -1.47451 -1.39998 0 166 255
27.2148 -5.84516 -10.8002 0 166 255
27.5422 -39.1835 17.4868 0 166 255
24.824 -28.184 16.7964 0 166 255
29.871 -16.4661 10.4171 0 166 255
31.0684 -25.3696 -4.31795 0 166 255
32.6938 -48.7742 4.90811 0 166 255
32.5378 -59.7745 5.97187 0 166 255
25.5957 -59.1757 14.9305 0 166 255
29.4077 -46.4872 -4.16803 0 166 255
30.7519 -29.9241 -4.35394 0 166 255
30.6748 -61.6937 2.54555 0 166 255
27.5772 -39.2459 -7.13351 0 166 255
14.6341 -38.331 17.4346 0 166 255
20.1198 -27.8794 12.8775 0 166 255
31.5133 -5.62049 4.63883 0 166 255
15.761 -60.5668 16.3841 0 166 255
32.6939 -52.4816 9.43516 0 166 255
31.1064 -19.1253 -5.10619 0 166 255
23.3674 -45.7684 15.1113 0 166 255
29.068 -60.8665 2.65163 0 166 255
18.896 -18.1584 -9.74166 0 166 255
27.0644 -17.2596 -11.4109 0 166 255
28.1406 -58.3476 5.96452 0 166 255
17.9006 -51.541 15.388 0 166 255
31.9786 -48.3279 12.7665 0 166 255
14.3069 -52.1434 19.1506 0 166 255
27.4671 -71.9365 14.976 0 166 255
25.8441 21.3391 -5.76398 0 166 255
31.6396 6.5482 0.228773 0 166 255
28.2404 -59.105 8.64939 0 166 255
20.9834 -29.7768 -11.4774 0 166 255
17.491 -69.098 23.3374 0 166 255
32.8641 -20.8906 2.99637 0 166 255
27.4855 -1.9916 0.0622277 0 166 255
25.2069 -36.2622 -3.36396 0 166 255
21.7116 -10.7914 -10.3518 0 166 255
23.9234 11.1549 7.17137 0 166 255
15.4112 -37.3427 15.6474 0 166 255
20.5127 -10.2102 13.6462 0 166 255
23.3598 -53.8478 16.0993 0 166 255
29.4968 30.4264 -4.33286 0 166 255
21.4538 -41.8198 15.3195 0 166 255
31.548 21.3267 -8.35107 0 166 255
32.4319 -27.3984 -0.00823164 0 166 255
26.2788 -12.3799 -11.6441 0 166 255
30.8602 -20.7854 -5.41277 0 166 255
31.2461 -48.8054 14.6574 0 166 255
24.9116 -43.9866 19.9012 0 166 255
25.881 -17.3787 -5.4345 0 166 255
27.2831 5.90623 -2.89952 0 166 255
26.5413 20.3123 -8.73558 0 166 255
24.9005 18.0027 -2.95094 0 166 255
19.8354 -32.6435 13.6354 0 166 255
22.5037 -70.815 22.5439 0 166 255
17.842 -32.3749 13.3027 0 166 255
23.616 27.4359 -0.228772 0 166 255
19.0909 -41.6718 19.837 0 166 255
20.725 -34.1795 -11.071 0 166 255
30.0662 -73.7959 15.6947 0 166 255
24.8187 9.91409 0.432238 0 166 255
31.513 22.2519 -7.20896 0 166 255
26.3885 9.76562 -9.21192 0 166 255
27.8305 -33.2747 16.1133 0 166 255
23.9352 -18.5485 -7.4055 0 166 255
32.2176 -5.64956 -4.21097 0 166 255
19.6116 -10.8096 -11.2744 0 166 255
27.8631 -32.0686 0.63014 0 166 255
23.6009 -19.7688 -12.4028 0 166 255
28.2965 -50.489 6.81578 0 166 255
32.0566 -28.8945 -1.20041 0 166 255
26.2946 -5.64059 10.7078 0 166 255
32.2647 -39.0682 1.20709 0 166 255
23.6126 32.0169 -4.94411 0 166 255
23.4792 -44.4196 -4.01122 0 166 255
28.0847 -30.9406 15.4313 0 166 255
26.1668 14.7122 -3.23618 0 166 255
18.4109 -41.8795 -6.53763 0 166 255
19.3514 -52.4112 21.4653 0 166 255
32.3625 -51.0468 3.10537 0 166 255
28.6742 -37.9348 -6.23161 0 166 255
24.8053 -38.4423 -3.4986 0 166 255
23.6007 -17.8164 9.43501 0 166 255
27.7739 -2.25164 8.75761 0 166 255
26.5764 -75.3099 18.7064 0 166 255
30.4166 9.75658 -11.7221 0 166 255
22.8363 -65.9935 24.1189 0 166 255
24.2967 -40.0706 19.4391 0 166 255
29.8158 -0.184954 -11.0469 0 166 255
28.5282 -1.1924 -10.9712 0 166 255
26.9411 -7.63537 -10.9357 0 166 255
24.8062 -21.7549 9.71996 0 166 255
25.8116 -37.2449 11.8824 0 166 255
27.4467 -4.44994 -3.15457 0 166 255
23.4046 -22.2478 15.9879 0 166 255
15.307 -69.2862 19.3363 0 166 255
21.2517 -14.9174 -9.6864 0 166 255
21.0915 -50.2512 21.4857 0 166 255
31.6485 -66.1093 7.52225 0 166 255
26.6085 -50.4855 20.1734 0 166 255
23.9385 -10.0521 7.10462 0 166 255
26.2051 -53.7602 20.9484 0 166 255
28.8823 -18.5457 -9.25988 0 166 255
20.6002 0.923166 8.79615 0 166 255
25.7418 -35.5309 17.8923 0 166 255
30.3332 -28.6887 -5.30661 0 166 255
29.1278 16.2427 1.73443 0 166 255
22.3092 -43.2044 15.2495 0 166 255
27.7169 -20.9088 5.86503 0 166 255
24.8735 -6.24681 5.468 0 166 255
24.6125 -29.4996 -4.92511 0 166 255
19.2265 -41.2838 14.8056 0 166 255
24.1041 -3.73225 5.35855 0 166 255
29.6558 -26.1054 -6.80719 0 166 255
14.6068 -53.2985 16.7011 0 166 255
27.4319 -58.7096 0.41127 0 166 255
31.7424 -53.3603 13.8666 0 166 255
25.5483 32.0766 -5.20968 0 166 255
26.1089 6.00155 -9.24925 0 166 255
27.9419 -71.0467 22.3288 0 166 255
32.8659 -27.3532 2.64822 0 166 255
20.9055 -39.8372 -5.96141 0 166 255
23.5993 -28.0142 11.8049 0 166 255
27.6261 -4.96334 -1.68319 0 166 255
28.0445 -48.0843 3.49506 0 166 255
14.996 -62.1023 18.1992 0 166 255
31.9468 -38.899 -0.377429 0 166 255
30.8572 -55.9468 -0.870551 0 166 255
32.9037 -32.5796 4.57546 0 166 255
28.3529 -21.7279 13.2285 0 166 255
25.3811 26.8404 -6.61362 0 166 255
20.2264 -21.4557 -12.06 0 166 255
28.517 30.8902 -5.69301 0 166 255
19.2297 -19.9209 11.137 0 166 255
32.4047 -57.0954 4.26724 0 166 255
20.8504 -32.6939 -6.82387 0 166 255
31.1065 -68.4406 10.7097 0 166 255
26.0231 -9.39218 -6.10467 0 166 255
26.3465 -55.7757 13.5245 0 166 255
28.3599 -23.438 2.21222 0 166 255
28.2735 -32.6546 2.43394 0 166 255
27.8575 -61.0047 4.32308 0 166 255
29.887 -28.4865 13.1384 0 166 255
17.6583 -52.2123 20.8923 0 166 255
27.9242 -18.6471 4.54505 0 166 255
18.9741 -46.6661 -7.92402 0 166 255
29.7827 -55.2495 17.9713 0 166 255
21.0284 -20.3319 11.2021 0 166 255
32.1203 -5.70192 2.89865 0 166 255
27.3539 -41.2435 0.905571 0 166 255
32.143 -59.8134 13.1219 0 166 255
15.4607 -49.1624 19.3013 0 166 255
28.3352 -47.3927 6.00292 0 166 255
30.3573 -64.9722 6.78583 0 166 255
20.3123 -4.54025 8.8824 0 166 255
30.3805 -62.9776 4.05332 0 166 255
27.1535 25.9491 -10.0124 0 166 255
20.5599 -70.4844 19.7113 0 166 255
26.6126 6.82555 -8.16762 0 166 255
32.5946 -45.6742 3.71323 0 166 255
30.9134 26.6756 -6.32897 0 166 255
14.8067 -53.8047 19.8061 0 166 255
23.9543 -38.3095 19.226 0 166 255
31.6306 4.97931 -7.62572 0 166 255
32.6983 -54.6132 8.82668 0 166 255
32.3373 -50.5572 11.6148 0 166 255
23.0449 -36.8939 14.0447 0 166 255
25.1596 22.2833 3.21836 0 166 255
31.359 -12.4519 6.96116 0 166 255
25.818 -71.0194 21.853 0 166 255
22.2711 -39.5313 -9.9859 0 166 255
23.3895 18.6544 3.26432 0 166 255
18.7754 -68.0739 23.9475 0 166 255
32.1797 -34.3171 -0.079174 0 166 255
31.2039 21.1909 -11.164 0 166 255
25.5375 32.3692 -0.511062 0 166 255
22.8498 -62.3146 23.4513 0 166 255
27.5731 1.11035 7.96306 0 166 255
15.0743 -29.3695 15.4203 0 166 255
27.6395 -58.4467 20.7434 0 166 255
15.5495 -41.0356 16.5326 0 166 255
22.4053 -39.111 -5.28531 0 166 255
26.5758 -28.3889 9.48838 0 166 255
25.1541 -0.0560303 -12.0326 0 166 255
31.6219 6.45568 -7.91012 0 166 255
32.8532 -36.4145 4.93553 0 166 255
24.9783 -2.73158 4.2701 0 166 255
30.6118 -31.5828 12.8048 0 166 255
21.5917 -23.864 11.8991 0 166 255
26.3782 13.2206 -11.8352 0 166 255
26.338 -57.0479 0.306338 0 166 255
30.5068 -59.3324 -0.625622 0 166 255
32.6395 -42.9419 3.69557 0 166 255
22.0444 4.40434 9.6192 0 166 255
32.1832 -39.518 10.9884 0 166 255
31.1942 -38.7317 -2.3083 0 166 255
21.8848 -22.7272 -12.222 0 166 255
29.7087 24.5974 -2.31419 0 166 255
32.1869 -37.1947 0.384877 0 166 255
22.5672 -33.4715 18.6122 0 166 255
26.1707 -21.8023 14.7598 0 166 255
15.4433 -39.1577 16 0 166 255
15.1222 -45.6983 18.0653 0 166 255
13.2716 -63.8412 20.4825 0 166 255
31.6772 12.4605 -8.35243 0 166 255
23.9195 -39.6574 -9.34152 0 166 255
24.1566 -33.7094 -10.1442 0 166 255
27.2933 -10.6086 -3.37256 0 166 255
20.7254 8.5686 8.27877 0 166 255
31.846 12.1731 -3.37861 0 166 255
29.8109 -2.89277 -10.4713 0 166 255
29.3601 -33.9811 14.8463 0 166 255
28.8306 9.91899 4.19186 0 166 255
20.7527 -16.8725 15.2456 0 166 255
24.9626 4.35326 -10.6921 0 166 255
23.1699 -29.4049 17.6404 0 166 255
15.3534 -55.8209 20.4587 0 166 255
25.3058 -22.3624 -5.49042 0 166 255
28.4356 -42.5393 5.09212 0 166 255
28.1365 -14.3236 1.15769 0 166 255
14.1089 -69.8845 21.8602 0 166 255
24.4915 -42.3603 19.7693 0 166 255
20.818 -39.1836 14.8482 0 166 255
27.7754 -46.7216 2.58398 0 166 255
32.0647 8.5041 -6.28782 0 166 255
25.2028 -10.9684 -7.09674 0 166 255
24.1051 -28.3129 -11.0743 0 166 255
15.5983 -65.5679 18.0026 0 166 255
21.0441 -44.2025 20.5868 0 166 255
23.0652 -46.5184 -4.03622 0 166 255
28.6369 -41.437 16.9445 0 166 255
29.7803 -67.4758 10.1724 0 166 255
15.4789 -71.4521 19.0087 0 166 255
31.1742 17.7808 -11.1199 0 166 255
32.6639 -56.1269 9.42983 0 166 255
21.3957 -1.47759 11.3009 0 166 255
21.2186 -38.0321 -10.5208 0 166 255
20.8451 -55.2331 16.8851 0 166 255
25.3438 -56.3331 14.7752 0 166 255
32.614 -67.821 11.353 0 166 255
28.0812 0.472986 -11.1813 0 166 255
14.8141 -41.2641 18.0794 0 166 255
31.744 13.9883 -7.96998 0 166 255
20.9828 -5.24409 7.27886 0 166 255
28.4307 -28.88 3.47775 0 166 255
26.1184 20.024 3.33045 0 166 255
24.5444 -37.6948 -9.35363 0 166 255
27.1617 -55.6906 1.91938 0 166 255
17.8402 -9.85174 13.0717 0 166 255
32.7818 -32.0046 2.45334 0 166 255
27.3792 -65.7928 13.3873 0 166 255
31.7426 -51.1893 0.648193 0 166 255
25.6592 -30.7711 16.9474 0 166 255
24.0626 12.6159 -0.0575104 0 166 255
21.8946 -12.7054 -12.1048 0 166 255
26.9966 1.37935 -0.189332 0 166 255
27.2254 32.3135 -4.95029 0 166 255
31.4804 -28.5261 -2.9141 0 166 255
30.2584 13.3176 0.955808 0 166 255
27.1701 6.90625 -6.01197 0 166 255
27.0432 -34.5858 -8.29986 0 166 255
27.7412 -63.9032 11.7683 0 166 255
25.4338 2.23112 9.02854 0 166 255
15.7767 -25.3366 16.1404 0 166 255
32.4365 -0.272522 -3.79005 0 166 255
32.2196 -20.3122 -1.84826 0 166 255
27.5054 1.89993 -3.47916 0 166 255
25.4874 31.7606 -3.24819 0 166 255
26.0579 -55.4321 -2.65453 0 166 255
27.9283 -7.77237 0.229708 0 166 255
17.4928 -13.8987 13.1968 0 166 255
28.1241 -75.5581 18.4323 0 166 255
23.6048 24.3982 1.12258 0 166 255
25.7278 5.20341 -12.0543 0 166 255
32.5012 -37.6699 1.83263 0 166 255
30.6165 8.66965 1.86787 0 166 255
31.279 -66.1969 16.7152 0 166 255
32.4447 -68.885 12.7071 0 166 255
19.4359 -50.2421 21.1623 0 166 255
32.6319 -55.7492 6.13928 0 166 255
28.5658 27.9949 -1.8258 0 166 255
32.7244 -51.6741 6.36824 0 166 255
22.6726 -39.7167 14.648 0 166 255
28.646 -39.7888 -5.99348 0 166 255
27.1803 -39.5338 0.249491 0 166 255
20.003 -60.5857 17.7765 0 166 255
21.3034 -33.2107 13.7473 0 166 255
14.1053 -36.3415 16.5875 0 166 255
17.7294 -21.0088 15.9522 0 166 255
20.3137 5.61716 8.9806 0 166 255
30.3692 25.6261 -4.1443 0 166 255
17.2682 -66.8376 23.1777 0 166 255
27.8168 -54.409 3.76088 0 166 255
30.9181 -9.29185 6.98055 0 166 255
31.9762 -43.3151 12.1144 0 166 255
23.4758 11.3594 0.911839 0 166 255
25.8612 -18.4569 14.174 0 166 255
29.1509 18.1029 1.0308 0 166 255
31.3953 -21.8896 9.3536 0 166 255
24.247 -71.0625 18.2807 0 166 255
29.4541 -50.3434 -3.64307 0 166 255
26.4591 8.37543 -1.15341 0 166 255
26.695 0.359146 1.26168 0 166 255
32.7883 -29.7252 6.30923 0 166 255
29.5051 6.67379 4.39783 0 166 255
24.928 -10.2977 12.6202 0 166 255
28.7667 -3.92876 -11.4681 0 166 255
18.0714 -43.031 19.7021 0 166 255
26.2598 6.50101 -0.107506 0 166 255
21.5269 -12.5842 14.124 0 166 255
31.9663 -49.6261 1.20095 0 166 255
27.9744 -19.8922 -10.1014 0 166 255
31.2243 -73.1269 17.9778 0 166 255
17.0291 -45.9179 -8.78507 0 166 255
18.682 -6.17877 11.9475 0 166 255
27.1771 9.2907 -5.72968 0 166 255
21.5265 9.77236 6.71182 0 166 255
24.4956 -58.092 22.4058 0 166 255
32.3176 -61.4901 12.4098 0 166 255
30.7743 -27.2439 -4.64456 0 166 255
26.7627 12.136 5.3186 0 166 255
23.2042 -52.2396 15.9226 0 166 255
32.9269 -26.7901 4.2865 0 166 255
16.2865 -57.8088 15.5999 0 166 255
26.0919 -57.6927 14.0625 0 166 255
31.9525 -65.7761 14.5793 0 166 255
32.2925 5.37626 -3.86609 0 166 255
28.7037 -0.594402 7.45994 0 166 255
26.8201 11.0557 -3.31268 0 166 255
26.7208 -9.54872 -4.76816 0 166 255
20.4214 -45.7751 20.7324 0 166 255
30.074 -46.2949 16.2268 0 166 255
18.2699 -33.9466 13.6047 0 166 255
32.5388 -5.03152 0.636257 0 166 255
30.6696 -66.8202 8.90518 0 166 255
21.8407 2.73844 4.6768 0 166 255
21.3481 6.27957 7.30927 0 166 255
18.9376 -4.40939 11.6091 0 166 255
26.7955 -7.7901 -4.94711 0 166 255
24.9826 -23.8171 -11.5066 0 166 255
21.1183 -30.2075 18.1712 0 166 255
25.4158 -59.3731 22.2846 0 166 255
19.9371 -16.4124 -9.76107 0 166 255
16.619 -53.3844 20.6644 0 166 255
21.6915 -13.1142 9.21862 0 166 255
25.6022 -17.4013 -12.0864 0 166 255
27.9526 31.1979 -2.30053 0 166 255
32.1099 -17.0039 -2.53974 0 166 255
28.2322 -62.6879 8.93411 0 166 255
29.8517 -23.9982 12.2013 0 166 255
26.8661 -34.7598 10.0318 0 166 255
31.2628 -70.0216 17.3835 0 166 255
28.493 -24.9777 3.66974 0 166 255
32.6726 -56.9206 7.50467 0 166 255
28.0511 -22.7273 0.283823 0 166 255
32.6833 -12.8995 -0.767666 0 166 255
25.3577 -48.2709 13.7426 0 166 255
26.9645 24.7366 1.07726 0 166 255
32.4856 -22.9769 6.6496 0 166 255
32.1954 -62.2516 3.84477 0 166 255
27.9591 -36.1231 16.5736 0 166 255
28.3359 -33.9889 3.42945 0 166 255
18.3956 -38.4711 19.1446 0 166 255
30.9209 -41.4355 14.1877 0 166 255
19.2013 -2.91056 11.7264 0 166 255
31.7946 -55.87 14.0244 0 166 255
27.4226 4.70605 -4.19586 0 166 255
23.4095 15.5893 1.55958 0 166 255
28.272 -63.2608 6.2529 0 166 255
27.749 -2.76909 -2.41058 0 166 255
27.6185 -13.4523 -2.38691 0 166 255
19.2101 -30.3334 -10.5387 0 166 255
27.191 -40.3437 10.3843 0 166 255
30.3075 29.8867 -6.03056 0 166 255
27.1658 -11.9025 4.25402 0 166 255
18.0976 -49.7936 15.181 0 166 255
25.9721 -33.4589 17.3376 0 166 255
24.2406 -26.6007 -5.70421 0 166 255
25.144 -49.4691 -7.46786 0 166 255
30.8445 -56.0195 16.3668 0 166 255
26.2084 -11.8362 12.3826 0 166 255
22.1429 -49.1824 21.3732 0 166 255
28.3937 -22.8746 3.74378 0 166 255
25.7209 -22.771 9.19383 0 166 255
26.7172 -2.63697 -6.07483 0 166 255
31.9709 -64.0453 14.2998 0 166 255
25.22 -13.4031 -6.84101 0 166 255
27.9324 -30.2059 0.769266 0 166 255
17.8144 -63.8977 17.6823 0 166 255
32.0544 -60.0662 2.8432 0 166 255
27.9543 12.5696 4.19016 0 166 255
27.7158 -55.0325 10.4735 0 166 255
22.0844 -11.539 8.63666 0 166 255
20.2187 -0.564358 9.57547 0 166 255
26.6453 -23.4735 -10.5471 0 166 255
31.4425 -34.7392 11.9651 0 166 255
23.9372 32.8488 -3.29407 0 166 255
23.7427 -22.7475 -6.90812 0 166 255
26.3537 -4.73624 3.32478 0 166 255
23.2929 -34.8834 -5.22065 0 166 255
30.4386 -52.1019 16.5249 0 166 255
31.4234 16.3007 -3.179 0 166 255
20.9131 -48.6516 15.9974 0 166 255
23.8632 16.5989 -0.779138 0 166 255
20.9281 -31.5898 13.5047 0 166 255
29.6714 -41.1089 15.8783 0 166 255
20.6556 -44.5216 -5.58225 0 166 255
24.5485 7.1471 8.06526 0 166 255
32.0071 -18.6348 7.13686 0 166 255
22.6212 -40.7881 -4.91492 0 166 255
30.5078 -36.2436 13.8902 0 166 255
25.0265 23.5603 -4.95916 0 166 255
23.6011 26.2029 0.821537 0 166 255
25.7759 -50.0616 13.4912 0 166 255
22.9322 -68.3594 18.5469 0 166 255
28.3297 -17.0547 -10.2416 0 166 255
32.7487 -51.4932 8.30493 0 166 255
28.6674 12.2422 -11.7619 0 166 255
22.8279 -30.6255 -11.1237 0 166 255
30.8476 -17.7437 -5.78142 0 166 255
28.2445 -20.5396 1.02368 0 166 255
18.3175 -20.8608 12.1746 0 166 255
28.1163 -24.6986 -9.06634 0 166 255
26.8683 -37.577 10.4861 0 166 255
28.1597 -56.7049 6.06047 0 166 255
29.014 -33.0344 -6.59289 0 166 255
26.4041 -55.2747 0.36002 0 166 255
23.5546 -14.6341 14.1909 0 166 255
17.1873 -37.1147 -8.89465 0 166 255
19.8929 -15.1429 14.8678 0 166 255
24.5246 -45.0936 -2.95231 0 166 255
27.2279 -0.423906 8.66256 0 166 255
27.0439 16.3238 -11.8405 0 166 255
26.0648 1.28597 -8.35637 0 166 255
18.3427 -39.4713 14.2136 0 166 255
24.2035 -4.28417 -11.9755 0 166 255
26.6412 5.2878 -7.89396 0 166 255
28.2858 -18.3232 1.56783 0 166 255
26.1504 -26.8335 -10.2776 0 166 255
23.204 -7.24372 -11.9994 0 166 255
27.8255 21.3785 1.40912 0 166 255
27.4085 -35.3886 0.0628996 0 166 255
13.8802 -39.8228 16.8957 0 166 255
31.8488 -24.2743 -2.50978 0 166 255
28.1189 -54.7047 5.21179 0 166 255
26.7489 31.0362 -6.80624 0 166 255
22.6673 -4.60383 6.46612 0 166 255
29.0986 -20.7361 12.2965 0 166 255
25.8986 18.227 -4.53691 0 166 255
16.5956 -59.5041 21.6167 0 166 255
24.0002 -57.1755 16.2177 0 166 255
18.7749 -63.2056 23.0776 0 166 255
26.9048 -30.0365 16.1166 0 166 255
27.0202 -43.4047 -7.01411 0 166 255
19.7776 -71.8412 20.2141 0 166 255
25.9729 4.62663 8.04552 0 166 255
28.9088 -3.444 8.07498 0 166 255
16.4006 -46.5933 14.3424 0 166 255
32.7835 -16.9768 2.64026 0 166 255
24.5614 0.741932 9.83632 0 166 255
18.9666 -69.9549 19.3003 0 166 255
28.854 1.48742 6.68534 0 166 255
28.3547 -55.4476 19.621 0 166 255
32.4254 -61.271 5.13656 0 166 255
29.4333 -31.1275 14.1828 0 166 255
32.4423 2.52948 -3.48158 0 166 255
30.7747 0.377808 4.32016 0 166 255
18.4873 -35.1809 18.6705 0 166 255
28.2281 -39.4955 3.31324 0 166 255
32.6098 -21.3881 0.075757 0 166 255
13.6742 -52.4678 17.5025 0 166 255
32.8281 -14.8818 1.43667 0 166 255
15.5324 -35.6061 15.5437 0 166 255
25.0044 11.4967 -0.33065 0 166 255
28.7611 -15.2664 11.3734 0 166 255
27.3814 -51.0367 1.90139 0 166 255
21.8184 13.06 6.93671 0 166 255
28.1557 29.4777 -8.54701 0 166 255
30.786 -42.9604 14.6544 0 166 255
21.6463 -14.3903 14.551 0 166 255
28.9799 -39.0373 16.2153 0 166 255
16.799 -63.896 22.4503 0 166 255
26.7127 -64.6095 14.6059 0 166 255
14.7453 -30.7169 16.5429 0 166 255
25.9579 11.0988 6.18383 0 166 255
32.1848 0.0953045 -0.0381465 0 166 255
32.4526 -49.1079 10.985 0 166 255
25.3268 0.43664 2.83774 0 166 255
27.1556 -69.3036 23.1488 0 166 255
20.641 -3.67609 11.9807 0 166 255
26.4933 23.4326 -11.6275 0 166 255
26.033 -20.9304 -4.64705 0 166 255
28.6675 -47.7922 18.0765 0 166 255
20.0773 2.07678 9.71732 0 166 255
26.9481 -6.29405 -4.43922 0 166 255
24.9616 -34.1064 12.0792 0 166 255
16.3503 -25.2481 14.7105 0 166 255
28.3969 -33.2732 5.75655 0 166 255
26.5077 -50.983 0.092669 0 166 255
32.5621 -57.1697 10.6462 0 166 255
24.0817 -55.8271 22.1525 0 166 255
19.8116 -54.0484 21.8246 0 166 255
23.4153 24.4317 2.76115 0 166 255
28.2383 -31.5749 6.75699 0 166 255
32.3532 -31.3839 0.195245 0 166 255
26.2941 -39.833 11.7281 0 166 255
16.9222 -35.2813 -7.71626 0 166 255
26.6202 -59.9219 13.5907 0 166 255
20.5451 3.73677 9.79628 0 166 255
17.2523 -56.4412 15.8049 0 166 255
23.9606 20.1718 -1.2591 0 166 255
23.3718 29.9679 -3.99832 0 166 255
23.362 -8.46314 7.01567 0 166 255
31.6197 8.06067 -8.1796 0 166 255
26.2076 -38.6043 18.2666 0 166 255
28.0321 -49.5586 8.35136 0 166 255
28.4168 -34.9072 4.57587 0 166 255
16.8708 -44.7878 -6.64538 0 166 255
32.4988 -55.1922 4.70369 0 166 255
20.2163 -69.0327 24.4979 0 166 255
27.1493 -49.7831 11.5735 0 166 255
20.5332 -39.1115 19.7808 0 166 255
31.5952 -38.6948 12.4052 0 166 255
26.7626 -32.9015 10.0763 0 166 255
29.7336 -1.30695 6.47136 0 166 255
29.6525 -48.5585 -3.60926 0 166 255
27.3677 6.78536 -4.4958 0 166 255
19.5558 -11.3774 9.5157 0 166 255
24.9139 -30.7506 11.4616 0 166 255
25.1266 27.3081 1.57272 0 166 255
19.3037 -19.7593 15.9182 0 166 255
19.1318 -19.2783 -11.2064 0 166 255
18.7539 -34.1311 -10.2855 0 166 255
26.6918 31.7854 -1.23166 0 166 255
27.0445 -3.37659 9.62655 0 166 255
27.1881 -26.8768 8.45342 0 166 255
32.2505 -46.3313 1.95139 0 166 255
32.5236 -55.0135 10.8361 0 166 255
32.5522 -1.41474 -2.41245 0 166 255
32.5396 -33.2858 1.26435 0 166 255
26.1312 26.3234 -8.43587 0 166 255
32.1764 -4.1279 -4.81098 0 166 255
28.6684 -51.4507 -4.42032 0 166 255
29.5407 17.3847 -11.8444 0 166 255
27.395 14.6374 -11.9303 0 166 255
32.8977 -22.9436 2.9046 0 166 255
15.6841 -70.8021 22.0351 0 166 255
19.7803 -28.7267 -7.86463 0 166 255
25.8316 11.5831 -10.4172 0 166 255
22.8124 -66.5523 18.3237 0 166 255
32.1254 0.187424 -5.49225 0 166 255
14.2914 -43.07 17.9815 0 166 255
27.6494 -0.153696 -2.24801 0 166 255
22.2007 14.7415 6.24095 0 166 255
32.5826 -57.6021 5.95862 0 166 255
20.2939 -35.915 -10.8772 0 166 255
32.466 -17.4496 -0.676409 0 166 255
27.8784 -28.4301 7.5978 0 166 255
29.1578 -46.4444 17.3741 0 166 255
32.7004 -50.104 9.49131 0 166 255
32.8656 -42.9505 7.06087 0 166 255
32.1542 5.78359 -2.1182 0 166 255
32.697 -48.3662 9.42332 0 166 255
28.7509 32.2922 -4.74741 0 166 255
18.4022 -26.7961 -9.98967 0 166 255
29.2233 -51.6799 18.1381 0 166 255
21.2561 2.60006 6.93897 0 166 255
22.066 -15.4344 9.6494 0 166 255
28.2253 -52.0722 6.54884 0 166 255
31.5545 -56.1133 0.587177 0 166 255
28.6843 -54.4336 -4.0366 0 166 255
31.748 -19.6911 -3.54057 0 166 255
28.1117 -33.6473 7.32231 0 166 255
21.8973 6.44003 5.22493 0 166 255
32.4789 -38.398 9.602 0 166 255
22.8096 -69.2113 24.7412 0 166 255
28.802 -67.9657 21.3117 0 166 255
28.2325 -50.7441 5.33292 0 166 255
27.9701 -61.9979 10.6623 0 166 255
29.9394 10.0087 2.66916 0 166 255
27.1844 -63.7752 13.2195 0 166 255
22.1721 -2.76692 -12.0178 0 166 255
29.3835 8.5555 -11.7317 0 166 255
32.8079 -18.8898 2.53426 0 166 255
32.6533 -58.9624 7.57819 0 166 255
19.1221 -44.2838 -9.73149 0 166 255
21.4646 -19.9511 -8.6088 0 166 255
29.7748 -40.8705 -4.41548 0 166 255
24.0237 -30.9152 -5.24975 0 166 255
25.2162 -32.2003 -9.86495 0 166 255
14.236 -60.8881 20.6927 0 166 255
32.0227 10.0401 -3.2633 0 166 255
31.6267 19.3793 -8.69356 0 166 255
26.8448 14.0425 -8.12772 0 166 255
27.1287 -24.5686 14.7815 0 166 255
28.4979 -34.7938 -6.9151 0 166 255
18.5072 -13.9804 12.0754 0 166 255
30.8016 -12.2881 -7.18858 0 166 255
17.4953 -33.665 -7.49147 0 166 255
28.3269 -45.8922 -5.49463 0 166 255
25.7342 -53.3028 13.9699 0 166 255
30.2395 -20.1912 -6.62472 0 166 255
26.3554 8.25854 -9.08118 0 166 255
31.1426 -30.0153 11.5254 0 166 255
26.7953 17.3093 -7.82684 0 166 255
28.3496 -30.5042 2.66891 0 166 255
22.7833 -48.3479 -5.99277 0 166 255
26.8976 24.9273 -11.1198 0 166 255
21.8305 -27.5075 12.5702 0 166 255
26.4088 -19.5632 7.66331 0 166 255
32.5859 -63.9913 6.85695 0 166 255
28.5754 -29.73 -7.63251 0 166 255
23.1227 8.44511 8.21609 0 166 255
24.9343 -14.5175 7.65287 0 166 255
29.283 -53.5852 18.381 0 166 255
29.1783 -23.9625 -7.91755 0 166 255
23.6947 30.8135 -1.30574 0 166 255
26.4805 3.05462 -7.75529 0 166 255
22.7953 -57.7237 17.0909 0 166 255
31.3338 -40.3094 13.2196 0 166 255
31.764 -59.123 1.55043 0 166 255
23.8658 -49.4011 -6.27042 0 166 255
30.923 -8.51448 -7.59963 0 166 255
25.6322 -28.0141 -4.00922 0 166 255
21.7865 11.3944 6.24601 0 166 255
27.0313 -60.2593 21.5122 0 166 255
19.2008 -30.2487 18.0383 0 166 255
32.2726 -22.1916 -1.35618 0 166 255
17.645 -65.7051 18.0276 0 166 255
17.9496 -46.812 20.2096 0 166 255
22.1947 -8.62222 -11.9688 0 166 255
21.3492 1.44335 5.92281 0 166 255
28.7514 -6.98057 -11.4199 0 166 255
18.8097 -9.29172 11.6418 0 166 255
32.3231 -31.7405 8.8431 0 166 255
17.3826 -30.9011 13.8726 0 166 255
30.1915 -39.4032 14.9079 0 166 255
32.2418 -10.8797 4.03848 0 166 255
21.4552 -29.9126 13.0518 0 166 255
32.8683 -25.8145 2.43214 0 166 255
25.629 -60.9105 22.4663 0 166 255
31.8108 15.7016 -7.61986 0 166 255
24.2206 -70.8001 23.0943 0 166 255
21.6766 -63.0894 18.3286 0 166 255
28.3334 -25.0229 2.02333 0 166 255
21.8546 1.8953 10.3342 0 166 255
29.4875 -19.789 -8.07909 0 166 255
24.9324 -24.3033 10.2858 0 166 255
28.113 21.876 -11.1081 0 166 255
24.4535 9.33131 7.47897 0 166 255
30.577 -69.5257 18.855 0 166 255
29.6477 23.1639 -1.61507 0 166 255
26.3297 -29.9777 10.2138 0 166 255
26.6053 -24.0391 8.53957 0 166 255
20.0006 -6.28432 9.3646 0 166 255
30.4398 -4.63539 -9.2289 0 166 255
26.0198 -46.3125 -7.32592 0 166 255
20.0656 -11.6353 14.0268 0 166 255
26.6416 -18.9795 -11.4154 0 166 255
32.8026 -39.6485 7.48381 0 166 255
29.9837 -56.8651 -2.12138 0 166 255
32.7653 -41.1465 8.18925 0 166 255
26.8562 -31.812 -1.4581 0 166 255
23.4756 -11.843 7.98311 0 166 255
19.9027 -14.0341 -11.8912 0 166 255
20.8599 -70.8636 21.3319 0 166 255
26.7527 15.5961 -5.9115 0 166 255
27.9081 -27.3412 0.344981 0 166 255
21.2188 -46.0769 15.7326 0 166 255
27.6566 -4.54367 0.43782 0 166 255
25.7549 -36.8413 -8.84063 0 166 255
27.2414 -48.5669 19.4077 0 166 255
17.9846 -29.4347 13.0996 0 166 255
27.0735 5.5253 7.05003 0 166 255
26.6047 11.7009 -8.86321 0 166 255
28.8966 14.0154 -11.795 0 166 255
23.4183 -52.2164 21.741 0 166 255
27.8829 -58.3612 4.41282 0 166 255
31.0386 6.72664 -9.49829 0 166 255
27.3812 -23.1976 7.25584 0 166 255
23.7291 -31.3684 12.4068 0 166 255
26.9212 -36.3209 -8.1174 0 166 255
27.3814 -2.99531 -4.20209 0 166 255
19.5519 -44.5061 15.2861 0 166 255
31.5273 4.58033 1.25112 0 166 255
30.2768 -7.82975 -9.01417 0 166 255
23.9118 -44.3004 14.6185 0 166 255
16.5173 -39.5841 14.567 0 166 255
22.0361 -47.2923 -8.14082 0 166 255
27.5696 19.1477 2.38372 0 166 255
31.5811 17.8216 -9.26525 0 166 255
22.253 -18.2581 15.3586 0 166 255
23.626 -70.5021 24.675 0 166 255
22.0249 -36.56 -10.4583 0 166 255
20.6898 -58.8368 17.6004 0 166 255
21.7278 -63.7763 23.6996 0 166 255
31.9427 -12.8781 -4.22269 0 166 255
18.7381 -31.4107 -7.62485 0 166 255
27.0725 -57.2223 -1.50072 0 166 255
28.1695 -60.7046 5.77661 0 166 255
28.4864 -64.7017 7.39558 0 166 255
32.437 -29.7407 0.318232 0 166 255
28.218 -16.0206 0.852151 0 166 255
25.354 -44.5751 13.1787 0 166 255
26.938 -64.3802 22.3331 0 166 255
28.5384 6.4681 -11.6389 0 166 255
18.2158 -19.1123 12.4715 0 166 255
26.4396 -10.0416 -11.1431 0 166 255
24.9498 -43.1368 -2.68376 0 166 255
20.1041 -60.3713 22.9065 0 166 255
25.1509 -54.5266 14.7741 0 166 255
27.3074 -67.4262 22.641 0 166 255
27.2209 3.58114 -11.7083 0 166 255
19.1772 -13.6112 10.4887 0 166 255
32.8707 -30.7623 5.05595 0 166 255
30.1272 -17.788 -7.27534 0 166 255
31.0755 15.9969 -11.0563 0 166 255
31.3209 8.09936 0.599114 0 166 255
21.2116 -40.4507 20.0562 0 166 255
28.2721 -13.8223 -10.9178 0 166 255
26.7611 -74.2383 17.1578 0 166 255
24.6798 -69.0983 24.3967 0 166 255
31.9926 -55.851 1.9491 0 166 255
25.6854 -40.8842 18.9755 0 166 255
15.5384 -23.7726 15.0861 0 166 255
32.0865 -34.7477 10.37 0 166 255
21.5481 -9.16628 13.2648 0 166 255
28.0984 -25.7955 0.791465 0 166 255
21.4504 -58.528 22.8042 0 166 255
26.0592 -26.0038 9.57888 0 166 255
29.1146 -37.5388 15.8267 0 166 255
17.3213 -61.1842 22.2005 0 166 255
30.5554 -60.5026 0.875667 0 166 255
27.3147 -48.0057 10.7513 0 166 255
15.4011 -56.5094 16.4312 0 166 255
15.4175 -69.5204 22.6882 0 166 255
32.3145 -7.0679 -3.2625 0 166 255
27.0586 -9.96746 3.85424 0 166 255
23.5343 26.0314 -2.94074 0 166 255
20.5454 -16.0204 -12.167 0 166 255
31.064 -71.4922 18.145 0 166 255
13.6196 -50.9478 17.7197 0 166 255
27.9343 -21.2128 -0.439561 0 166 255
31.7775 -3.07963 -6.42727 0 166 255
31.3818 -36.4196 12.4268 0 166 255
31.6304 14.0013 -3.02427 0 166 255
20.1415 -28.725 17.8603 0 166 255
24.1054 18.5134 -1.80223 0 166 255
17.0406 -26.0325 16.745 0 166 255
27.9718 -12.0206 0.0897832 0 166 255
23.7646 -47.6503 -8.40517 0 166 255
20.1774 -25.2488 -11.771 0 166 255
27.5741 -6.91019 -2.02092 0 166 255
23.9932 -15.5482 8.65958 0 166 255
31.7843 -31.7474 10.4711 0 166 255
17.1578 -43.3826 14.0827 0 166 255
17.2699 -70.8173 18.8526 0 166 255
29.1584 -27.6897 -7.31208 0 166 255
16.2969 -41.9176 14.8183 0 166 255
22.8279 -25.4912 -11.9608 0 166 255
30.5889 -65.0363 18.0976 0 166 255
25.14 -32.0879 17.481 0 166 255
22.2756 -21.4794 11.1312 0 166 255
21.6296 8.13986 6.661 0 166 255
31.6386 -60.9454 14.9922 0 166 255
28.1387 -19.1561 0.338277 0 166 255
23.6767 26.2048 -1.16761 0 166 255
22.5379 -2.74035 5.98136 0 166 255
23.4788 27.2797 -4.38503 0 166 255
24.5892 26.0252 -5.20341 0 166 255
26.8635 -26.9053 -2.37549 0 166 255
22.8208 -24.367 -7.15919 0 166 255
32.2277 -44.5411 1.62715 0 166 255
30.7587 18.9767 -2.27135 0 166 255
18.985 -10.6859 13.7753 0 166 255
29.5571 -68.5901 11.3934 0 166 255
23.7914 5.71639 2.6282 0 166 255
23.038 10.0265 1.76265 0 166 255
25.4951 -40.2831 -8.50359 0 166 255
21.2879 4.48865 7.32469 0 166 255
20.2473 -34.419 14.0177 0 166 255
29.5999 26.823 -8.94623 0 166 255
23.3174 -9.19286 12.9003 0 166 255
24.1067 5.48985 -11.9919 0 166 255
32.7774 -37.7239 3.89234 0 166 255
17.8632 -41.7988 14.2391 0 166 255
15.8662 -53.2964 15.401 0 166 255
32.4046 -10.7112 -2.73174 0 166 255
28.3525 -38.153 4.0256 0 166 255
21.7996 -15.0229 -12.1813 0 166 255
28.9937 10.6387 -11.6975 0 166 255
27.1447 -37.4301 -0.247767 0 166 255
23.9578 0.668308 4.15448 0 166 255
25.1183 -15.2306 13.7646 0 166 255
32.5432 -36.1946 9.05911 0 166 255
31.6537 -37.5075 -1.42577 0 166 255
27.8661 17.7919 -11.6509 0 166 255
23.6307 -42.411 -4.00614 0 166 255
28.169 -38.8837 7.27824 0 166 255
23.7969 19.9031 1.11224 0 166 255
32.4765 -43.9871 10.4385 0 166 255
32.8036 -23.761 5.04934 0 166 255
28.0616 -16.9 12.3463 0 166 255
20.5902 -27.0503 -11.7058 0 166 255
15.7188 -30.868 15.2876 0 166 255
14.7211 -48.2295 16.7321 0 166 255
29.1506 -71.2203 21.4881 0 166 255
23.0111 -12.462 13.8012 0 166 255
27.677 -53.4307 10.3642 0 166 255
28.2526 -41.1085 3.47571 0 166 255
21.2164 -23.6858 -8.07413 0 166 255
28.24 -13.7964 11.4681 0 166 255
31.8893 -6.27503 -5.59057 0 166 255
23.1108 6.27344 8.83019 0 166 255
27.2546 -9.00772 -3.41629 0 166 255
29.6679 -75.0102 18.6824 0 166 255
25.7527 -35.2956 -9.06818 0 166 255
25.7902 2.5059 -9.1702 0 166 255
32.6329 -24.0465 0.595441 0 166 255
16.5559 -52.1376 14.8519 0 166 255
17.8072 -35.6353 -9.63778 0 166 255
19.4458 -26.3134 17.313 0 166 255
32.3897 -25.7234 -0.350592 0 166 255
19.6001 -8.96255 10.1587 0 166 255
19.6621 -53.662 16.3702 0 166 255
31.8411 -73.8457 15.5263 0 166 255
31.7737 -67.2268 15.3835 0 166 255
22.4164 -34.8128 -10.579 0 166 255
24.1317 -48.9923 21.0386 0 166 255
30.8014 13.9871 -0.374697 0 166 255
31.3369 -6.74048 -7.08364 0 166 255
22.2654 -69.8244 19.3513 0 166 255
27.2225 1.20568 -5.22775 0 166 255
28.1939 -67.7478 11.3141 0 166 255
19.0505 -22.7328 11.7505 0 166 255
14.0872 -46.888 17.0718 0 166 255
21.6655 4.25085 5.17656 0 166 255
16.6006 -55.0592 15.2568 0 166 255
25.18 -19.4684 -12.1065 0 166 255
28.998 26.0985 -1.71231 0 166 255
24.5245 19.8152 -3.12133 0 166 255
20.7762 -43.7719 -10.0156 0 166 255
25.6732 27.886 -7.6646 0 166 255
23.7947 15.5434 5.97317 0 166 255
25.3722 28.8905 0.846979 0 166 255
13.7446 -61.3569 19.3032 0 166 255
21.9876 -35.8403 -5.84728 0 166 255
22.7288 -14.3629 -9.08791 0 166 255
29.2686 -72.6327 20.3213 0 166 255
24.1913 -0.923372 10.4287 0 166 255
19.5651 -70.5145 24.2347 0 166 255
25.8869 19.5929 -5.25989 0 166 255
26.154 24.8024 -7.68745 0 166 255
21.0854 -34.4752 -6.49348 0 166 255
21.6246 -37.4807 -5.8428 0 166 255
24.5629 3.34476 2.73463 0 166 255
32.8114 -39.859 4.50635 0 166 255
26.0638 20.455 -11.7844 0 166 255
28.1097 -51.4925 8.11799 0 166 255
23.4112 -20.7884 15.6539 0 166 255
27.1401 -28.2492 -1.63175 0 166 255
32.4452 -17.5169 5.1541 0 166 255
30.6265 -5.57979 6.36126 0 166 255
26.1679 28.6848 -9.08982 0 166 255
27.6905 -11.4617 -2.15009 0 166 255
24.0247 -35.6131 13.0673 0 166 255
32.009 -22.0507 8.01954 0 166 255
32.176 -41.5975 0.928233 0 166 255
29.6559 1.57963 -11.3302 0 166 255
27.6361 7.02614 6.18947 0 166 255
18.0216 -40.0649 -6.7594 0 166 255
21.6472 -65.0167 18.6532 0 166 255
25.1851 -7.02782 -7.77676 0 166 255
25.5286 -0.739334 9.80694 0 166 255
28.646 -69.8158 21.8365 0 166 255
22.3142 -31.7188 18.3162 0 166 255
24.7637 -68.0303 17.2844 0 166 255
32.8051 -11.703 1.19575 0 166 255
32.7764 -26.3012 5.87858 0 166 255
18.4299 -7.89717 13.0293 0 166 255
23.9966 -71.647 21.3817 0 166 255
22.5819 13.8874 4.77575 0 166 255
26.9769 4.44638 -6.71296 0 166 255
31.3935 -54.6441 14.9992 0 166 255
28.109 -52.8559 4.65635 0 166 255
25.9392 -21.1332 8.50864 0 166 255
20.1095 -46.4327 -5.6414 0 166 255
26.3319 1.98038 1.09273 0 166 255
15.8468 -44.7408 15.1153 0 166 255
31.6844 -17.6049 -3.82219 0 166 255
26.9173 -9.20511 11.2816 0 166 255
27.9858 -33.2176 -7.69928 0 166 255
25.63 14.8615 -11.6347 0 166 255
32.4974 -63.4251 11.5746 0 166 255
32.4245 -30.3188 8.19025 0 166 255
27.9224 -15.1282 3.5298 0 166 255
22.2478 -21.2945 -8.04338 0 166 255
28.322 30.8062 -7.27721 0 166 255
15.1703 -46.0965 15.7349 0 166 255
19.2689 -66.5384 23.806 0 166 255
23.8064 -73.1749 18.9167 0 166 255
32.2022 -12.2578 4.68812 0 166 255
27.6093 -52.8489 2.77539 0 166 255
26.9787 -0.570389 -11.5188 0 166 255
23.7211 -1.46152 -10.7614 0 166 255
18.2963 -35.4163 13.7995 0 166 255
30.1149 18.42 -0.652547 0 166 255
22.2815 -23.7081 16.5914 0 166 255
20.1891 -41.5591 -10.3345 0 166 255
32.7018 -54.2564 7.04884 0 166 255
20.7757 -21.4125 -8.57817 0 166 255
26.4346 -70.5375 16.3192 0 166 255
27.838 2.09459 -11.4478 0 166 255
26.8934 23.0941 1.71928 0 166 255
23.3788 -14.3419 -12.2119 0 166 255
27.4996 -12.4407 11.7125 0 166 255
24.7299 31.168 0.438843 0 166 255
31.8944 9.01425 -1.85037 0 166 255
26.7055 -25.1375 -10.1819 0 166 255
29.7103 -63.9034 5.47227 0 166 255
21.2171 -27.5088 17.5942 0 166 255
30.9645 17.0151 -1.92671 0 166 255
26.3259 -20.1957 14.3104 0 166 255
19.3999 -70.6302 22.5554 0 166 255
18.6771 -38.6729 -6.75212 0 166 255
23.9082 -30.9777 17.7487 0 166 255
15.7689 -50.4142 15.3679 0 166 255
30.4667 1.92321 4.37905 0 166 255
31.317 -17.5551 8.29342 0 166 255
26.8692 -7.18003 10.7687 0 166 255
22.13 7.67283 4.10632 0 166 255
20.0399 -2.53456 9.87038 0 166 255
27.0135 -51.314 11.7722 0 166 255
32.3783 -47.4498 11.2534 0 166 255
31.2001 -1.13078 3.85828 0 166 255
27.1895 -19.2278 -2.90017 0 166 255
32.5341 -8.52085 1.91464 0 166 255
25.5104 -34.2356 -3.31273 0 166 255
23.5379 -6.34571 -9.9079 0 166 255
32.6248 -35.9541 2.02635 0 166 255
24.9734 10.6332 -11.7899 0 166 255
24.76 12.5802 6.39136 0 166 255
31.7625 -62.612 14.8116 0 166 255
27.1315 -43.4732 0.630534 0 166 255
26.4148 15.2394 -9.50437 0 166 255
26.2597 -28.1499 16.1005 0 166 255
24.6285 -29.5979 17.1874 0 166 255
16.2826 -40.6708 -7.19962 0 166 255
31.2052 -22.5037 -4.43257 0 166 255
27.8228 -12.1015 -11.5393 0 166 255
28.6223 -43.6293 -5.49607 0 166 255
26.6308 18.7918 -8.1407 0 166 255
32.8471 -32.9639 6.00898 0 166 255
23.5091 -5.82401 -12.0606 0 166 255
25.9899 -11.7908 -5.84549 0 166 255
29.2642 21.884 -0.496996 0 166 255
29.6208 -54.5753 -2.90764 0 166 255
16.9667 -48.4733 14.5218 0 166 255
28.2701 -20.9692 3.96815 0 166 255
23.0594 -19.8955 -7.84212 0 166 255
24.9766 -28.426 11.0399 0 166 255
31.6797 -40.8862 -0.85421 0 166 255
29.9109 -68.0762 19.8219 0 166 255
17.8547 -17.2824 13.055 0 166 255
23.8359 -36.6761 -4.56686 0 166 255
32.8161 -13.3367 1.20318 0 166 255
21.8317 -53.2373 16.4737 0 166 255
23.8596 -36.2428 18.8404 0 166 255
20.7662 0.92627 10.7378 0 166 255
19.5454 -47.5781 20.8008 0 166 255
32.7707 -30.015 2.04414 0 166 255
25.146 -51.714 -1.6982 0 166 255
24.8492 -64.0487 16.5449 0 166 255
19.0879 -56.9651 22.0859 0 166 255
26.5305 17.4666 -6.11407 0 166 255
23.1149 -61.7371 17.6831 0 166 255
25.8793 -6.92265 4.57548 0 166 255
32.1175 6.07425 -5.9994 0 166 255
22.3639 10.4948 4.64042 0 166 255
27.6165 -49.3091 9.96908 0 166 255
25.0637 24.3968 2.58542 0 166 255
24.9889 17.7136 4.76346 0 166 255
25.4399 -17.1174 7.95509 0 166 255
19.9689 -8.10554 8.89565 0 166 255
31.7292 -1.23397 -6.80551 0 166 255
28.6159 -23.5015 13.3686 0 166 255
28.2707 -19.5352 3.37831 0 166 255
24.9187 -42.9685 13.5629 0 166 255
29.9759 -56.7681 17.9182 0 166 255
27.9033 -59.1682 10.5032 0 166 255
32.7831 -37.8498 7.36132 0 166 255
32.4415 -10.0456 2.76618 0 166 255
25.7859 -2.11547 -7.95886 0 166 255
31.5837 2.77035 -7.72282 0 166 255
32.7337 -31.7382 7.12741 0 166 255
28.0603 -36.5451 7.48648 0 166 255
32.5789 -3.46423 -1.71719 0 166 255
19.7387 -23.6171 -11.7193 0 166 255
16.263 -22.1621 15.7481 0 166 255
32.0057 -16.0081 6.37609 0 166 255
15.7405 -27.1684 16.4456 0 166 255
23.685 -59.0036 16.8346 0 166 255
27.6379 -26.802 14.8938 0 166 255
23.3238 -50.0213 15.5825 0 166 255
32.1491 -1.77658 -5.17328 0 166 255
25.6945 -56.1597 -1.24682 0 166 255
25.6832 9.69538 -10.5031 0 166 255
16.2999 -40.062 18.6031 0 166 255
25.974 -26.4463 15.8767 0 166 255
22.2233 -59.8362 17.6998 0 166 255
27.6193 10.4177 5.17847 0 166 255
21.0227 -7.09403 7.78528 0 166 255
27.8523 -40.047 8.80148 0 166 255
30.8405 -19.929 9.85646 0 166 255
31.6986 11.0677 -2.0013 0 166 255
32.8165 -42.2138 4.99324 0 166 255
31.0635 13.3594 -10.5361 0 166 255
27.4423 -15.2393 12.4249 0 166 255
25.9271 30.2146 -0.0107207 0 166 255
17.8053 -28.0015 -8.33262 0 166 255
27.9142 -36.9655 -7.16374 0 166 255
14.658 -64.0835 19.3342 0 166 255
24.3607 -24.3388 -6.13279 0 166 255
32.67 -67.3101 9.18797 0 166 255
24.9359 6.48812 -11.051 0 166 255
25.379 -0.861063 -8.89132 0 166 255
30.9623 -47.8779 -1.56711 0 166 255
27.5752 -15.9524 -2.24423 0 166 255
18.8827 -22.5006 -10.8643 0 166 255
27.2844 -51.7921 -5.70991 0 166 255
17.9599 -58.1179 21.9283 0 166 255
24.7297 -2.25789 -9.49573 0 166 255
27.3064 3.53314 -1.85523 0 166 255
28.9642 13.6858 2.78316 0 166 255
30.3801 -73.8635 19.3613 0 166 255
32.4778 -15.2977 -1.5948 0 166 255
32.1624 -54.257 12.5977 0 166 255
18.4044 -12.1524 12.2402 0 166 255
27.7082 -20.056 13.3888 0 166 255
32.8014 -43.8488 5.2152 0 166 255
30.6383 -4.01226 5.84945 0 166 255
25.3359 15.1285 5.36306 0 166 255
32.2898 1.40486 -1.17665 0 166 255
16.211 -26.9107 14.8706 0 166 255
29.7791 -30.1497 -6.01445 0 166 255
24.4066 -19.5317 15.0478 0 166 255
28.1904 -63.8611 21.1676 0 166 255
19.0224 -28.3704 -10.5754 0 166 255
27.8813 -52.6955 19.5813 0 166 255
32.3559 -59.415 4.35958 0 166 255
29.4675 -8.958 -10.1921 0 166 255
26.1631 -46.1855 12.5056 0 166 255
19.21 -18.0461 15.5126 0 166 255
31.9801 -45.171 12.3475 0 166 255
32.3899 -12.6492 -2.59751 0 166 255
26.3414 -15.4009 -4.97449 0 166 255
31.0296 -61.9603 16.7141 0 166 255
30.6887 -13.8562 -7.05779 0 166 255
28.2714 -49.0633 5.12366 0 166 255
26.5325 1.01556 -11.8209 0 166 255
25.0271 -39.5533 13.0183 0 166 255
26.3323 -13.7228 -5.10749 0 166 255
24.4572 7.17713 -12.4151 0 166 255
32.8258 -45.5856 6.64879 0 166 255
27.827 -43.4879 2.12905 0 166 255
30.6833 28.2994 -6.26072 0 166 255
27.1309 -55.7075 12.2442 0 166 255
27.054 8.25999 -6.99512 0 166 255
31.9406 -13.3352 5.80601 0 166 255
26.4216 23.3912 -8.41128 0 166 255
30.1647 3.94022 -11.2145 0 166 255
32.6234 -12.652 3.10287 0 166 255
32.5842 -53.6008 10.4216 0 166 255
22.3469 -10.6247 -11.9865 0 166 255
30.5672 2.70228 -10.2728 0 166 255
24.5872 -52.8578 -2.54889 0 166 255
16.1572 -65.2642 22.4241 0 166 255
24.124 -1.64424 4.73234 0 166 255
19.5118 -37.654 14.4214 0 166 255
24.7477 -37.5369 12.9194 0 166 255
32.0862 -7.34388 3.64454 0 166 255
17.7912 -53.6889 15.7001 0 166 255
31.3426 -67.9341 16.8206 0 166 255
17.7346 -46.5955 -6.55911 0 166 255
23.3269 -13.0086 -8.92114 0 166 255
29.7291 0.141491 6.04148 0 166 255
18.5612 -61.3576 17.2444 0 166 255
32.5963 -5.26099 -1.10908 0 166 255
29.9217 27.0609 -3.8018 0 166 255
26.6254 3.10952 8.08319 0 166 255
27.7292 -60.4871 11.3982 0 166 255
24.134 24.8409 -4.33329 0 166 255
31.459 -43.8557 13.5108 0 166 255
29.511 -11.1026 9.48695 0 166 255
31.1472 15.3132 -1.73414 0 166 255
26.425 6.88708 -11.8896 0 166 255
20.0799 -64.136 23.5624 0 166 255
15.7031 -52.073 20.0719 0 166 255
21.9676 -20.6478 -12.3395 0 166 255
19.2191 -10.5628 10.8464 0 166 255
24.5991 -54.2707 21.7569 0 166 255
20.632 -3.28904 7.93879 0 166 255
25.951 -21.0852 -11.4551 0 166 255
21.4938 -56.8538 17.1704 0 166 255
23.195 -73.0312 20.2967 0 166 255
25.4673 -41.7702 -8.30397 0 166 255
30.2782 -71.1906 19.786 0 166 255
30.9581 -50.8096 15.4382 0 166 255
31.6316 16.8675 -4.52981 0 166 255
19.3399 -7.33658 10.9025 0 166 255
31.5754 -10.3921 5.87618 0 166 255
17.1276 -19.701 13.8608 0 166 255
27.5843 -22.0403 -10.0651 0 166 255
22.5146 -47.6229 15.624 0 166 255
32.4191 -49.5605 3.20972 0 166 255
23.4055 16.8703 2.46157 0 166 255
28.4578 -40.5296 5.35926 0 166 255
31.2574 22.6929 -5.75182 0 166 255
27.9351 -16.7699 4.08662 0 166 255
29.231 19.5868 0.388013 0 166 255
31.4124 24.9866 -8.71671 0 166 255
21.4101 -3.49874 6.69099 0 166 255
28.0557 -18.3756 12.7254 0 166 255
20.8674 -13.2729 -10.1874 0 166 255
26.1349 -65.9171 23.1363 0 166 255
26.8553 -34.9691 17.1497 0 166 255
27.0471 5.10565 -1.37648 0 166 255
30.6847 -72.6518 14.4532 0 166 255
15.7146 -31.7599 17.1651 0 166 255
27.9978 -22.3943 5.60551 0 166 255
25.4155 -47.751 -7.5208 0 166 255
17.6452 -59.978 16.6225 0 166 255
25.915 -45.51 -1.31836 0 166 255
27.6272 8.61513 -11.7162 0 166 255
16.5384 -33.2713 17.7256 0 166 255
29.6457 -26.7655 13.0184 0 166 255
23.6926 -45.7259 20.6185 0 166 255
24.2591 -47.6614 -2.92313 0 166 255
26.9685 12.1677 -7.51364 0 166 255
26.3782 -1.12368 2.19034 0 166 255
18.1356 -59.8699 22.2886 0 166 255
32.3668 -65.4954 12.717 0 166 255
29.9565 16.8012 0.266746 0 166 255
28.0688 -55.4138 9.09411 0 166 255
22.0119 -54.7151 22.2394 0 166 255
20.4289 -62.1573 23.2759 0 166 255
20.4232 -38.1461 -6.36747 0 166 255
20.9142 -51.7429 21.6877 0 166 255
18.9683 -47.7974 -6.12768 0 166 255
25.8453 -15.4774 -12.0464 0 166 255
27.7778 -55.9652 3.58852 0 166 255
32.6544 -65.9687 10.4213 0 166 255
32.4532 -5.14918 -2.77798 0 166 255
21.7027 -47.0827 -5.32772 0 166 255
27.6319 29.9642 -1.46672 0 166 255
25.6454 -5.37061 -11.4981 0 166 255
31.727 -4.77537 -6.38747 0 166 255
30.6569 -5.91858 -8.63412 0 166 255
23.6876 -39.4582 -4.32375 0 166 255
25.9438 -32.0735 -2.98765 0 166 255
19.7871 -13.2806 14.4343 0 166 255
32.3555 -33.6451 9.27912 0 166 255
25.4763 -48.5916 20.4715 0 166 255
32.2134 3.55093 -5.38378 0 166 255
26.0767 22.0306 -11.7673 0 166 255
23.8869 -50.865 -3.11879 0 166 255
27.8538 -40.0405 1.85347 0 166 255
27.9529 -47.8069 8.73224 0 166 255
25.3388 -30.8044 -3.9962 0 166 255
32.7257 -65.6149 8.68471 0 166 255
14.527 -55.1902 17.1901 0 166 255
32.0857 -58.0187 13.2072 0 166 255
32.7413 -14.494 -0.183887 0 166 255
32.2491 -28.633 8.67176 0 166 255
24.6951 -26.1393 10.8289 0 166 255
26.307 17.8465 -10.1562 0 166 255
28.2619 -40.9147 7.29192 0 166 255
25.7764 -4.79832 -7.31785 0 166 255
27.1387 -21.373 7.14536 0 166 255
16.8359 -23.8328 16.2708 0 166 255
22.7435 -60.4704 23.1361 0 166 255
22.9173 -17.0373 -12.4604 0 166 255
31.398 24.2294 -10.1485 0 166 255
21.4018 -24.5126 -12.0356 0 166 255
29.0098 -71.8397 14.1054 0 166 255
32.6812 -21.29 5.21523 0 166 255
28.4308 -37.132 5.43615 0 166 255
31.6083 -9.74977 -5.81678 0 166 255
31.1962 -31.069 -3.25784 0 166 255
22.6523 -28.9061 -11.4689 0 166 255
23.1874 2.26479 4.14496 0 166 255
16.7558 -35.3639 14.4179 0 166 255
18.4679 -12.2439 14.0946 0 166 255
26.3805 20.7333 -10.3818 0 166 255
27.0293 -31.5214 16.3424 0 166 255
22.5383 -31.8023 -6.20372 0 166 255
32.878 -41.3773 6.3371 0 166 255
27.3734 -19.3916 6.18108 0 166 255
26.7169 1.22647 -6.84897 0 166 255
31.0039 -7.39093 6.25485 0 166 255
17.8032 -57.9757 16.3815 0 166 255
30.3065 -63.36 18.3663 0 166 255
26.2803 -33.4096 -9.03984 0 166 255
26.5939 -54.3976 12.9829 0 166 255
31.9776 6.99748 -1.34952 0 166 255
22.9328 -26.416 11.8322 0 166 255
23.1307 -41.9503 14.7645 0 166 255
32.2778 -47.8645 2.31614 0 166 255
19.1796 -32.8727 -7.32132 0 166 255
31.4952 20.7162 -9.73341 0 166 255
25.4293 -45.4256 19.9337 0 166 255
14.6565 -44.831 16.2804 0 166 255
23.8548 -63.1899 17.3659 0 166 255
22.9128 -25.6604 16.8639 0 166 255
19.3067 -24.8263 12.1877 0 166 255
19.2477 -44.775 20.3226 0 166 255
28.099 -36.2126 2.29419 0 166 255
30.2704 -31.3277 -5.03302 0 166 255
23.2116 20.9729 4.38969 0 166 255
26.349 -61.3452 14.3563 0 166 255
25.3662 -72.8432 18.122 0 166 255
18.1156 -30.9651 -9.2896 0 166 255
24.5092 -8.65363 -11.5907 0 166 255
28.3558 -21.8418 2.53857 0 166 255
32.3306 -67.2912 13.0572 0 166 255
26.4822 -0.980167 -6.85381 0 166 255
25.8571 -10.1932 5.74426 0 166 255
32.1851 -14.0047 -3.13612 0 166 255
32.1948 -52.07 12.2233 0 166 255
24.6838 -12.5153 7.27977 0 166 255
25.813 6.34617 7.66306 0 166 255
27.9997 16.4057 2.90921 0 166 255
27.0484 -72.195 20.6833 0 166 255
16.3139 -57.7518 21.2067 0 166 255
27.3085 -67.8376 14.0366 0 166 255
32.5697 -60.5998 10.7646 0 166 255
13.7929 -66.1528 20.714 0 166 255
26.5791 21.3427 2.54465 0 166 255
27.3557 -46.585 18.9721 0 166 255
31.1051 -13.6865 7.85654 0 166 255
17.0321 -23.3169 14.149 0 166 255
23.9294 22.6795 -3.18011 0 166 255
27.1803 -15.015 -3.37818 0 166 255
16.0452 -67.5952 17.8573 0 166 255
27.5426 -1.45042 -3.20839 0 166 255
17.453 -49.7035 20.4495 0 166 255
26.6711 -44.8997 -7.06845 0 166 255
32.0224 -52.5765 1.6738 0 166 255
14.1735 -57.9397 20.0484 0 166 255
17.318 -41.0864 -9.10884 0 166 255
23.7704 -2.29233 10.9576 0 166 255
20.5172 -39.5928 -10.5225 0 166 255
24.108 -21.2013 -6.8851 0 166 255
23.8578 0.577879 -11.1392 0 166 255
30.584 -16.1583 -6.75086 0 166 255
30.4484 -42.0928 -3.1915 0 166 255
13.3667 -56.3148 18.287 0 166 255
28.4025 -26.3861 4.97807 0 166 255
26.7101 -49.5413 -6.41685 0 166 255
20.3145 -64.2662 18.4857 0 166 255
29.2962 -49.8035 17.753 0 166 255
16.1529 -42.9036 18.9329 0 166 255
30.4442 6.47127 -11.014 0 166 255
18.818 -45.9571 -9.35656 0 166 255
22.1962 -43.8677 -4.92289 0 166 255
21.5358 -0.197195 5.64008 0 166 255
19.8326 -31.5303 18.382 0 166 255
24.044 -10.9211 -8.59357 0 166 255
28.6569 -57.2825 19.6131 0 166 255
26.7796 -25.2257 -2.59793 0 166 255
21.0524 -50.2512 16.1392 0 166 255
18.7973 -24.901 16.9386 0 166 255
25.7341 -8.16578 11.6918 0 166 255
32.9012 -34.3701 4.69624 0 166 255
32.0986 -9.00441 4.06462 0 166 255
32.8917 -28.4586 4.99683 0 166 255
31.8392 16.0862 -6.10661 0 166 255
15.691 -63.7119 17.5246 0 166 255
31.945 5.28699 -0.4596 0 166 255
23.0999 3.95627 3.63815 0 166 255
32.4521 -58.5136 11.4523 0 166 255
19.2849 -27.077 -8.21066 0 166 255
30.6892 29.372 -8.02097 0 166 255
26.9736 15.3596 4.17565 0 166 255
32.6677 -64.2586 10.1538 0 166 255
24.0615 -10.2783 -11.6478 0 166 255
32.631 -11.2836 -1.427 0 166 255
29.9776 8.17737 3.22435 0 166 255
18.541 -16.1818 11.923 0 166 255
26.2425 12.7655 -2.44867 0 166 255
28.2766 19.7143 -11.4669 0 166 255
26.4763 -48.241 12.4333 0 166 255
28.797 5.10681 5.68936 0 166 255
31.9689 -15.6715 -3.39609 0 166 255
24.2205 -26.7027 16.7095 0 166 255
32.118 9.80215 -4.82924 0 166 255
15.2601 -59.296 17.1573 0 166 255
32.2158 7.41533 -4.58412 0 166 255
23.528 -17.5955 14.8957 0 166 255
29.5599 -19.1816 11.4447 0 166 255
26.8825 -48.7796 0.611676 0 166 255
24.5175 -7.35882 12.0342 0 166 255
29.7401 -14.7361 10.1666 0 166 255
31.2437 1.27518 -8.5121 0 166 255
27.0295 -16.6774 6.10904 0 166 255
31.3989 9.68536 -0.274753 0 166 255
26.8704 -66.5956 14.8101 0 166 255
28.6232 -4.83978 8.7426 0 166 255
29.8902 30.6401 -7.66413 0 166 255
24.7526 -69.5663 17.7143 0 166 255
28.2905 -57.0847 -2.43806 0 166 255
26.113 -6.19202 -6.46621 0 166 255
26.7488 -11.7331 -4.37425 0 166 255
24.5697 8.83701 -12.1227 0 166 255
30.4798 21.8276 -2.76326 0 166 255
32.0079 11.4566 -5.06215 0 166 255
22.8329 -57.284 22.6126 0 166 255
28.1908 -55.6862 7.28258 0 166 255
25.1411 20.6072 -4.25281 0 166 255
27.8558 14.1501 3.77542 0 166 255
31.2024 -1.22101 -8.25664 0 166 255
19.3927 -57.0497 16.8078 0 166 255
22.1218 8.78925 5.26453 0 166 255
23.6158 16.9117 0.729278 0 166 255
29.6082 -66.5176 19.9935 0 166 255
27.5804 -13.4841 3.91501 0 166 255
32.6501 -58.2932 9.37886 0 166 255
28.0751 -63.7552 10.3243 0 166 255
25.7623 -54.0371 -3.63654 0 166 255
17.324 -62.4666 16.8238 0 166 255
30.9234 22.4792 -4.25801 0 166 255
18.0436 -29.4602 -9.16463 0 166 255
23.7134 -15.8402 -8.05783 0 166 255
22.847 -11.5664 -9.51163 0 166 255
30.9096 -28.1051 11.6283 0 166 255
17.4405 -29.5131 17.4662 0 166 255
24.9162 -60.2734 16.0052 0 166 255
30.6322 -75.9275 17.346 0 166 255
26.7399 27.2574 0.393047 0 166 255
17.9402 -22.834 -9.36515 0 166 255
24.2129 -23.7059 16.0402 0 166 255
26.5865 -3.43679 2.58417 0 166 255
26.6593 -43.7582 18.9593 0 166 255
31.519 -27.5068 10.3286 0 166 255
15.4812 -47.162 -7.55167 0 166 255
19.0969 -37.1885 -6.87635 0 166 255
29.584 -37.3448 -5.1861 0 166 255
14.7003 -49.6881 16.3646 0 166 255
24.7693 -16.6027 14.2402 0 166 255
20.5673 -6.34294 12.6765 0 166 255
28.5346 26.4748 -10.5242 0 166 255
31.7485 9.54932 -7.977 0 166 255
31.4155 22.4345 -10.3236 0 166 255
17.5547 -32.2016 -8.62027 0 166 255
25.5603 -55.7204 21.6033 0 166 255
21.0891 -9.57657 -10.9359 0 166 255
24.2771 31.3754 -6.37345 0 166 255
31.7241 -71.0188 16.2261 0 166 255
24.0746 -47.6847 14.9041 0 166 255
32.6218 -6.88682 0.582599 0 166 255
25.1954 -32.4535 11.5708 0 166 255
20.9976 -44.1741 15.5608 0 166 255
27.9628 -52.8112 8.7844 0 166 255
20.956 -66.6931 18.9088 0 166 255
22.9194 -47.3317 21.0289 0 166 255
13.6926 -58.118 18.4688 0 166 255
22.6262 12.0824 4.27708 0 166 255
32.2461 -4.2116 1.86247 0 166 255
24.5697 -61.8426 16.6029 0 166 255
26.3592 24.7254 -9.26299 0 166 255
25.7269 -35.7249 11.7069 0 166 255
27.5105 -45.1823 18.5761 0 166 255
32.6293 -46.5464 9.89129 0 166 255
31.6057 -11.9601 -5.36724 0 166 255
27.2452 -17.4234 -2.98637 0 166 255
21.5847 -45.577 -5.05836 0 166 255
27.5573 27.8734 -8.15819 0 166 255
22.9356 -32.6272 -10.762 0 166 255
30.3129 -33.0684 13.5341 0 166 255
32.3082 -18.939 -1.41261 0 166 255
22.2842 -19.4529 10.6685 0 166 255
23.522 2.00668 9.87426 0 166 255
30.9323 -43.2915 -2.17494 0 166 255
26.8247 15.7658 -7.89535 0 166 255
31.8912 -23.5282 8.6389 0 166 255
32.3049 -70.5419 12.4694 0 166 255
30.8758 -34.3814 -3.49155 0 166 255
20.486 -57.4412 22.4931 0 166 255
24.9144 -5.07283 -8.63871 0 166 255
21.8252 -20.2753 15.925 0 166 255
18.056 -31.5169 17.9745 0 166 255
30.3714 -25.023 -5.746 0 166 255
26.4074 23.0677 -10.0776 0 166 255
25.4556 -43.4309 -8.07987 0 166 255
14.4718 -50.1985 18.9485 0 166 255
27.0535 -53.8857 1.52794 0 166 255
26.3898 21.9886 -7.39708 0 166 255
28.1273 -26.9655 -8.61734 0 166 255
31.2698 -63.6266 16.3674 0 166 255
24.7136 -14.7925 -7.24731 0 166 255
22.1867 -4.78096 -12.3091 0 166 255
19.32 -14.6293 -10.3645 0 166 255
24.8145 -13.7669 13.5391 0 166 255
20.2017 -7.79749 13.0675 0 166 255
31.952 10.5203 -6.66397 0 166 255
27.1046 31.6026 -3.57599 0 166 255
26.8772 30.3812 -5.41697 0 166 255
22.6068 -55.2119 16.6724 0 166 255
28.3517 -35.6157 6.05303 0 166 255
26.8312 12.6536 -4.13168 0 166 255
30.5821 14.1673 -11.7878 0 166 255
28.2588 24.0071 -11.241 0 166 255
23.5871 -21.0388 10.2824 0 166 255
19.442 -34.5092 -7.07826 0 166 255
31.9678 -26.6188 -1.76819 0 166 255
27.8756 -25.305 6.56747 0 166 255
29.9094 28.7641 -4.46742 0 166 255
30.4729 -34.5895 13.6075 0 166 255
25.2591 -41.2914 13.0378 0 166 255
26.313 16.6766 4.26585 0 166 255
22.8959 -41.2404 20.0504 0 166 255
32.7757 -49.2892 7.0126 0 166 255
27.6177 -15.3031 -11.2833 0 166 255
26.9285 2.99857 -0.426104 0 166 255
28.3931 -31.6492 -7.54051 0 166 255
23.885 -40.3636 14.148 0 166 255
28.0379 -17.1563 -0.136549 0 166 255
32.1493 -37.1226 10.6751 0 166 255
20.0206 -55.7307 22.1283 0 166 255
32.1017 -72.1373 15.0765 0 166 255
25.1822 -1.1934 3.58378 0 166 255
27.449 -4.93307 9.73882 0 166 255
25.5515 -40.3209 -2.43959 0 166 255
29.5939 -13.6392 -9.0818 0 166 255
27.9783 -12.4713 2.08411 0 166 255
27.0553 -61.998 12.9162 0 166 255
30.0217 -35.5963 -4.79116 0 166 255
30.8365 -57.7239 16.6076 0 166 255
13.8885 -37.7527 16.2341 0 166 255
20.5326 -17.9212 -9.31584 0 166 255
27.7997 8.82554 5.51899 0 166 255
14.91 -66.0482 19.2773 0 166 255
31.5062 -14.4533 -5.0339 0 166 255
32.5082 -19.0796 5.21512 0 166 255
24.0909 -50.4466 -5.07295 0 166 255
26.097 0.93844 9.03088 0 166 255
14.4649 -32.0853 15.7566 0 166 255
28.239 27.9295 -9.6298 0 166 255
32.5967 -24.6288 6.44975 0 166 255
26.7339 -42.0104 11.3969 0 166 255
22.9006 -0.111509 5.04792 0 166 255
27.7107 -57.1123 11.0314 0 166 255
23.7082 3.72482 -12.2546 0 166 255
23.5444 21.2528 2.47161 0 166 255
28.9708 -11.5205 -10.4217 0 166 255
21.1382 -5.94037 -11.9766 0 166 255
18.5254 -24.7092 -10.3333 0 166 255
23.5338 29.1838 -2.72555 0 166 255
20.7335 -7.69723 -11.5169 0 166 255
14.7718 -51.6216 16.2318 0 166 255
15.8824 -43.9468 -7.47017 0 166 255
26.9119 -58.6947 12.8354 0 166 255
27.9964 -33.6937 1.29829 0 166 255
31.2896 -15.7986 7.98944 0 166 255
18.1866 -21.3208 -9.6795 0 166 255
25.0563 -57.7557 15.3619 0 166 255
27.712 -18.5078 -1.42003 0 166 255
19.2572 -37.2757 19.2267 0 166 255
15.1349 -43.4015 15.6683 0 166 255
29.9867 25.6231 -9.7959 0 166 255
18.5775 -45.1094 -6.16395 0 166 255
24.6021 -32.1392 -4.55667 0 166 255
26.1326 -52.1467 20.729 0 166 255
32.0626 -25.2014 8.52909 0 166 255
17.1408 -44.3109 -8.82986 0 166 255
31.3058 3.41483 2.29119 0 166 255
31.2517 19.3385 -10.752 0 166 255
17.8378 -40.4397 19.2357 0 166 255
23.7075 -65.1011 17.6177 0 166 255
24.969 -3.61546 -8.81845 0 166 255
29.6165 3.95978 5.08683 0 166 255
22.3249 -6.58532 -10.874 0 166 255
26.3732 -30.5333 -2.61348 0 166 255
25.3317 -18.8739 -5.95248 0 166 255
25.4356 -28.526 -10.3918 0 166 255
30.8956 25.0902 -5.4799 0 166 255
24.4889 -47.216 20.6289 0 166 255
24.2447 -50.9673 21.3266 0 166 255
19.7974 -12.5297 -11.7961 0 166 255
31.3921 -26.6935 -3.38059 0 166 255
31.7638 15.1232 -4.42005 0 166 255
26.6556 30.013 -8.14644 0 166 255
29.2632 -17.609 11.4574 0 166 255
18.2856 -68.4766 18.7714 0 166 255
31.3414 -53.7958 -0.116196 0 166 255
17.6707 -27.4821 13.4396 0 166 255
26.2665 -72.491 16.7316 0 166 255
17.3845 -37.9125 13.6722 0 166 255
30.6497 -9.93635 -7.90677 0 166 255
24.6182 -41.329 -3.27683 0 166 255
26.4513 8.38879 6.66016 0 166 255
32.1778 7.38411 -3.12519 0 166 255
21.3921 -72.0777 20.3925 0 166 255
30.335 -25.5501 11.898 0 166 255
17.2632 -70.5515 22.2866 0 166 255
31.7573 -33.5739 -1.51719 0 166 255
30.6704 -11.4472 7.99166 0 166 255
29.7846 -69.6845 20.3068 0 166 255
16.3295 -33.3525 14.9056 0 166 255
31.0784 5.2186 -9.19473 0 166 255
32.8311 -38.4288 5.59429 0 166 255
22.1049 -35.0991 13.9964 0 166 255
20.6724 -45.7734 -9.83514 0 166 255
29.1464 -59.0487 19.3284 0 166 255
26.4552 -13.4112 12.6345 0 166 255
20.7981 -22.1527 11.718 0 166 255
23.9281 7.57239 1.97155 0 166 255
23.3011 -59.0028 22.83 0 166 255
28.4624 -30.215 4.80664 0 166 255
19.1394 -33.5272 18.587 0 166 255
31.4189 19.239 -5.03465 0 166 255
22.3406 -15.7558 14.7597 0 166 255
24.3384 -33.7054 -4.61796 0 166 255
17.7558 -25.459 13.1793 0 166 255
27.8024 -50.1885 -5.44419 0 166 255
27.9246 -13.4302 -0.742068 0 166 255
32.4787 -40.93 9.89431 0 166 255
27.774 -43.5227 9.503 0 166 255
22.9285 -6.11265 6.69877 0 166 255
32.7868 -45.2319 8.2562 0 166 255
25.7717 -49.6077 -1.0951 0 166 255
29.4346 -63.4269 19.702 0 166 255
14.2301 -34.57 16.1151 0 166 255
30.8007 -47.4487 15.3039 0 166 255
31.3314 24.1158 -6.99744 0 166 255
30.0563 -32.8582 -5.14615 0 166 255
28.7821 -32.2775 15.0748 0 166 255
26.1772 -8.66274 4.74508 0 166 255
17.5456 -33.7905 -8.94049 0 166 255
26.1541 13.2636 -9.93095 0 166 255
23.7448 24.2643 -2.97807 0 166 255
29.9943 -15.1857 -8.10155 0 166 255
30.8209 -40.7941 -2.70202 0 166 255
22.9955 -1.26291 -12.3328 0 166 255
22.5653 -10.8765 13.5093 0 166 255
23.4999 22.99 2.07807 0 166 255
25.7651 -7.82595 -6.67793 0 166 255
16.67 -42.3872 -8.27497 0 166 255
21.0732 -1.98253 6.48519 0 166 255
26.4822 -4.19299 -6.20816 0 166 255
32.5995 -19.7922 0.0189629 0 166 255
28.0089 -9.6388 -0.19594 0 166 255
21.6666 -19.166 -12.3808 0 166 255
27.1927 -4.966 1.88136 0 166 255
16.8786 -71.2893 20.8265 0 166 255
19.2728 -65.3277 18.4708 0 166 255
19.0366 -40.1014 -10.2013 0 166 255
24.7534 -17.0576 -6.83829 0 166 255
27.9347 -37.8838 1.95475 0 166 255
28.3408 23.1432 0.246693 0 166 255
28.2074 -65.4028 10.0251 0 166 255
23.972 21.5123 -1.94966 0 166 255
25.3711 -47.9313 -1.74233 0 166 255
23.2604 -7.95035 -9.86283 0 166 255
14.3872 -59.8303 18.3849 0 166 255
29.1903 -25.0464 13.1527 0 166 255
31.7131 18.3997 -6.2686 0 166 255
28.9175 8.43837 4.57327 0 166 255
25.9992 23.2667 -6.79309 0 166 255
19.5818 -22.9605 -8.65428 0 166 255
20.288 -52.0626 16.2121 0 166 255
23.9155 19.0089 -0.311925 0 166 255
26.9211 -8.17575 3.41971 0 166 255
24.1342 32.8267 -0.719598 0 166 255
23.218 -23.8027 -12.1272 0 166 255
27.2724 -40.9186 18.0055 0 166 255
30.132 -22.4464 11.5004 0 166 255
19.7225 -4.65539 10.3641 0 166 255
22.9073 13.4452 3.3584 0 166 255
30.4005 -46.5841 -2.72345 0 166 255
13.4111 -54.2615 18.2984 0 166 255
25.708 -65.1705 15.952 0 166 255
23.2263 22.3817 3.88101 0 166 255
26.1287 10.38 -1.32608 0 166 255
27.2932 -14.7623 5.06887 0 166 255
24.4036 -51.4867 15.1164 0 166 255
27.5186 -44.8049 1.63684 0 166 255
32.7119 -42.8945 8.95938 0 166 255
21.4945 -68.3521 19.2853 0 166 255
18.7635 -29.8727 -7.84157 0 166 255
22.4083 8.84481 3.06209 0 166 255
17.205 -21.5965 13.9374 0 166 255
20.9179 -0.241615 7.74661 0 166 255
30.235 -49.3734 16.455 0 166 255
31.9112 -54.3625 1.46499 0 166 255
27.6851 -6.26815 0.871059 0 166 255
18.9942 -30.8947 13.4217 0 166 255
30.2828 24.0685 -11.5216 0 166 255
16.847 -35.2683 18.1293 0 166 255
25.7892 -38.5173 -2.39059 0 166 255
21.544 -25.2752 12.2442 0 166 255
32.2685 -1.3776 0.488263 0 166 255
22.3781 -44.8709 -9.31415 0 166 255
17.4208 -36.6796 18.5441 0 166 255
23.5906 31.1727 -3.07255 0 166 255
22.7312 -41.2149 -9.59909 0 166 255
24.6787 2.18494 -10.6378 0 166 255
31.0267 -23.4135 10.3909 0 166 255
21.2905 -8.57264 8.11222 0 166 255
23.637 14.4553 0.115392 0 166 255
30.7753 -2.5991 5.0826 0 166 255
26.6558 -52.6373 0.504159 0 166 255
24.8848 -46.3614 14.0599 0 166 255
23.7828 -34.4406 18.4952 0 166 255
29.2417 -44.8844 -4.56844 0 166 255
29.1099 -35.5911 15.4355 0 166 255
26.3635 -37.0398 -1.77341 0 166 255
27.7007 -51.1265 9.92227 0 166 255
24.2035 -55.5459 15.7605 0 166 255
25.4955 24.8344 -5.98449 0 166 255
27.9509 26.871 -0.686301 0 166 255
32.6863 -8.21342 -0.445368 0 166 255
31.3049 -59.2563 15.675 0 166 255
22.9737 -24.7618 11.4684 0 166 255
23.5277 -43.5183 20.2852 0 166 255
29.5456 18.8582 -11.6146 0 166 255
22.3584 -10.0812 8.07663 0 166 255
15.9563 -61.3707 21.652 0 166 255
25.0276 -2.57112 -11.9258 0 166 255
22.87 -17.8179 -8.31886 0 166 255
18.4934 -32.4639 -9.8085 0 166 255
32.1405 3.45402 -0.872307 0 166 255
20.6129 -18.5968 15.6616 0 166 255
21.3569 -36.5986 14.438 0 166 255
31.8918 -30.2929 -1.54657 0 166 255
32.4974 1.03141 -3.0207 0 166 255
25.8346 -4.16101 10.5649 0 166 255
30.4466 -50.5232 -2.2448 0 166 255
23.1558 -27.8907 17.3099 0 166 255
26.6313 -37.2904 17.7561 0 166 255
31.4743 -8.76171 5.70783 0 166 255
28.7659 -15.3656 -10.0372 0 166 255
21.3919 -22.2729 16.4298 0 166 255
27.643 -49.4676 2.45639 0 166 255
16.7569 -37.1697 -7.27086 0 166 255
25.441 -51.7008 -6.01628 0 166 255
20.5226 -46.5479 -8.42731 0 166 255
27.7287 -9.79445 2.04646 0 166 255
20.5249 -41.4369 -5.97813 0 166 255
26.5551 -35.2374 -1.73666 0 166 255
25.7256 -67.9301 23.7549 0 166 255
23.2815 1.88866 -12.3563 0 166 255
31.2681 17.9672 -3.38534 0 166 255
32.7285 -34.0511 7.70297 0 166 255
19.5255 -15.3152 10.1429 0 166 255
23.9042 3.50417 9.32771 0 166 255
18.6956 -41.6518 -9.90032 0 166 255
23.756 19.1361 4.89815 0 166 255
30.9328 -36.8685 -3.05619 0 166 255
21.1716 -46.7753 -6.92019 0 166 255
28.2477 -60.2532 7.27095 0 166 255
26.0535 17.8732 -12.2729 0 166 255
27.2311 7.57928 -3.01123 0 166 255
31.5057 -25.9287 10.0575 0 166 255
17.2698 -43.1442 -6.51409 0 166 255
24.7882 -11.9153 13.0916 0 166 255
30.045 -12.8722 9.29428 0 166 255
32.268 1.78041 -5.00224 0 166 255
26.8491 9.28179 -2.37068 0 166 255
28.1888 -60.8231 9.00556 0 166 255
26.169 -63.2796 15.2232 0 166 255
25.2512 -11.2052 -11.5268 0 166 255
31.4704 -46.8931 13.9274 0 166 255
15.7713 -67.8708 22.7211 0 166 255
31.8478 -47.722 0.61611 0 166 255
31.0565 11.4584 -10.3602 0 166 255
23.5358 -12.5861 -11.9453 0 166 255
16.3234 -38.3014 18.3567 0 166 255
28.5238 -28.3677 14.5111 0 166 255
13.8114 -62.3158 20.7008 0 166 255
18.1774 -14.3466 14.5384 0 166 255
13.5301 -48.8333 17.8123 0 166 255
22.381 -27.0878 -11.8116 0 166 255
16.3353 -50.724 20.155 0 166 255
19.5084 -58.7475 22.4959 0 166 255
24.3015 -3.87289 11.1943 0 166 255
25.7075 13.4469 5.6591 0 166 255
32.6637 -28.3172 1.2556 0 166 255
15.5859 -47.2211 19.2555 0 166 255
29.376 20.895 -11.3539 0 166 255
27.7696 -24.8088 -0.524978 0 166 255
24.0901 -41.5978 -8.99839 0 166 255
31.5484 -3.08151 3.64909 0 166 255
22.3067 -38.4381 19.6354 0 166 255
28.4705 -26.6197 3.13381 0 166 255
26.9956 -41.1799 -7.34562 0 166 255
27.5412 -30.6893 8.64031 0 166 255
26.8158 -13.1719 5.34758 0 166 255
28.2478 -46.3902 7.68115 0 166 255
27.1519 9.0602 -4.01613 0 166 255
18.0856 -22.5337 16.3452 0 166 255
26.4465 4.50794 0.233197 0 166 255
25.4581 -2.44453 10.3018 0 166 255
17.3432 -17.858 15.1829 0 166 255
30.3393 -61.1015 17.9539 0 166 255
22.8217 -71.5061 19.4399 0 166 255
26.2937 9.72477 -11.8919 0 166 255
19.6643 -49.4214 15.7609 0 166 255
25.2391 -64.0645 23.2257 0 166 255
15.7047 -47.753 15.308 0 166 255
14.825 -57.6307 17.4461 0 166 255
14.8235 -66.2979 21.9949 0 166 255
26.5526 -33.6185 -1.90984 0 166 255
31.7141 -35.2987 -1.44023 0 166 255
27.9137 -41.7833 8.8073 0 166 255
27.9171 -65.9769 11.7594 0 166 255
28.316 -45.1505 6.86405 0 166 255
30.3259 -44.3144 15.5779 0 166 255
25.1065 1.87452 2.59014 0 166 255
29.9185 -7.92846 8.10291 0 166 255
31.2728 -64.2686 5.00135 0 166 255
31.5821 0.355759 2.67374 0 166 255
30.1591 -23.6391 -6.2927 0 166 255
16.9009 -28.0325 17.0399 0 166 255
19.2169 -37.0783 -10.5721 0 166 255
29.7742 -43.2727 -4.08189 0 166 255
26.8041 -74.0122 19.7106 0 166 255
26.9099 -21.5014 -2.99592 0 166 255
29.7112 22.44 -11.0918 0 166 255
28.994 -21.2248 -8.6056 0 166 255
26.0234 -41.4409 -1.59135 0 166 255
30.102 -9.90763 8.42518 0 166 255
21.7238 7.25385 8.90677 0 166 255
31.7731 -29.2701 10.0545 0 166 255
28.5023 -32.597 4.22055 0 166 255
15.1057 -58.9128 20.8268 0 166 255
23.834 23.7506 -0.567513 0 166 255
22.0066 -53.246 22.0107 0 166 255
27.0917 -53.1944 11.8367 0 166 255
27.6739 -61.9953 21.3288 0 166 255
28.6678 -60.0547 1.38693 0 166 255
23.7997 28.0684 1.53837 0 166 255
31.2676 21.1571 -5.02548 0 166 255
22.0874 -5.37436 12.2317 0 166 255
25.4334 29.952 -6.39689 0 166 255
20.1819 -31.1711 -7.30213 0 166 255
28.1271 -57.7116 9.28869 0 166 255
32.5099 -3.63728 0.175178 0 166 255
32.4266 -14.7862 4.70823 0 166 255
14.7308 -69.1409 20.6924 0 166 255
32.8049 -47.186 6.36832 0 166 255
19.4093 -24.5301 -8.55757 0 166 255
31.1432 12.4982 -0.607149 0 166 255
31.5364 16.3312 -9.49045 0 166 255
25.6564 -23.8644 -4.51965 0 166 255
31.8914 -69.2686 15.338 0 166 255
25.9804 4.1281 -9.01232 0 166 255
25.3123 16.3269 -2.60192 0 166 255
16.9193 -69.4484 18.5413 0 166 255
21.3044 -27.1927 -7.48714 0 166 255
27.5882 -55.874 -3.43261 0 166 255
15.7282 -42.3634 -6.84681 0 166 255
20.1878 -42.9563 20.2957 0 166 255
29.8838 -52.8293 -2.76793 0 166 255
31.0162 20.1704 -3.58196 0 166 255
31.7958 -41.7069 12.41 0 166 255
28.8974 -65.8116 8.72336 0 166 255
21.4076 -61.2156 18.0059 0 166 255
16.8426 -38.8217 -7.00582 0 166 255
27.1394 -54.4297 -4.65697 0 166 255
19.99 -42.8908 15.3 0 166 255
27.3109 -56.1479 20.6419 0 166 255
28.0793 -29.8221 6.70961 0 166 255
26.8939 33.1396 -2.25407 0 166 255
21.2799 -25.1628 17.075 0 166 255
15.5709 -37.1179 17.869 0 166 255
23.5767 -64.2398 23.7034 0 166 255
19.0877 -58.7811 17.0019 0 166 255
22.0873 -38.2094 14.5515 0 166 255
28.5371 -42.0077 -5.82067 0 166 255
31.778 -51.4764 13.593 0 166 255
27.9995 -37.6173 16.822 0 166 255
13.1777 -59.4016 19.6619 0 166 255
28.4718 -43.893 17.5723 0 166 255
22.1863 5.65801 3.66457 0 166 255
26.9228 10.4606 -7.69781 0 166 255
23.1143 -37.6233 -9.95289 0 166 255
31.5936 -19.6845 8.32979 0 166 255
25.3413 -24.7678 15.8228 0 166 255
23.0836 12.6509 1.86191 0 166 255
18.8826 -67.1444 18.733 0 166 255
15.7236 -44.6569 18.9786 0 166 255
24.7147 -66.4113 16.9768 0 166 255
31.8289 -45.3753 0.198844 0 166 255
32.8275 -21.4991 1.6163 0 166 255
15.111 -33.8147 17.181 0 166 255
14.7115 -63.9152 21.499 0 166 255
27.0589 -47.3849 -6.42858 0 166 255
28.0118 -45.1477 8.79906 0 166 255
24.652 -62.1898 23.0909 0 166 255
27.3904 -45.3751 10.523 0 166 255
32.2977 -20.1979 6.64397 0 166 255
25.8893 -51.8919 13.6237 0 166 255
20.319 -67.5447 24.2431 0 166 255
27.068 -4.48358 -4.60447 0 166 255
24.5846 -53.0398 15.0333 0 166 255
27.2815 3.06494 -5.41322 0 166 255
29.8259 -6.27245 7.7704 0 166 255
26.7874 -68.658 15.6513 0 166 255
30.4855 27.0101 -10.5026 0 166 255
28.925 -59.0998 -0.133093 0 166 255
25.0558 -25.6928 -11.1171 0 166 255
25.6781 25.6179 1.78931 0 166 255
28.269 -24.1637 5.12072 0 166 255
25.1562 14.074 -1.43382 0 166 255
25.4337 8.44626 0.333281 0 166 255
19.8401 -23.6967 16.801 0 166 255
31.3778 14.7348 -9.97528 0 166 255
24.5555 -21.3532 -12.1094 0 166 255
27.4984 -70.3964 14.5364 0 166 255
28.1999 -28.5902 1.63937 0 166 255
32.7648 -10.0343 -0.0440941 0 166 255
31.7469 -21.5456 -3.24893 0 166 255
31.5039 22.9063 -8.72136 0 166 255
26.4008 -19.36 -4.29935 0 166 255
32.783 -47.3033 7.93773 0 166 255
20.5786 -35.049 19.0758 0 166 255
29.8147 -6.02092 -10.0865 0 166 255
28.2131 -53.9495 6.67408 0 166 255
27.9054 -15.3771 -0.943902 0 166 255
32.6635 -39.0395 3.11589 0 166 255
27.0582 -3.43216 -11.1577 0 166 255
22.7203 -26.7528 -6.85705 0 166 255
22.9449 15.2131 3.84642 0 166 255
31.9625 2.01326 0.507271 0 166 255
23.9031 -35.5461 -9.95926 0 166 255
32.1004 -2.56692 1.83548 0 166 255
25.2846 7.04605 0.914982 0 166 255
29.8198 -47.9904 16.8327 0 166 255
30.6883 -53.2948 -1.48035 0 166 255
27.1894 -0.655989 -5.34625 0 166 255
28.612 -60.561 20.1954 0 166 255
24.5928 4.74461 8.71143 0 166 255
17.1495 -19.4218 15.4737 0 166 255
28.3916 -47.8691 -5.17666 0 166 255
17.876 -54.9549 21.3904 0 166 255
28.6837 -69.9149 12.7784 0 166 255
31.9287 -8.38507 -5.06411 0 166 255
23.3128 -34.3333 13.3776 0 166 255
32.2089 -43.0733 1.24979 0 166 255
21.5181 -70.3351 24.1232 0 166 255
16.7698 -28.8638 14.3837 0 166 255
27.64 -20.3367 -1.58115 0 166 255
29.9522 20.5258 -1.1142 0 166 255
31.8204 1.10011 -6.79422 0 166 255
27.9837 -51.4862 3.76039 0 166 255
18.6187 -46.9472 15.1904 0 166 255
21.9681 -16.73 -9.09395 0 166 255
30.576 3.87429 3.61594 0 166 255
28.2387 -9.7324 -11.3968 0 166 255
23.1659 -29.6724 12.4182 0 166 255
21.4141 -47.5912 21.1135 0 166 255
16.8445 -47.8531 -7.29772 0 166 255
21.1413 -37.1041 19.4831 0 166 255
25.5622 3.39616 -12.0539 0 166 255
22.2684 -33.2292 -6.13275 0 166 255
22.3961 -7.18184 12.6224 0 166 255
31.0344 -45.6693 14.6214 0 166 255
25.189 -8.50904 5.89101 0 166 255
30.6428 6.55307 2.66141 0 166 255
18.4363 -71.6644 19.5023 0 166 255
28.9888 29.3078 -2.9562 0 166 255
32.1899 -9.52562 -3.76894 0 166 255
31.2155 -74.8521 18.1877 0 166 255
26.7309 -17.155 13.363 0 166 255
23.3433 13.0035 6.86976 0 166 255
26.5564 -31.4525 -9.17283 0 166 255
32.8526 -35.9184 6.3103 0 166 255
22.2021 -29.7654 -6.63772 0 166 255
23.6842 -19.3263 9.82603 0 166 255
32.6614 -50.2987 4.9184 0 166 255
26.3847 -39.778 -1.24981 0 166 255
28.3719 -43.7831 4.20839 0 166 255
32.6452 -62.0373 7.66036 0 166 255
23.6097 28.7035 -1.16398 0 166 255
25.1328 -52.6718 -4.17461 0 166 255
28.3912 24.8147 -0.447226 0 166 255
31.1317 -49.5477 -1.05789 0 166 255
32.5497 -40.5267 2.69531 0 166 255
30.4197 -59.5334 17.5868 0 166 255
26.2491 -46.8427 -0.686525 0 166 255
32.9071 -25.1169 4.19903 0 166 255
26.9197 -6.59151 3.00713 0 166 255
23.9384 29.7105 -5.91456 0 166 255
31.8294 -31.8978 -1.52144 0 166 255
28.2403 -43.4441 7.57288 0 166 255
29.2775 -64.8331 20.139 0 166 255
21.5622 -25.584 -7.61117 0 166 255
25.6806 -13.4537 6.73745 0 166 255
23.505 -9.61678 -9.37329 0 166 255
28.9869 -9.5341 9.65767 0 166 255
20.1297 -18.1198 -12.1138 0 166 255
20.0454 -47.2591 15.6868 0 166 255
31.7659 -42.7466 -0.367178 0 166 255
32.6606 -60.4079 8.59984 0 166 255
27.9205 -8.53712 10.3626 0 166 255
32.1821 -70.7692 14.3869 0 166 255
24.6146 -29.8972 -10.5638 0 166 255
21.5657 -42.2337 -9.91035 0 166 255
28.3142 -45.9231 4.21252 0 166 255
27.7013 -38.0744 9.04168 0 166 255
14.6162 -27.8691 15.8637 0 166 255
26.6454 18.4891 3.43318 0 166 255
26.0698 -12.1172 6.00943 0 166 255
26.0912 -26.5197 -3.54937 0 166 255
30.0142 15.1076 0.776932 0 166 255
21.0348 -32.8515 18.6849 0 166 255
30.0191 -27.3866 -6.02033 0 166 255
16.8469 -48.1794 19.9905 0 166 255
29.1143 4.93943 -11.5963 0 166 255
19.4923 -20.5756 -9.09484 0 166 255
31.787 -57.4384 1.40147 0 166 255
17.8125 -16.1651 14.9102 0 166 255
28.0021 -10.788 10.8947 0 166 255
23.8912 -28.2967 -5.71004 0 166 255
23.8166 -4.69797 -9.93467 0 166 255
25.2792 -74.0067 18.9547 0 166 255
23.0303 -42.8956 -9.28266 0 166 255
18.6727 -55.6734 16.3056 0 166 255
28.9143 -6.86927 9.01912 0 166 255
24.9765 -73.0967 20.4158 0 166 255
27.5699 -7.69016 1.85899 0 166 255
26.0459 -43.4101 -1.42276 0 166 255
20.1943 -20.9449 16.2155 0 166 255
20.8113 -17.509 10.5233 0 166 255
31.6092 -57.5604 14.7711 0 166 255
15.5686 -45.4113 -7.46789 0 166 255
17.3031 -15.3801 13.469 0 166 255
26.0993 -47.2392 19.9196 0 166 255
25.963 -57.4328 21.6829 0 166 255
15.8281 -20.4249 15.0091 0 166 255
27.7148 -8.55859 -1.84214 0 166 255
29.2784 28.4013 -7.84635 0 166 255
27.2082 -58.9256 2.21616 0 166 255
26.2312 -62.7385 22.472 0 166 255
25.3289 5.11892 1.51239 0 166 255
17.6278 -45.4298 14.5362 0 166 255
17.3897 -44.572 19.6818 0 166 255
31.2276 -2.79592 -7.95331 0 166 255
27.4052 -0.353325 -0.437871 0 166 255
18.8383 -18.2295 11.1562 0 166 255
23.804 29.7846 0.238972 0 166 255
31.0661 8.52374 -9.85124 0 166 255
22.5948 0.221357 10.6217 0 166 255
32.4869 -8.76219 -2.24995 0 166 255
27.7364 -51.2113 19.4674 0 166 255
31.2227 -45.5058 -1.30181 0 166 255
27.6234 -42.6156 18.0397 0 166 255
24.6081 -8.61063 -8.31376 0 166 255
27.7086 -54.1684 19.9649 0 166 255
31.3506 -15.94 -5.03372 0 166 255
27.3372 -22.9126 14.2879 0 166 255
32.3144 -26.9871 8.22255 0 166 255
23.3903 -13.8093 8.63041 0 166 255
25.2731 -37.1733 18.4624 0 166 255
20.3246 -32.0195 -11.1567 0 166 255
27.2888 -22.606 -1.90643 0 166 255
26.2225 -39.0073 -8.22227 0 166 255
27.6497 -33.9862 8.795 0 166 255
25.4258 -54.4443 -1.12304 0 166 255
31.2219 -33.0136 12.0501 0 166 255
25.2028 12.296 -12.2474 0 166 255
19.3685 -16.7747 -11.3866 0 166 255
32.4504 -62.857 5.51038 0 166 255
32.6767 -14.8844 3.26639 0 166 255
31.1614 -57.6541 -0.115212 0 166 255
31.6431 19.9698 -6.72612 0 166 255
22.6002 -3.78625 11.698 0 166 255
27.1238 -29.6902 -9.0598 0 166 255
29.6511 -34.2754 -5.53435 0 166 255
28.2336 -28.3393 5.93503 0 166 255
23.3001 -46.0873 -8.80173 0 166 255
20.4364 -9.86018 8.66055 0 166 255
27.8524 -68.372 12.7199 0 166 255
23.9943 22.1395 -0.447847 0 166 255
20.6215 -1.55266 8.43066 0 166 255
28.6274 -74.087 19.4552 0 166 255
24.6207 -12.2024 -7.70545 0 166 255
27.3054 -30.214 -0.867678 0 166 255
30.4758 -70.8589 13.0102 0 166 255
19.6758 -1.08144 11.2908 0 166 255
32.6083 -6.84224 -1.13348 0 166 255
32.6432 -53.5675 5.60304 0 166 255
25.3462 -25.5806 -4.61709 0 166 255
26.4756 -44.2953 11.8666 0 166 255
22.9784 -48.7514 -4.487 0 166 255
30.022 -11.409 -8.84704 0 166 255
15.14 -70.8093 20.3892 0 166 255
27.4518 1.53328 -1.75006 0 166 255
