ply
format ascii 1.0
comment Created by Open3D
element vertex 4096
property double x
property double y
property double z
property uchar red
property uchar green
property uchar blue
end_header
12.4248 37.21 -6.08075 255 191 0
11.4799 20.0966 4.00272 255 191 0
13.687 35.9673 -5.13356 255 191 0
17.989 11.7372 6.74579 255 191 0
4.71171 -24.3792 -7.29455 255 191 0
17.1182 14.0323 2.38074 255 191 0
17.8883 31.1955 -3.01483 255 191 0
19.8454 45.3719 -8.22142 255 191 0
4.04415 4.06293 -3.22751 255 191 0
9.6934 25.6657 -3.70918 255 191 0
10.2485 22.7787 -4.60875 255 191 0
20.0883 5.88468 5.28271 255 191 0
18.7491 32.1394 0.382495 255 191 0
12.8566 49.8217 -9.22234 255 191 0
12.8384 23.4917 2.9642 255 191 0
8.46403 -2.78138 -2.51501 255 191 0
8.56792 21.815 -1.30642 255 191 0
10.2063 29.4743 -3.9518 255 191 0
3.48537 -13.2819 -5.62564 255 191 0
22.4315 15.5209 2.81634 255 191 0
14.0839 11.8615 1.62536 255 191 0
15.129 -14.3297 -10.4347 255 191 0
17.8762 -1.94186 9.78041 255 191 0
13.4872 -1.15408 4.43058 255 191 0
22.6617 21.9081 3.1511 255 191 0
22.0594 45.4913 -9.26817 255 191 0
16.5569 40.728 -6.14422 255 191 0
9.56764 23.1294 -5.65537 255 191 0
3.9618 1.15484 -3.16786 255 191 0
11.5703 25.2156 2.74658 255 191 0
14.7849 -4.46848 6.23057 255 191 0
5.31683 -9.6451 1.78239 255 191 0
13.8472 -3.61537 5.40164 255 191 0
6.13521 -10.5215 3.65702 255 191 0
7.61909 3.56188 3.58166 255 191 0
21.7963 38.5436 -2.46716 255 191 0
15.7231 10.7054 7.48298 255 191 0
23.3957 24.7868 0.828093 255 191 0
18.2989 32.7346 -3.58742 255 191 0
9.93159 19.5302 -4.24289 255 191 0
5.97688 12.3484 -3.69999 255 191 0
10.5235 4.79764 -0.198238 255 191 0
21.3593 43.4908 -8.3936 255 191 0
13.7175 40.2707 -2.67644 255 191 0
17.32 -26.87 -12.7905 255 191 0
8.86286 -18.1027 -11.5672 255 191 0
13.7395 8.15463 2.15848 255 191 0
7.47883 -24.797 -4.98427 255 191 0
4.93268 -21.626 -3.69234 255 191 0
14.1242 -19.2108 -13.7033 255 191 0
11.1678 10.8418 5.88181 255 191 0
19.9285 24.7379 -1.2277 255 191 0
6.12074 -0.0586603 1.93163 255 191 0
8.16883 -15.9279 -11.4494 255 191 0
16.897 -23.4518 -11.021 255 191 0
6.17304 17.8735 -1.33349 255 191 0
11.054 0.767517 1.39235 255 191 0
14.2739 -26.3633 -7.74693 255 191 0
6.65066 -2.57326 3.2657 255 191 0
9.04925 -11.2778 -12.2815 255 191 0
10.9583 24.7291 -4.30781 255 191 0
22.4762 16.0458 1.86606 255 191 0
11.5846 -21.9983 -12.5879 255 191 0
12.0559 -17.6819 -13.4092 255 191 0
18.1868 -0.752344 6.95698 255 191 0
16.8606 20.6581 0.314089 255 191 0
13.9831 -31.796 -11.0327 255 191 0
20.6544 -0.231344 7.83496 255 191 0
3.88868 -13.1703 -2.10436 255 191 0
8.8871 -8.93983 5.83052 255 191 0
4.6777 -5.40549 -0.359895 255 191 0
21.1492 5.13451 6.86928 255 191 0
20.6147 50.0835 -9.65699 255 191 0
23.7835 48.3675 -7.94855 255 191 0
14.6882 2.89596 4.33411 255 191 0
21.3329 31.4499 -4.05227 255 191 0
13.4293 23.1548 -1.75181 255 191 0
10.9124 -6.71447 3.29162 255 191 0
12.2146 -28.8907 -11.9362 255 191 0
11.2771 -9.81309 -9.12131 255 191 0
21.5691 39.5425 -7.05757 255 191 0
4.69718 -1.69849 -0.786294 255 191 0
16.6575 -2.42906 9.09904 255 191 0
10.6323 -27.4534 -6.72237 255 191 0
3.39904 -7.11302 -6.91161 255 191 0
6.38685 -20.7688 -2.27083 255 191 0
8.81226 -20.3188 -4.36627 255 191 0
14.7581 42.8868 -7.00645 255 191 0
12.648 9.69087 1.00317 255 191 0
8.36477 -11.6148 -4.34682 255 191 0
3.90645 -3.44396 -8.38382 255 191 0
23.6564 27.1745 0.171918 255 191 0
7.87267 -13.7637 2.83484 255 191 0
16.9766 10.379 7.6663 255 191 0
12.3572 27.7162 -3.67519 255 191 0
23.6311 42.2499 -5.00803 255 191 0
9.74028 17.0459 -4.08587 255 191 0
20.9418 34.4974 -4.91405 255 191 0
9.16657 -23.1273 -10.8794 255 191 0
12.074 49.6564 -8.1682 255 191 0
4.06822 -7.35686 -2.00227 255 191 0
17.7822 10.1721 3.75133 255 191 0
10.6846 35.2433 -5.4666 255 191 0
20.9994 19.1504 4.70366 255 191 0
12.7519 52.6031 -8.07154 255 191 0
12.2118 39.421 -2.75012 255 191 0
20.4384 39.5766 -6.4335 255 191 0
5.02288 -5.82447 0.568579 255 191 0
13.06 12.2651 6.83493 255 191 0
12.5773 31.8178 0.216162 255 191 0
10.6933 -0.500767 1.28435 255 191 0
9.57507 -15.5699 -6.17301 255 191 0
8.49092 -16.0639 -1.02054 255 191 0
22.4981 36.7842 -6.66737 255 191 0
21.7054 43.5612 -4.34557 255 191 0
20.1385 0.438623 6.9427 255 191 0
8.81454 -13.7715 -12.4687 255 191 0
14.9136 33.9624 -0.560684 255 191 0
7.33575 11.3358 1.84585 255 191 0
11.791 -10.1814 6.04812 255 191 0
17.4682 -25.4568 -11.7413 255 191 0
19.971 9.0028 4.25455 255 191 0
17.394 0.660515 9.51637 255 191 0
3.87608 -19.5679 -2.72526 255 191 0
11.3827 18.1264 -2.31455 255 191 0
10.3828 8.03634 -1.0427 255 191 0
10.0899 29.7556 -4.96481 255 191 0
3.38773 -3.78332 -5.95189 255 191 0
8.05615 5.29062 -5.82754 255 191 0
15.556 8.44359 7.85605 255 191 0
3.5337 -10.7289 -7.49823 255 191 0
9.89503 1.31082 -0.526599 255 191 0
17.4287 -24.225 -11.9351 255 191 0
16.964 -4.23539 7.46226 255 191 0
12.8879 34.9692 -5.26525 255 191 0
7.18789 -9.39458 -11.4364 255 191 0
9.30541 -6.68518 -10.2671 255 191 0
18.7608 10.9402 6.98407 255 191 0
6.10368 -12.6019 -11.0556 255 191 0
6.05623 -3.14957 -9.0198 255 191 0
20.5572 19.0391 0.955464 255 191 0
5.16948 -16.9185 -0.153817 255 191 0
19.3983 12.6151 6.52498 255 191 0
14.2631 -30.495 -12.2286 255 191 0
16.1415 -26.4297 -8.96315 255 191 0
10.9484 6.81052 -0.184408 255 191 0
20.2237 -2.2849 7.69431 255 191 0
10.4511 -10.8392 -8.14172 255 191 0
8.39503 -14.3004 -4.05707 255 191 0
20.5881 27.5249 1.6628 255 191 0
3.44581 -5.58045 -8.20328 255 191 0
22.4583 29.6646 0.391408 255 191 0
11.751 21.6675 3.80762 255 191 0
21.9624 49.4633 -6.90454 255 191 0
21.0848 6.24015 7.32542 255 191 0
8.83311 -14.4421 2.84208 255 191 0
8.08071 -18.4119 -10.9056 255 191 0
7.95935 1.85538 -6.30898 255 191 0
22.1052 12.6819 4.38908 255 191 0
15.6385 29.9022 0.824579 255 191 0
4.65288 -21.344 -8.20432 255 191 0
7.78421 17.9474 -3.2165 255 191 0
14.7453 -19.4244 -9.25897 255 191 0
22.8203 20.1883 2.4677 255 191 0
17.3997 45.1285 -7.45025 255 191 0
8.04562 -2.76522 -4.95162 255 191 0
4.71538 -11.4727 0.506057 255 191 0
19.0859 6.46855 8.71761 255 191 0
15.2846 56.9895 -10.4807 255 191 0
11.3867 37.687 -6.64582 255 191 0
19.3274 42.2732 -3.14279 255 191 0
14.4914 -18.0499 -9.46059 255 191 0
16.3386 -1.17154 9.1058 255 191 0
17.3422 -31.6795 -10.7745 255 191 0
18.2983 43.6639 -3.50592 255 191 0
10.9509 -7.794 3.57943 255 191 0
6.33316 -18.3722 -0.758425 255 191 0
9.16773 21.8542 0.0833602 255 191 0
13.2056 -21.0126 -8.23356 255 191 0
6.45962 -17.2719 0.0231924 255 191 0
10.5275 27.6627 -1.70977 255 191 0
7.22709 1.45474 3.4304 255 191 0
10.1919 23.3854 -0.731411 255 191 0
15.361 16.1175 5.49009 255 191 0
18.5684 46.1514 -4.39812 255 191 0
8.31999 -8.35128 -1.69038 255 191 0
13.3498 20.4258 3.96978 255 191 0
8.85044 18.3029 2.24271 255 191 0
7.35204 -3.76876 -9.48373 255 191 0
9.37649 17.6431 -4.91652 255 191 0
19.8494 19.3604 4.40393 255 191 0
8.73703 -11.0367 4.67565 255 191 0
9.09504 3.09897 -2.28528 255 191 0
15.4033 54.5144 -10.4251 255 191 0
19.493 31.581 -3.41506 255 191 0
10.8706 31.7643 -2.70685 255 191 0
23.9762 28.7321 -1.94799 255 191 0
19.2206 29.1068 -2.51981 255 191 0
13.6573 47.023 -5.03896 255 191 0
13.4621 27.9943 -3.03445 255 191 0
10.1741 -10.9162 -12.0744 255 191 0
14.135 -7.0168 6.70405 255 191 0
6.71078 18.3865 -0.209367 255 191 0
15.7384 17.942 4.74136 255 191 0
21.9588 11.708 4.84069 255 191 0
12.2255 4.56364 1.67693 255 191 0
8.82874 21.7056 1.18747 255 191 0
19.6858 34.5419 -4.39558 255 191 0
9.49383 -3.56148 0.243049 255 191 0
8.35471 -14.5345 -1.80791 255 191 0
21.6045 47.7681 -9.94975 255 191 0
14.9235 -32.6786 -9.16826 255 191 0
8.32197 -18.8748 -1.55194 255 191 0
14.2516 54.0132 -10.2526 255 191 0
3.44843 -8.99176 -5.60186 255 191 0
11.7699 -6.10449 4.19325 255 191 0
14.3567 19.4288 4.24041 255 191 0
14.2507 -0.158517 4.80782 255 191 0
19.3564 -3.78463 10.1808 255 191 0
4.49378 -23.0551 -7.33337 255 191 0
15.0419 51.3326 -6.21121 255 191 0
11.9827 25.9281 1.97885 255 191 0
9.04537 -0.575998 6.08 255 191 0
7.53222 -14.5562 -11.3863 255 191 0
7.99784 0.644146 -6.12902 255 191 0
5.32704 13.1887 -1.50623 255 191 0
14.0561 14.5367 0.951256 255 191 0
8.89684 -4.56501 -0.680775 255 191 0
19.613 8.8431 7.61733 255 191 0
12.438 37.7052 -1.80448 255 191 0
6.45507 -7.67942 -10.7805 255 191 0
12.2517 30.6871 -4.45229 255 191 0
8.6737 -15.9317 -4.74706 255 191 0
23.5733 46.276 -8.68594 255 191 0
15.776 45.1409 -7.49805 255 191 0
9.53166 -22.5373 -4.84498 255 191 0
6.63406 -19.3734 -1.22008 255 191 0
22.798 25.7237 1.58637 255 191 0
9.8023 -5.41307 6.65318 255 191 0
10.0546 25.5821 -2.4488 255 191 0
21.4899 9.7802 6.62211 255 191 0
5.72084 7.31581 0.137238 255 191 0
18.6481 21.3713 0.299542 255 191 0
20.7959 7.31637 8.24023 255 191 0
22.5046 39.4169 -7.72064 255 191 0
13.7137 32.2436 -0.0798386 255 191 0
6.2774 -24.5114 -8.78578 255 191 0
14.5162 14.8437 6.0461 255 191 0
8.52762 -12.0622 4.06868 255 191 0
5.13132 11.0825 -1.56924 255 191 0
5.94222 13.8361 -0.549054 255 191 0
7.27932 -13.1355 -11.4483 255 191 0
8.17969 19.9894 -2.24219 255 191 0
8.21188 -5.54985 -2.69435 255 191 0
12.0123 38.2845 -2.78683 255 191 0
3.64409 -1.63125 -4.15313 255 191 0
10.4671 1.33782 0.458347 255 191 0
16.1777 20.3237 3.80229 255 191 0
20.6649 36.5685 -1.41136 255 191 0
16.6896 13.0554 6.64105 255 191 0
11.0628 21.7869 -3.55232 255 191 0
22.6145 47.3428 -6.41662 255 191 0
24.0833 29.9231 -1.19879 255 191 0
21.0701 12.1949 3.12215 255 191 0
13.0771 54.5419 -9.42722 255 191 0
9.41475 -19.7125 -5.28077 255 191 0
6.97387 -3.63872 3.96051 255 191 0
6.7181 -9.90962 4.43955 255 191 0
14.1803 -22.339 -13.2319 255 191 0
21.6905 15.7507 5.83716 255 191 0
14.6246 1.22142 4.74056 255 191 0
8.00624 -6.01318 -10.4113 255 191 0
4.43283 2.89605 -2.02328 255 191 0
12.5955 -1.86769 3.69748 255 191 0
16.8527 17.2355 1.40167 255 191 0
10.2824 22.541 2.6117 255 191 0
17.7791 14.9454 2.31198 255 191 0
8.04814 -4.88285 -4.21873 255 191 0
15.2727 16.6814 1.02811 255 191 0
18.2745 4.70494 5.52756 255 191 0
4.88599 -3.03855 -0.170845 255 191 0
19.5571 0.103321 10.5196 255 191 0
8.53127 -7.91495 -5.96165 255 191 0
8.3444 -9.5895 -1.6304 255 191 0
15.7398 7.25186 7.91375 255 191 0
11.0234 -9.26366 -10.7266 255 191 0
15.9597 -30.3289 -9.46346 255 191 0
22.2035 41.3948 -8.21606 255 191 0
19.3946 38.1594 -1.71371 255 191 0
5.92764 1.36092 1.36672 255 191 0
16.8288 -27.4687 -10.8338 255 191 0
6.91692 9.06478 1.67822 255 191 0
7.82081 6.05312 3.40313 255 191 0
9.90973 -26.3434 -5.81471 255 191 0
3.48729 -12.3452 -6.48611 255 191 0
19.6514 12.4363 3.21918 255 191 0
16.0204 41.9298 -2.94791 255 191 0
16.3339 22.7098 3.12405 255 191 0
6.32179 -11.2802 -11.4991 255 191 0
8.65656 11.2243 -5.09315 255 191 0
17.7264 48.3447 -8.57048 255 191 0
22.4524 19.5306 4.01369 255 191 0
12.0932 36.1872 -1.91565 255 191 0
8.33763 13.9059 -6.14587 255 191 0
3.8292 -20.6052 -6.3257 255 191 0
7.68339 9.13557 2.6823 255 191 0
21.4029 30.4458 0.476275 255 191 0
13.0464 -4.17842 4.74137 255 191 0
16.8939 38.7996 -1.83177 255 191 0
15.3663 48.9332 -8.69632 255 191 0
15.613 -29.4456 -12.4579 255 191 0
16.8623 -16.3334 -11.2207 255 191 0
5.29594 -0.807178 -7.54576 255 191 0
13.0627 39.3055 -2.11562 255 191 0
18.358 8.96009 7.92154 255 191 0
9.17378 -15.5196 1.74875 255 191 0
6.90531 -25.4726 -7.11369 255 191 0
6.28207 6.86426 1.12428 255 191 0
12.2564 -24.7795 -12.441 255 191 0
13.4163 -12.3914 -11.2211 255 191 0
16.3274 15.0662 1.89849 255 191 0
5.69091 4.74483 -6.21208 255 191 0
21.5521 16.4766 1.50258 255 191 0
4.16846 8.66849 -3.38123 255 191 0
13.0512 25.8653 2.19331 255 191 0
8.27837 -15.4011 -3.70616 255 191 0
14.4588 12.8349 6.81318 255 191 0
17.2473 -17.6897 -10.7846 255 191 0
16.8328 52.8813 -9.99077 255 191 0
8.82851 14.1806 3.03333 255 191 0
8.66333 4.31468 -3.56959 255 191 0
17.5689 11.5783 3.26782 255 191 0
16.9125 3.89758 5.24473 255 191 0
8.95823 -20.3733 -11.1249 255 191 0
12.8746 28.7696 -3.58431 255 191 0
10.3232 0.777163 7.09671 255 191 0
4.37135 5.4738 -5.05229 255 191 0
10.8982 -28.8802 -10.4295 255 191 0
22.6318 30.9423 -4.57881 255 191 0
14.8033 -4.60379 8.68326 255 191 0
11.5788 -15.5901 -8.11535 255 191 0
10.5557 34.236 -5.37441 255 191 0
15.2421 39.1883 -5.86378 255 191 0
14.5624 46.6214 -4.7243 255 191 0
8.20544 -4.93745 5.92356 255 191 0
6.82522 3.17957 2.54708 255 191 0
7.31094 13.7648 -5.73697 255 191 0
12.5036 23.3872 -2.43729 255 191 0
13.1428 30.1688 -3.75959 255 191 0
17.4431 -26.676 -11.5782 255 191 0
19.5266 44.1732 -7.64335 255 191 0
8.9398 22.1175 -5.8974 255 191 0
11.5805 15.0775 -1.34256 255 191 0
10.7292 20.413 -3.55773 255 191 0
22.3697 16.2424 3.89499 255 191 0
4.2214 -8.86617 -1.3351 255 191 0
16.1775 -32.1627 -12.0417 255 191 0
6.50177 -10.1946 -11.5004 255 191 0
8.9985 21.791 -3.36662 255 191 0
9.74959 -12.5116 4.25053 255 191 0
13.539 29.35 1.01897 255 191 0
12.8797 34.6458 -0.606438 255 191 0
21.0316 50.9714 -7.05067 255 191 0
12.6919 21.0086 -1.69767 255 191 0
4.1019 -12.2783 -1.35063 255 191 0
8.79013 -16.5467 0.77834 255 191 0
6.08755 -22.6737 -3.32648 255 191 0
3.83581 -5.46532 -3.07041 255 191 0
16.9732 -29.4203 -12.4648 255 191 0
9.73521 -7.53835 1.49828 255 191 0
15.32 0.0854168 5.50569 255 191 0
11.0079 -12.7829 -12.709 255 191 0
9.64104 3.01331 6.03574 255 191 0
17.8021 25.7489 2.38204 255 191 0
12.3495 18.4248 4.91088 255 191 0
5.306 -2.8976 0.797841 255 191 0
12.5275 -24.7521 -6.94282 255 191 0
3.98513 -21.6308 -4.39561 255 191 0
23.1475 29.3919 -3.84329 255 191 0
16.0018 33.5245 -0.226301 255 191 0
9.09854 -19.1956 -11.5163 255 191 0
14.4379 21.2916 3.62091 255 191 0
19.8492 -1.36514 10.2818 255 191 0
8.33776 -8.45806 -5.02676 255 191 0
7.95571 -26.1511 -9.81282 255 191 0
20.1193 22.907 -0.533741 255 191 0
8.21787 17.2547 1.82267 255 191 0
17.3981 46.8543 -4.59347 255 191 0
20.9192 25.4351 -1.78415 255 191 0
3.78723 -4.623 -8.86833 255 191 0
22.1974 14.3852 2.03686 255 191 0
19.4107 27.4671 -1.96782 255 191 0
12.192 29.5273 -4.21531 255 191 0
13.235 -27.1242 -6.94416 255 191 0
11.9032 31.7111 -0.669157 255 191 0
11.1847 39.8907 -6.94715 255 191 0
7.84487 -26.3095 -7.8428 255 191 0
14.8518 17.5647 0.573489 255 191 0
3.72303 -15.8937 -7.36569 255 191 0
3.4506 -4.72871 -5.26131 255 191 0
19.149 -2.70821 7.72071 255 191 0
19.0397 48.5842 -5.38983 255 191 0
20.3664 47.5822 -9.33545 255 191 0
17.6527 32.5978 0.250089 255 191 0
18.1297 15.4989 5.56783 255 191 0
10.5749 28.7994 -2.17216 255 191 0
16.2803 -21.8116 -13.5485 255 191 0
10.3405 -3.31165 1.68278 255 191 0
11.8668 -30.4707 -9.52889 255 191 0
14.7167 20.1863 -0.182191 255 191 0
7.42408 -16.9857 0.422559 255 191 0
16.3118 0.497176 5.92282 255 191 0
21.4577 42.265 -7.96634 255 191 0
7.7314 -11.5681 -12.0419 255 191 0
9.96339 -18.8515 -12.2498 255 191 0
17.9647 38.1218 -1.57493 255 191 0
15.7802 20.2982 0.193423 255 191 0
18.6061 18.6371 1.22444 255 191 0
17.6077 -20.2887 -11.7724 255 191 0
10.7744 -7.24861 -9.35319 255 191 0
12.379 16.647 -0.929527 255 191 0
8.19345 -10.7743 -3.25592 255 191 0
13.0347 -1.63632 7.96844 255 191 0
20.6918 48.6778 -5.93952 255 191 0
3.45421 -11.1743 -6.47971 255 191 0
19.0289 7.6752 8.22064 255 191 0
22.1738 34.0911 -5.4422 255 191 0
15.4924 9.17949 3.2004 255 191 0
9.48228 10.4557 4.44983 255 191 0
13.1824 26.8665 -2.90652 255 191 0
9.78446 -20.0336 -11.9229 255 191 0
3.5444 -13.5688 -4.21153 255 191 0
3.8338 -18.4281 -1.91581 255 191 0
21.6389 28.4735 -3.08595 255 191 0
14.9514 22.2777 -0.681434 255 191 0
3.72762 -21.4069 -5.63943 255 191 0
12.47 50.8222 -7.56915 255 191 0
16.2085 16.8942 5.18108 255 191 0
13.6717 3.64364 7.6185 255 191 0
14.9237 14.3718 1.49417 255 191 0
7.45062 -8.4122 -11.1386 255 191 0
18.5412 7.45731 4.74921 255 191 0
6.07099 -24.5889 -4.65835 255 191 0
8.19485 4.46661 -5.09302 255 191 0
8.73591 21.2607 -4.31659 255 191 0
8.04717 -4.08169 -5.22692 255 191 0
13.7511 -4.66779 8.22097 255 191 0
10.2301 6.48047 -1.0595 255 191 0
16.2464 45.1579 -4.00982 255 191 0
14.9398 -32.3391 -8.08719 255 191 0
6.82488 12.1655 -5.57152 255 191 0
13.6231 53.9411 -7.48825 255 191 0
3.73807 -17.1862 -2.32837 255 191 0
14.5452 -0.72711 8.35078 255 191 0
20.7674 48.4733 -9.88921 255 191 0
10.9819 -28.3821 -7.36476 255 191 0
16.5801 29.5392 1.09816 255 191 0
9.2349 -12.1285 1.03225 255 191 0
13.8147 19.2176 -0.432205 255 191 0
6.32741 -13.5465 2.60064 255 191 0
10.5563 4.02506 6.70875 255 191 0
8.26046 15.3325 2.21803 255 191 0
16.2824 13.4473 2.35923 255 191 0
20.3465 17.3391 1.57446 255 191 0
11.2469 16.2767 -1.99999 255 191 0
14.3616 27.0418 -2.31495 255 191 0
11.2974 12.2783 5.67559 255 191 0
14.3662 -5.8085 8.1476 255 191 0
18.9768 11.0599 3.58811 255 191 0
14.0899 -33.9288 -8.31025 255 191 0
21.6987 32.7262 -0.382799 255 191 0
11.4083 8.6002 6.50693 255 191 0
5.28042 11.5253 -3.5492 255 191 0
9.62784 -24.236 -11.0233 255 191 0
10.3535 -16.4724 -6.83166 255 191 0
3.87584 5.07866 -3.80689 255 191 0
5.24903 15.2372 -2.04207 255 191 0
12.2806 -0.24848 2.96028 255 191 0
5.72567 -6.07769 2.12023 255 191 0
13.5398 9.0946 7.48641 255 191 0
11.841 30.5631 -0.353944 255 191 0
20.2013 -3.35235 9.27498 255 191 0
12.1214 50.6329 -8.92372 255 191 0
4.10047 -16.2146 -8.36199 255 191 0
22.9789 32.9507 -5.56725 255 191 0
5.06692 -22.7628 -8.27629 255 191 0
23.7256 40.7516 -4.47288 255 191 0
16.0748 18.1659 0.907979 255 191 0
19.5924 41.2001 -2.80374 255 191 0
3.53325 -17.7261 -4.89357 255 191 0
15.5174 12.6542 2.23954 255 191 0
17.7987 25.4712 -1.08932 255 191 0
14.091 24.9488 2.42131 255 191 0
11.3911 -8.38975 -9.68808 255 191 0
3.88967 -6.29162 -9.17712 255 191 0
22.5711 39.9137 -3.35098 255 191 0
14.3451 -29.0487 -7.43691 255 191 0
13.1917 -30.8909 -11.4022 255 191 0
11.2291 26.949 0.0325625 255 191 0
8.25781 0.644391 -4.25668 255 191 0
4.83711 -5.2586 -9.73537 255 191 0
23.085 47.2146 -9.71727 255 191 0
9.44997 9.65138 -3.02094 255 191 0
14.1429 29.6951 -3.16454 255 191 0
15.8119 -19.194 -9.512 255 191 0
14.3088 56.3823 -10.592 255 191 0
12.4017 -3.655 4.07547 255 191 0
21.4058 7.63606 6.31488 255 191 0
19.4768 9.92139 3.95131 255 191 0
9.89976 13.6701 -3.24273 255 191 0
13.2706 -32.6646 -8.13116 255 191 0
9.82429 26.9091 -4.02806 255 191 0
5.69482 -7.43302 2.29728 255 191 0
20.2403 -2.1742 9.24997 255 191 0
12.7153 45.1585 -7.98307 255 191 0
10.0515 10.1431 -2.05589 255 191 0
15.9636 -16.2391 -11.9914 255 191 0
14.0859 -12.7102 -10.3164 255 191 0
17.7403 -0.73235 9.8273 255 191 0
14.4065 55.6793 -8.48419 255 191 0
9.08296 7.89903 -3.38048 255 191 0
16.5675 -24.5804 -10.4964 255 191 0
6.94751 12.1971 1.19194 255 191 0
9.41863 -11.9389 -6.69228 255 191 0
3.91982 -8.92948 -2.42325 255 191 0
8.47153 -12.8584 -4.22618 255 191 0
8.03082 -10.2901 -11.95 255 191 0
13.303 42.656 -3.38076 255 191 0
13.2962 19.0208 4.36194 255 191 0
15.4761 38.5741 -1.94196 255 191 0
3.83605 3.11868 -6.06483 255 191 0
7.11289 -25.4142 -9.28082 255 191 0
14.5937 -22.7951 -8.55886 255 191 0
3.53409 -20.1905 -4.42629 255 191 0
22.311 48.4105 -6.67151 255 191 0
14.3642 -33.5757 -9.33803 255 191 0
10.7088 32.6847 -3.82509 255 191 0
21.0659 3.72633 6.85734 255 191 0
23.5431 45.1632 -6.17358 255 191 0
12.7942 36.3572 -1.16741 255 191 0
23.0271 49.2209 -7.5386 255 191 0
23.0925 35.6836 -6.6032 255 191 0
19.0635 3.75704 9.84466 255 191 0
24.1313 37.2712 -6.09931 255 191 0
15.9348 -24.2348 -8.77245 255 191 0
11.4188 -10.3812 -11.1544 255 191 0
18.0361 43.6805 -7.04192 255 191 0
16.4629 30.6595 0.733091 255 191 0
14.2137 10.4264 2.09605 255 191 0
11.9369 -9.46944 -10.1137 255 191 0
15.3969 -2.80564 6.16819 255 191 0
3.41758 -7.85327 -5.91844 255 191 0
10.98 -24.9012 -11.8802 255 191 0
6.03343 11.7099 -0.0783834 255 191 0
13.7708 45.1629 -7.78077 255 191 0
10.5059 30.3009 -2.94491 255 191 0
15.3982 -1.54417 8.5507 255 191 0
20.0632 24.4112 2.75942 255 191 0
3.80923 -2.61953 -3.40041 255 191 0
16.4893 25.84 -1.2797 255 191 0
22.9109 20.1126 1.16674 255 191 0
9.96778 5.34345 -1.26472 255 191 0
8.56576 -17.0682 -0.506684 255 191 0
11.4309 25.4071 1.21245 255 191 0
11.4206 30.6339 -5.12632 255 191 0
22.713 33.003 -0.89474 255 191 0
15.1441 42.5379 -3.27892 255 191 0
23.8913 27.4138 -2.25347 255 191 0
24.1693 38.0843 -4.47152 255 191 0
19.0581 2.23945 6.39955 255 191 0
14.2669 -32.6152 -10.4275 255 191 0
21.6109 8.37199 5.38203 255 191 0
9.57076 -25.171 -4.6168 255 191 0
8.31288 -12.6486 -12.2715 255 191 0
18.7529 -1.83871 10.3568 255 191 0
5.34526 6.06564 -0.379542 255 191 0
4.26855 -21.7633 -7.11959 255 191 0
14.442 -29.0986 -12.4139 255 191 0
8.88336 12.3472 -4.79407 255 191 0
16.4833 5.74485 4.53115 255 191 0
14.0078 49.1156 -8.89489 255 191 0
12.1311 -20.7486 -12.9749 255 191 0
9.09815 -4.34032 6.54498 255 191 0
7.26835 -16.5324 -10.8274 255 191 0
8.52376 17.501 -5.62305 255 191 0
3.54423 -5.72381 -4.6026 255 191 0
13.4858 31.8714 -4.10231 255 191 0
14.4156 -2.41435 5.50307 255 191 0
16.5095 -18.2389 -13.2329 255 191 0
10.5049 -1.85416 1.46021 255 191 0
9.04817 23.4798 -4.27816 255 191 0
12.9751 -19.8009 -13.3477 255 191 0
21.9083 26.9389 1.49912 255 191 0
7.91088 8.12426 -6.67813 255 191 0
8.65302 1.60171 -3.08244 255 191 0
15.6783 44.0505 -3.68469 255 191 0
13.0691 49.1383 -5.84934 255 191 0
22.7335 18.3269 1.81955 255 191 0
6.43259 -13.9092 -10.987 255 191 0
9.89566 -8.37623 6.16347 255 191 0
5.83536 -25.2718 -7.51828 255 191 0
12.8047 13.3751 6.43083 255 191 0
21.5938 15.3252 1.79432 255 191 0
8.55644 -26.9786 -8.45447 255 191 0
17.4737 55.1733 -8.2483 255 191 0
14.1557 41.755 -3.23767 255 191 0
11.5529 36.1066 -6.34115 255 191 0
21.6586 31.6363 0.00777287 255 191 0
14.5607 21.2811 -0.571422 255 191 0
13.5186 -6.14895 5.68645 255 191 0
14.5462 48.5244 -5.34707 255 191 0
5.65753 12.4339 -0.824469 255 191 0
19.5571 13.5233 2.86275 255 191 0
9.64101 4.12098 -1.53544 255 191 0
17.9131 41.1063 -6.1439 255 191 0
4.15983 -13.2945 -0.969688 255 191 0
13.7409 1.38827 4.00405 255 191 0
11.9988 42.0437 -4.52889 255 191 0
18.6628 38.8447 -5.54345 255 191 0
6.24442 3.73379 1.5682 255 191 0
6.52604 19.1489 -1.21988 255 191 0
6.16481 15.4308 -0.477864 255 191 0
19.4291 29.7784 1.09872 255 191 0
24.0639 38.4196 -5.66513 255 191 0
6.07052 -2.06108 2.1633 255 191 0
10.2086 18.123 -3.58176 255 191 0
13.3825 33.9739 -4.73433 255 191 0
19.5504 50.6919 -6.33389 255 191 0
6.62673 8.11947 -6.27046 255 191 0
13.9462 22.2566 -1.18411 255 191 0
13.1998 17.0641 -0.332644 255 191 0
15.0278 23.2498 2.75212 255 191 0
7.53991 15.108 -5.51438 255 191 0
16.3837 34.6123 -4.24727 255 191 0
8.33566 -3.9988 -6.93232 255 191 0
4.16807 -23.7326 -6.44692 255 191 0
3.83419 -2.861 -6.59371 255 191 0
10.4083 -9.82553 -8.37352 255 191 0
11.9605 2.48963 7.34175 255 191 0
15.1425 -15.4531 -10.1964 255 191 0
8.21187 2.95878 4.46144 255 191 0
11.3641 31.9518 -5.45355 255 191 0
21.2712 5.15605 5.55994 255 191 0
16.3813 -27.0722 -9.92834 255 191 0
8.6861 -14.5753 -0.559039 255 191 0
8.23043 -18.1469 -2.87966 255 191 0
11.3438 3.9703 0.895781 255 191 0
18.0478 -31.7751 -11.8367 255 191 0
8.18008 6.4691 -5.43109 255 191 0
6.2905 5.25743 1.40048 255 191 0
11.4053 5.12664 0.676248 255 191 0
9.58999 -7.6605 -8.0252 255 191 0
21.9827 24.2628 -1.8433 255 191 0
6.78702 14.7439 -3.63043 255 191 0
4.62731 8.9594 -2.30154 255 191 0
7.15478 2.60312 -7.49339 255 191 0
22.3652 26.4376 -2.59069 255 191 0
15.6255 -3.78416 6.54233 255 191 0
8.2868 7.68072 -5.30839 255 191 0
11.7667 21.3396 -2.62526 255 191 0
19.4613 10.0769 7.26629 255 191 0
3.62162 -6.72159 -4.05032 255 191 0
8.76851 -27.0378 -9.54482 255 191 0
5.7033 -8.5616 2.48633 255 191 0
17.756 5.31686 9.03096 255 191 0
18.1576 -6.13598 8.65524 255 191 0
19.8906 49.3771 -5.92827 255 191 0
19.37 39.7082 -6.00044 255 191 0
10.4215 10.1309 5.39591 255 191 0
3.49784 -9.89667 -4.99448 255 191 0
4.15233 -16.2638 -0.504223 255 191 0
13.1998 52.3649 -9.85279 255 191 0
9.67753 -1.94449 6.7005 255 191 0
23.0602 31.8138 -5.15688 255 191 0
8.68758 -13.2302 -0.480735 255 191 0
15.7666 48.7455 -5.28679 255 191 0
14.1116 56.0233 -9.57319 255 191 0
9.72932 -0.671097 -0.311814 255 191 0
20.8982 4.38221 7.81346 255 191 0
6.46322 16.9149 -0.293476 255 191 0
17.3196 36.9799 -1.19255 255 191 0
10.8538 -12.3067 -8.16098 255 191 0
16.0538 -32.831 -10.6829 255 191 0
12.8118 50.1128 -6.63879 255 191 0
17.2544 -22.2365 -13.5013 255 191 0
20.6557 38.3182 -2.01073 255 191 0
6.98903 10.2181 1.55838 255 191 0
14.4153 -21.6125 -8.70535 255 191 0
8.74445 -1.33885 -2.0046 255 191 0
15.3256 -17.1019 -9.92884 255 191 0
22.6676 18.4824 0.766423 255 191 0
8.48684 -5.57461 -6.85574 255 191 0
11.4682 -22.3828 -6.75442 255 191 0
11.6157 -19.953 -7.23079 255 191 0
13.7075 51.4233 -6.38641 255 191 0
17.0728 28.2379 -2.00564 255 191 0
17.8276 -29.101 -11.4791 255 191 0
11.2882 -0.693175 2.10892 255 191 0
11.0437 -11.6172 -12.0173 255 191 0
13.3034 11.0288 7.19741 255 191 0
6.60424 13.2303 0.560408 255 191 0
16.4871 -23.5241 -9.54842 255 191 0
17.4318 44.7493 -3.84369 255 191 0
18.971 51.1154 -9.98661 255 191 0
13.9819 16.7687 5.22039 255 191 0
9.39328 -9.88259 -11.8403 255 191 0
18.9408 22.4703 3.46364 255 191 0
20.3981 0.175603 8.94287 255 191 0
22.4494 44.105 -4.96926 255 191 0
20.6711 49.9862 -6.46017 255 191 0
3.43075 -6.78357 -5.56502 255 191 0
15.6624 49.9987 -8.99076 255 191 0
20.694 1.01881 8.00192 255 191 0
3.41806 -8.76207 -6.86548 255 191 0
12.2823 19.6554 4.46891 255 191 0
22.0511 32.1415 -4.66298 255 191 0
16.7353 -17.1863 -12.2315 255 191 0
11.0842 37.5155 -4.66105 255 191 0
11.0815 -10.3022 4.12599 255 191 0
5.06997 -12.9701 -10.4458 255 191 0
5.39401 -16.8656 -9.84301 255 191 0
10.9422 -13.8755 -7.88861 255 191 0
9.30751 15.455 3.26229 255 191 0
11.8496 17.435 4.87882 255 191 0
6.75654 -21.939 -9.61348 255 191 0
19.5574 47.5579 -5.12632 255 191 0
5.972 -2.12573 -8.39245 255 191 0
7.31596 15.7005 1.061 255 191 0
10.7916 10.3431 -1.12828 255 191 0
14.6149 -31.5923 -11.8749 255 191 0
4.2392 -2.09812 -1.9797 255 191 0
16.2825 43.0603 -3.29078 255 191 0
17.089 -19.8714 -10.7728 255 191 0
18.9604 18.7548 4.64947 255 191 0
15.3244 -31.078 -8.39374 255 191 0
13.5092 -24.5943 -12.7886 255 191 0
8.57733 -3.35016 6.085 255 191 0
12.3664 46.6578 -5.85999 255 191 0
13.7243 17.9341 4.77804 255 191 0
11.3313 35.0159 -3.05189 255 191 0
14.5541 -31.4625 -7.45231 255 191 0
10.1791 -25.5916 -11.2815 255 191 0
9.97407 5.32813 5.91677 255 191 0
14.8013 18.4464 4.59346 255 191 0
11.3171 18.2876 4.3152 255 191 0
10.9312 -5.91574 7.13544 255 191 0
10.0212 -27.7242 -10.8193 255 191 0
7.97891 -23.8051 -2.79468 255 191 0
17.0016 -18.9711 -10.1746 255 191 0
10.5538 23.7764 0.209919 255 191 0
18.7617 1.15515 10.1005 255 191 0
9.12758 6.75736 -3.07456 255 191 0
15.3802 55.6594 -7.65451 255 191 0
22.4574 17.5412 3.9961 255 191 0
16.1471 41.8304 -6.53895 255 191 0
14.9335 20.313 3.90422 255 191 0
11.6904 -2.74052 3.18795 255 191 0
6.05184 -21.6097 -3.08029 255 191 0
12.9961 41.5864 -7.00709 255 191 0
12.2824 -12.1736 -12.0644 255 191 0
9.37136 22.3517 1.84561 255 191 0
17.7504 50.7848 -9.4553 255 191 0
21.6193 36.0412 -1.51734 255 191 0
19.7566 2.09315 10.1316 255 191 0
13.3312 -18.0473 -13.7213 255 191 0
19.8521 21.5299 3.70338 255 191 0
18.4981 -24.4081 -13.0389 255 191 0
13.7418 -5.04978 5.61064 255 191 0
17.7202 17.1522 5.03183 255 191 0
18.1842 0.97085 6.50945 255 191 0
11.0046 5.4629 6.82688 255 191 0
17.6601 -28.0329 -11.5788 255 191 0
21.1592 32.539 -4.33709 255 191 0
8.31717 -13.9495 -3.0816 255 191 0
14.1636 34.6133 -0.977722 255 191 0
10.2597 31.1279 -5.03121 255 191 0
7.63904 -7.82763 5.69138 255 191 0
11.535 0.280526 7.49332 255 191 0
6.52209 11.035 0.790703 255 191 0
14.6934 -26.4529 -12.7493 255 191 0
6.4481 -14.3665 1.92403 255 191 0
15.7088 -5.71832 8.59277 255 191 0
12.8779 -18.0817 -8.40388 255 191 0
3.54105 -16.7741 -5.6981 255 191 0
11.5235 43.5885 -7.7765 255 191 0
8.70325 19.0047 -4.63822 255 191 0
8.35377 -17.5759 -1.55575 255 191 0
17.1596 -30.7465 -12.2905 255 191 0
8.35943 -3.88448 -2.59591 255 191 0
8.87444 -4.71851 -7.70197 255 191 0
17.3706 -18.2099 -12.5085 255 191 0
11.9364 9.29613 0.392997 255 191 0
19.9956 -4.9451 9.69595 255 191 0
10.7476 33.1828 -6.26853 255 191 0
19.0689 53.0161 -8.81609 255 191 0
15.8123 2.68542 5.04894 255 191 0
23.5746 38.9886 -8.02317 255 191 0
13.2488 -28.3443 -6.78743 255 191 0
9.65054 7.51297 -2.21738 255 191 0
18.8005 36.6733 -4.85351 255 191 0
3.57233 -10.7341 -4.17703 255 191 0
10.2567 3.63248 -0.368665 255 191 0
8.10968 -3.26797 -6.10039 255 191 0
12.8658 -23.4188 -12.794 255 191 0
16.1075 1.56971 5.47569 255 191 0
8.17107 -2.39026 -7.24803 255 191 0
8.30313 -24.4263 -4.02789 255 191 0
17.4573 -0.0511793 6.53618 255 191 0
8.98069 10.5292 -4.16998 255 191 0
20.7293 9.90886 7.52151 255 191 0
23.9122 38.6174 -6.76331 255 191 0
10.6283 -8.70946 -8.80073 255 191 0
11.7652 -7.70914 4.53719 255 191 0
14.925 15.5305 1.1678 255 191 0
18.5905 42.2115 -6.62725 255 191 0
23.1566 22.0334 0.934507 255 191 0
18.5581 30.6159 0.890382 255 191 0
8.06278 -6.62052 6.02551 255 191 0
11.7115 0.499131 2.19258 255 191 0
5.25014 -11.9965 2.00565 255 191 0
9.14625 13.6777 -4.49896 255 191 0
16.1755 56.1504 -10.2946 255 191 0
4.50121 -7.51533 -9.79878 255 191 0
18.0728 29.8259 -2.56645 255 191 0
11.0043 -27.8521 -11.5116 255 191 0
7.83475 -23.2693 -10.0718 255 191 0
7.11859 -1.82565 3.86479 255 191 0
20.9245 8.7613 7.85998 255 191 0
19.2777 28.6086 1.49238 255 191 0
11.1836 33.0403 -2.53109 255 191 0
13.0068 -23.2654 -7.59126 255 191 0
23.5869 47.9763 -8.95635 255 191 0
12.6635 4.67374 7.32858 255 191 0
16.7575 38.4057 -5.38772 255 191 0
22.9823 24.3259 1.95902 255 191 0
10.9305 -29.3178 -8.77418 255 191 0
9.44952 -27.1587 -7.36378 255 191 0
7.76693 3.99139 -7.25599 255 191 0
8.51145 -2.95194 -8.90127 255 191 0
18.6416 44.8336 -3.95017 255 191 0
12.2089 -3.05131 7.59231 255 191 0
10.0003 27.7482 -5.99499 255 191 0
6.92995 -8.31497 4.67534 255 191 0
21.5333 46.7985 -9.49853 255 191 0
9.41422 12.7286 -3.79669 255 191 0
3.90661 -15.79 -1.63313 255 191 0
17.0779 -32.6799 -11.7969 255 191 0
23.5339 30.6285 -0.483531 255 191 0
5.72298 7.34975 -5.53049 255 191 0
14.1679 45.2138 -4.3559 255 191 0
8.90663 -9.90954 0.155895 255 191 0
8.69255 -3.59284 -1.50165 255 191 0
8.91682 -12.7113 -5.52331 255 191 0
16.1803 -31.7515 -10.2272 255 191 0
15.5969 -1.50422 6.05308 255 191 0
9.5449 6.06902 -2.08445 255 191 0
7.86735 -3.16019 5.14839 255 191 0
12.5286 -7.23898 5.1581 255 191 0
12.2729 32.8758 -0.413902 255 191 0
17.7472 29.7223 1.14788 255 191 0
6.47721 -20.46 -9.63991 255 191 0
3.65256 1.22943 -4.32339 255 191 0
18.2584 51.4636 -6.32274 255 191 0
14.5724 -20.3834 -13.583 255 191 0
12.3703 -31.3241 -9.23509 255 191 0
23.0998 35.7955 -2.09595 255 191 0
14.7298 28.347 1.0875 255 191 0
20.2411 35.0662 -0.796221 255 191 0
3.97262 -1.18808 -6.9171 255 191 0
21.2016 41.7716 -3.44714 255 191 0
14.9479 5.92924 7.69318 255 191 0
8.10672 1.39018 -5.17957 255 191 0
10.8961 36.5352 -4.99127 255 191 0
7.41785 -18.7599 -0.716962 255 191 0
17.1795 1.28957 6.04317 255 191 0
9.90261 -2.50776 0.658896 255 191 0
18.1547 13.7559 2.66641 255 191 0
12.3729 29.3144 0.9977 255 191 0
6.69826 1.41784 -7.54537 255 191 0
6.19169 -19.373 -9.72175 255 191 0
16.0654 -15.4491 -10.965 255 191 0
16.1259 28.5323 1.33233 255 191 0
9.69014 14.172 3.87974 255 191 0
15.3656 -7.14959 7.98066 255 191 0
10.8235 -23.6545 -11.9778 255 191 0
6.01845 0.324725 -7.46002 255 191 0
17.4665 50.4607 -5.87449 255 191 0
13.7607 38.3855 -2.05179 255 191 0
9.30009 -17.284 -5.55875 255 191 0
24.1497 30.7857 -4.94287 255 191 0
8.66582 -23.1321 -3.73523 255 191 0
18.2112 48.0311 -5.05543 255 191 0
10.8242 -12.2433 4.25234 255 191 0
13.998 43.9676 -3.99271 255 191 0
18.4403 34.905 -4.26629 255 191 0
11.5107 23.902 -3.46432 255 191 0
19.5291 -2.76781 10.4948 255 191 0
3.63481 -2.23524 -5.60662 255 191 0
12.9958 -16.5328 -8.80355 255 191 0
17.0472 26.7688 -1.52881 255 191 0
18.8479 33.3405 -0.013499 255 191 0
18.1426 35.2055 -0.604324 255 191 0
23.111 24.5272 -2.36318 255 191 0
3.6525 -19.3239 -5.89043 255 191 0
20.8625 16.7787 5.24107 255 191 0
23.7491 26.2019 -1.95497 255 191 0
19.0564 5.90036 5.30699 255 191 0
10.8844 23.9113 2.74992 255 191 0
24.3669 31.9217 -2.78535 255 191 0
23.9066 39.4516 -4.06923 255 191 0
5.82111 2.61108 1.01369 255 191 0
13.0785 48.1529 -5.48362 255 191 0
4.16364 7.14441 -3.22213 255 191 0
15.1898 4.25629 4.29643 255 191 0
8.78796 -17.5247 -4.67248 255 191 0
8.92384 -10.9962 -5.78025 255 191 0
14.6518 29.3457 0.787588 255 191 0
5.19677 7.08311 -0.803082 255 191 0
18.0046 49.6503 -9.09111 255 191 0
11.4318 28.3767 -0.209804 255 191 0
15.5221 46.1616 -7.81966 255 191 0
9.73393 25.6224 -5.95403 255 191 0
16.1191 -28.2768 -12.6144 255 191 0
18.5703 -23.2706 -12.8453 255 191 0
3.57011 4.64354 -4.95102 255 191 0
22.422 17.4565 0.92621 255 191 0
23.0021 28.3037 0.607384 255 191 0
12.452 -13.0474 -9.29025 255 191 0
21.4967 47.7533 -5.93283 255 191 0
4.97238 13.8462 -2.35771 255 191 0
9.78983 9.20855 4.9907 255 191 0
17.2908 18.7445 0.990172 255 191 0
20.8428 35.8735 -5.32108 255 191 0
6.9954 4.89721 -7.04193 255 191 0
16.138 4.67093 4.63647 255 191 0
15.4571 -16.9507 -13.2418 255 191 0
19.0836 14.6187 2.54497 255 191 0
5.47562 -4.86546 1.41628 255 191 0
15.2132 -26.7734 -8.16804 255 191 0
16.9186 7.82466 4.12657 255 191 0
12.842 14.8524 6.08944 255 191 0
6.95035 14.4337 -4.63499 255 191 0
16.0199 5.57669 8.23201 255 191 0
24.421 33.6322 -3.14503 255 191 0
24.2037 37.056 -5.00639 255 191 0
13.0495 46.4301 -8.18738 255 191 0
11.3058 -18.7134 -7.20596 255 191 0
16.7641 -29.0694 -10.6279 255 191 0
22.5817 48.662 -9.15103 255 191 0
9.4292 20.0597 2.43786 255 191 0
11.2035 39.8174 -5.64618 255 191 0
15.6665 12.9924 6.81059 255 191 0
23.2718 26.6051 1.05047 255 191 0
13.9056 -27.2176 -12.5462 255 191 0
4.62111 9.66216 -3.85953 255 191 0
6.44231 -3.99071 3.14178 255 191 0
16.5523 1.52844 8.99541 255 191 0
6.13735 3.34811 -6.92008 255 191 0
11.5534 -13.1789 -8.54624 255 191 0
8.7239 -4.28249 -9.38826 255 191 0
10.5735 -8.75164 3.1811 255 191 0
11.7887 46.3172 -7.63318 255 191 0
14.5809 25.5773 -1.80338 255 191 0
11.7283 -23.0799 -12.4853 255 191 0
17.0182 23.8609 2.89374 255 191 0
6.28305 -5.305 3.05621 255 191 0
22.2027 16.6754 4.91657 255 191 0
21.1629 21.2937 3.56081 255 191 0
9.9985 22.6881 0.301494 255 191 0
4.06528 -19.1067 -7.41313 255 191 0
9.66828 -26.5979 -10.764 255 191 0
13.9713 15.6914 5.62708 255 191 0
21.5906 40.8517 -7.53045 255 191 0
15.9769 -23.9223 -13.2056 255 191 0
17.2002 -19.5141 -13.5082 255 191 0
14.971 11.5297 2.26711 255 191 0
10.3162 25.2801 -1.24894 255 191 0
15.9552 36.9163 -4.98387 255 191 0
6.76655 7.01385 -6.55459 255 191 0
18.3593 12.5982 3.09162 255 191 0
23.8478 47.2494 -8.03349 255 191 0
7.48664 7.32329 2.77663 255 191 0
9.48456 22.4107 -0.90842 255 191 0
19.4052 26.1115 2.27334 255 191 0
16.2621 46.5236 -4.4852 255 191 0
20.4957 -3.24142 8.00137 255 191 0
12.5519 53.2664 -9.03782 255 191 0
11.9784 48.5024 -8.4625 255 191 0
8.34764 -12.5263 -2.32665 255 191 0
11.0964 16.2478 4.63139 255 191 0
14.2387 16.7286 0.475778 255 191 0
9.90388 -23.9119 -4.9009 255 191 0
12.3676 51.6339 -8.63641 255 191 0
7.9937 -10.0743 4.91582 255 191 0
8.19734 -7.45034 -2.38858 255 191 0
13.9569 -33.2164 -7.46379 255 191 0
10.1476 15.1239 4.11944 255 191 0
19.6407 15.304 5.68887 255 191 0
16.0562 -26.0952 -12.9027 255 191 0
22.463 34.7371 -1.38411 255 191 0
23.5134 24.5921 -0.298402 255 191 0
7.81594 -0.332854 4.5766 255 191 0
4.41057 -0.78774 -1.65555 255 191 0
14.1657 37.3553 -5.38872 255 191 0
10.6848 21.6039 3.11198 255 191 0
10.7897 7.6473 6.20027 255 191 0
6.04974 11.1961 -4.6053 255 191 0
4.75189 1.22413 -1.01526 255 191 0
10.2713 26.7755 -2.28113 255 191 0
4.33846 1.62006 -2.11872 255 191 0
4.73586 6.67436 -4.90427 255 191 0
10.9218 -8.10626 6.57004 255 191 0
19.9855 38.6019 -5.90332 255 191 0
16.8328 2.69902 5.51668 255 191 0
4.77574 2.41338 -1.11007 255 191 0
16.1386 -6.03129 7.39925 255 191 0
9.87144 -11.5729 2.35748 255 191 0
13.9713 13.9317 6.47368 255 191 0
24.4576 34.2671 -4.72568 255 191 0
8.92116 -9.01476 -11.4883 255 191 0
9.74386 7.84092 5.20094 255 191 0
3.70318 -14.2404 -7.59691 255 191 0
20.5506 14.4682 2.32564 255 191 0
5.39868 8.71659 -0.714876 255 191 0
7.62618 -21.1493 -10.2186 255 191 0
19.9121 33.3022 -4.0972 255 191 0
4.78097 -11.8722 -10.4672 255 191 0
17.4887 -4.38858 9.18333 255 191 0
14.0969 -27.8181 -7.43655 255 191 0
18.0899 -21.3885 -12.4489 255 191 0
20.8677 14.7456 5.95344 255 191 0
16.3813 -3.76442 8.99125 255 191 0
4.79665 -9.93424 -10.7381 255 191 0
9.74983 21.8451 -5.1426 255 191 0
10.3811 16.3785 -2.98211 255 191 0
18.5703 19.944 4.27074 255 191 0
4.72036 10.0751 -2.25391 255 191 0
10.688 24.2953 1.78778 255 191 0
24.3713 32.0541 -4.70165 255 191 0
7.03213 4.45892 2.62802 255 191 0
11.1086 22.8969 -3.72924 255 191 0
3.46914 -11.0429 -5.28583 255 191 0
20.8377 26.4944 -2.12096 255 191 0
12.1426 43.7821 -5.16927 255 191 0
14.551 48.1988 -8.59783 255 191 0
21.5261 39.5076 -2.71547 255 191 0
17.1109 42.7455 -6.65763 255 191 0
10.6278 -23.8974 -5.71123 255 191 0
18.5138 -25.4574 -12.508 255 191 0
10.3455 32.4957 -5.42163 255 191 0
20.147 44.2643 -4.04474 255 191 0
4.30585 -5.92878 -1.36895 255 191 0
7.60573 17.6747 1.05932 255 191 0
7.98942 -25.4719 -5.85561 255 191 0
17.9834 6.11814 5.05873 255 191 0
17.5779 6.99766 4.69388 255 191 0
12.8981 -3.68279 7.97163 255 191 0
15.3685 -29.6786 -8.23241 255 191 0
21.9011 37.6694 -6.57067 255 191 0
23.9493 31.9843 -1.21115 255 191 0
4.46042 0.394527 -1.67429 255 191 0
9.15666 20.0791 -5.30824 255 191 0
11.624 -29.3116 -7.56267 255 191 0
9.76717 -20.9653 -5.36521 255 191 0
8.47362 5.29853 -4.3822 255 191 0
13.3493 -13.8524 -12.6181 255 191 0
4.85218 -9.30786 0.558014 255 191 0
23.0097 20.9916 0.314015 255 191 0
13.1203 -15.3172 -9.073 255 191 0
8.47033 6.83394 4.03548 255 191 0
12.5144 22.2294 -2.13342 255 191 0
15.7773 27.4854 1.59045 255 191 0
3.45519 -6.80609 -8.10002 255 191 0
3.79561 -12.628 -8.42196 255 191 0
14.1163 13.3887 1.27766 255 191 0
5.36773 -24.8397 -6.55409 255 191 0
21.8719 28.6984 0.926175 255 191 0
3.6665 -12.709 -3.35043 255 191 0
5.11673 -1.6748 0.217625 255 191 0
16.9496 -20.989 -10.4465 255 191 0
17.5651 41.9552 -2.86104 255 191 0
12.0183 11.4203 -0.0280115 255 191 0
6.05892 6.00943 -6.24603 255 191 0
22.0815 18.4748 4.91415 255 191 0
18.0994 46.1095 -7.87427 255 191 0
3.50471 -14.8289 -5.54212 255 191 0
13.2134 -12.2041 -9.82673 255 191 0
15.0133 23.7872 -1.12416 255 191 0
10.89 25.8513 -0.223599 255 191 0
16.7351 40.1451 -2.28228 255 191 0
17.3963 19.4116 4.33294 255 191 0
16.3381 9.33624 7.85267 255 191 0
24.344 31.3673 -3.72795 255 191 0
5.86167 5.72813 0.605763 255 191 0
4.75176 6.59173 -1.68651 255 191 0
4.9016 -22.831 -4.40015 255 191 0
20.0586 3.21656 9.68654 255 191 0
20.9699 51.3694 -8.33433 255 191 0
9.52392 4.28938 5.6737 255 191 0
13.6427 -2.13463 4.86564 255 191 0
16.5516 49.6477 -5.57473 255 191 0
21.6977 9.47999 5.5367 255 191 0
20.4431 -1.00256 8.65444 255 191 0
12.1311 -10.5124 -9.63619 255 191 0
8.06618 1.61136 4.53414 255 191 0
8.39838 -1.29167 -8.2473 255 191 0
3.50534 -15.951 -4.92031 255 191 0
19.1279 22.5771 -0.236033 255 191 0
16.7116 4.53904 8.6676 255 191 0
8.12187 -1.46796 -4.68089 255 191 0
16.4539 54.7968 -7.34954 255 191 0
17.261 15.8938 1.89168 255 191 0
15.1306 49.826 -5.70742 255 191 0
10.3223 12.941 4.73638 255 191 0
10.2066 -5.91217 -9.10027 255 191 0
15.7649 19.264 4.20451 255 191 0
16.4695 32.6872 -3.55249 255 191 0
15.7359 27.7097 -2.03663 255 191 0
13.2098 -7.61949 6.15028 255 191 0
21.375 21.2069 -0.160336 255 191 0
8.73945 9.5445 -4.52612 255 191 0
7.1014 19.8772 -0.5254 255 191 0
11.3129 -26.6322 -11.8307 255 191 0
24.4048 35.1565 -5.65085 255 191 0
21.6357 11.7004 6.35022 255 191 0
21.9237 25.539 -2.269 255 191 0
5.44321 -14.9661 -10.2379 255 191 0
22.037 29.5268 -3.41377 255 191 0
8.92869 -7.27145 -7.02111 255 191 0
16.8805 51.5192 -9.54067 255 191 0
9.80578 -14.1965 -6.63644 255 191 0
8.7344 -8.85074 -0.463789 255 191 0
17.7963 24.783 2.68307 255 191 0
10.6834 -1.51987 7.06635 255 191 0
11.7362 -10.7768 5.13499 255 191 0
19.5204 26.2897 -1.61945 255 191 0
15.4138 35.1794 -4.47437 255 191 0
20.1428 40.3293 -2.61084 255 191 0
15.7407 24.7599 -1.20185 255 191 0
18.7941 33.7641 -3.94454 255 191 0
9.12628 -6.83129 6.27294 255 191 0
17.7194 -20.9836 -13.7093 255 191 0
19.8132 45.6828 -4.47519 255 191 0
18.1101 40.0055 -2.21807 255 191 0
13.0123 -8.16491 7.2438 255 191 0
12.8969 43.5796 -3.73963 255 191 0
15.1078 -6.38066 6.97685 255 191 0
11.9497 11.648 6.27031 255 191 0
7.83608 16.5395 -5.21953 255 191 0
21.3226 13.7203 2.41547 255 191 0
16.7794 -5.88269 8.78871 255 191 0
10.2852 17.9304 3.61689 255 191 0
10.9489 37.9272 -5.68864 255 191 0
17.2056 46.7095 -7.95352 255 191 0
10.1581 15.2001 -3.11024 255 191 0
19.0418 34.6942 -0.483996 255 191 0
16.6344 -30.7394 -10.3142 255 191 0
10.8615 17.3094 -2.68005 255 191 0
4.90674 -19.2398 -1.87165 255 191 0
9.16757 -8.4811 -7.19897 255 191 0
13.2338 3.1755 3.12921 255 191 0
17.4663 8.10074 8.21008 255 191 0
18.5708 -26.4936 -12.6975 255 191 0
18.5905 2.73158 9.82601 255 191 0
3.34843 -4.82646 -6.55998 255 191 0
3.50603 -12.6424 -4.72236 255 191 0
17.3775 48.6644 -5.23639 255 191 0
12.4454 -8.40613 5.3967 255 191 0
7.68096 11.6979 -6.46997 255 191 0
9.9128 28.1607 -4.5911 255 191 0
11.372 8.15086 0.00413686 255 191 0
9.70961 3.10165 -1.21833 255 191 0
14.5224 39.1824 -2.34426 255 191 0
16.0187 47.7133 -8.24853 255 191 0
14.1334 -30.1783 -7.16361 255 191 0
10.9597 -2.80314 7.2189 255 191 0
23.5004 43.7382 -5.53135 255 191 0
14.943 40.261 -6.22614 255 191 0
18.9961 25.0048 2.64959 255 191 0
17.8573 54.4085 -8.95026 255 191 0
14.5492 -2.11771 8.44919 255 191 0
13.1554 -7.06464 7.58834 255 191 0
8.06498 -7.27308 -4.66494 255 191 0
24.3711 33.0328 -5.29639 255 191 0
16.7521 -25.0331 -13.0636 255 191 0
20.772 33.6356 -0.43299 255 191 0
18.9338 25.2454 -1.16677 255 191 0
9.80599 -10.5636 2.09566 255 191 0
21.7836 22.8488 2.89155 255 191 0
12.3824 28.2209 1.39773 255 191 0
22.5182 30.794 -0.0248409 255 191 0
12.3423 -30.1359 -7.41114 255 191 0
6.19484 8.30229 0.745987 255 191 0
11.3853 -10.9801 -8.8885 255 191 0
15.4632 36.7988 -1.38222 255 191 0
15.5636 -20.5466 -9.18544 255 191 0
12.2582 -29.9847 -11.5517 255 191 0
4.3851 -17.3444 -0.81461 255 191 0
21.8237 24.3901 2.37465 255 191 0
9.39634 11.5623 -3.55206 255 191 0
20.7917 43.1313 -3.82293 255 191 0
12.7746 36.0211 -5.58004 255 191 0
12.0516 -19.3251 -13.1544 255 191 0
3.58123 -17.5438 -3.46958 255 191 0
14.3488 35.8153 -1.30843 255 191 0
8.30959 15.9501 -6.10504 255 191 0
21.7933 50.4407 -7.89284 255 191 0
16.7311 11.7273 7.17977 255 191 0
17.8256 39.6384 -5.70194 255 191 0
8.94513 -21.5445 -4.39235 255 191 0
12.024 10.5732 6.55903 255 191 0
3.71301 -10.6527 -8.64358 255 191 0
18.2347 -3.70423 7.77753 255 191 0
5.45454 -20.6194 -9.0779 255 191 0
19.4596 35.8596 -4.77901 255 191 0
23.1851 43.5646 -9.26649 255 191 0
20.9789 25.3235 2.29605 255 191 0
7.69271 10.3444 2.475 255 191 0
5.31248 -13.7537 2.13373 255 191 0
9.63342 26.8066 -5.83345 255 191 0
7.18866 16.0984 -2.78797 255 191 0
23.6363 33.8325 -1.71524 255 191 0
8.12138 -9.55161 -3.50763 255 191 0
4.20124 5.88813 -2.95675 255 191 0
16.4206 31.7865 0.385994 255 191 0
6.5094 13.5846 -3.84479 255 191 0
17.2994 -28.3447 -12.5855 255 191 0
9.48823 -5.74129 -8.29119 255 191 0
23.6012 45.2151 -8.39503 255 191 0
14.9044 36.3315 -4.89771 255 191 0
4.42791 -14.7003 0.181458 255 191 0
8.54008 19.3146 1.7372 255 191 0
4.93938 -20.167 -2.69527 255 191 0
21.6595 49.8784 -9.14545 255 191 0
8.83291 3.49597 5.08564 255 191 0
23.8727 46.1405 -7.49404 255 191 0
7.07364 10.1263 -6.28198 255 191 0
8.29109 -12.1292 -3.31911 255 191 0
20.7304 5.63365 8.35873 255 191 0
9.53691 8.58213 -2.57876 255 191 0
8.01358 -4.94419 -9.91215 255 191 0
6.74028 -11.2613 4.10653 255 191 0
7.85581 14.3792 1.92293 255 191 0
12.0642 12.9892 -0.352418 255 191 0
23.9858 39.7539 -5.22303 255 191 0
8.43096 -13.2893 -1.54974 255 191 0
8.44089 -11.1865 -1.34817 255 191 0
8.67152 20.8992 -2.61206 255 191 0
16.5555 -1.31262 6.51965 255 191 0
11.7407 39.4215 -3.68523 255 191 0
23.3161 41.7048 -8.48495 255 191 0
10.9199 29.8522 -1.77644 255 191 0
20.8555 1.81868 7.29842 255 191 0
7.86684 -14.9113 2.20119 255 191 0
6.9905 -5.35962 -10.1344 255 191 0
16.15 31.1219 -3.04147 255 191 0
6.95984 -15.4826 -10.9629 255 191 0
13.9894 22.5445 3.21309 255 191 0
11.4571 15.0555 5.17312 255 191 0
8.97339 -11.3297 0.370834 255 191 0
12.2924 47.7321 -6.56837 255 191 0
19.4074 27.4414 1.8573 255 191 0
11.2455 29.1838 -0.896731 255 191 0
14.9201 7.67384 3.10756 255 191 0
13.3099 -0.177027 3.98942 255 191 0
21.7667 10.6943 5.65801 255 191 0
8.13429 -0.363239 -7.31506 255 191 0
17.1792 -23.7515 -13.2548 255 191 0
10.5675 13.5345 -2.24422 255 191 0
21.2218 44.9284 -4.66792 255 191 0
6.08974 -16.0378 -10.3479 255 191 0
21.3342 10.7983 7.22782 255 191 0
9.25458 25.218 -4.67227 255 191 0
14.9195 38.0623 -5.5079 255 191 0
6.81832 -7.32997 4.3237 255 191 0
9.66937 18.9045 2.89105 255 191 0
8.26554 13.3753 2.58428 255 191 0
11.3388 38.6721 -4.45423 255 191 0
10.1163 -1.16751 0.526556 255 191 0
10.1689 0.154725 0.295665 255 191 0
13.4939 42.6165 -7.22217 255 191 0
9.28219 4.78383 -2.27666 255 191 0
14.5808 10.5355 7.36225 255 191 0
11.7171 -29.7288 -10.6699 255 191 0
11.9591 -17.9844 -7.86358 255 191 0
9.45354 -9.47225 1.25799 255 191 0
18.9521 16.1823 2.04027 255 191 0
4.59523 -20.2529 -8.36676 255 191 0
3.58996 -18.6463 -3.18695 255 191 0
5.61912 4.10623 0.409781 255 191 0
7.61997 16.8834 -3.807 255 191 0
17.6731 18.2081 4.71632 255 191 0
19.2781 -5.92281 9.113 255 191 0
17.4745 33.8722 -0.177731 255 191 0
4.54617 4.4873 -1.90967 255 191 0
12.7899 24.5045 -2.52208 255 191 0
23.6321 43.4403 -7.91724 255 191 0
5.58858 -1.85472 1.22521 255 191 0
18.5152 4.63079 9.5067 255 191 0
7.49931 12.9992 1.77348 255 191 0
15.5943 -2.7241 8.65938 255 191 0
10.955 -4.34056 2.83532 255 191 0
11.8822 37.0425 -2.61094 255 191 0
3.79304 6.0632 -4.16077 255 191 0
3.63019 -0.581809 -5.39253 255 191 0
11.8454 27.1491 0.915318 255 191 0
22.8877 38.0655 -7.42908 255 191 0
14.2606 43.9625 -7.42116 255 191 0
8.39932 -6.5873 -1.61489 255 191 0
8.49599 -9.74578 -5.10781 255 191 0
11.2751 -26.4938 -5.67441 255 191 0
14.5193 8.14892 7.6609 255 191 0
12.4997 -16.3314 -13.4156 255 191 0
9.28956 -10.4824 1.03277 255 191 0
14.2572 9.02342 2.51441 255 191 0
17.2196 20.5147 3.97265 255 191 0
4.80227 -8.50022 -10.2786 255 191 0
15.4929 53.7703 -6.99621 255 191 0
16.6835 56.0025 -7.8788 255 191 0
18.5094 52.5159 -6.76596 255 191 0
19.6998 20.4506 4.05752 255 191 0
19.9717 1.00687 9.90928 255 191 0
24.3298 36.4368 -3.68376 255 191 0
19.2323 49.6282 -9.52107 255 191 0
12.1256 25.5481 -3.27721 255 191 0
4.02938 -0.0345934 -2.83524 255 191 0
3.52944 -7.80701 -4.64809 255 191 0
16.5037 11.2772 3.04887 255 191 0
13.4626 25.5406 -2.40477 255 191 0
19.3901 4.36656 5.79067 255 191 0
21.8362 12.9206 5.88432 255 191 0
11.838 17.3993 -1.57125 255 191 0
11.2185 41.0357 -6.50554 255 191 0
13.4718 38.7088 -6.0475 255 191 0
11.6724 2.13957 1.73695 255 191 0
6.36512 9.85958 0.74549 255 191 0
16.792 6.97341 8.18368 255 191 0
13.2631 13.6645 0.55428 255 191 0
13.1035 2.05965 7.66956 255 191 0
7.62682 20.7343 -1.45596 255 191 0
11.8022 22.7565 -2.93136 255 191 0
4.44448 -7.20334 -0.808753 255 191 0
6.99621 -22.0717 -2.55335 255 191 0
17.665 -22.5921 -12.1102 255 191 0
5.33536 10.4747 -3.95516 255 191 0
20.6449 28.5849 1.30023 255 191 0
4.65212 -4.01919 -0.59103 255 191 0
11.9246 -30.4539 -8.4176 255 191 0
14.0505 -23.339 -13.064 255 191 0
11.0808 9.56087 -0.46067 255 191 0
11.8575 -9.20832 4.97509 255 191 0
23.1569 38.8254 -3.27297 255 191 0
14.9466 5.32139 3.78721 255 191 0
13.305 47.9815 -8.63491 255 191 0
16.3681 -2.55697 6.75795 255 191 0
15.9633 21.6089 -0.149467 255 191 0
3.76113 -17.0273 -7.00178 255 191 0
14.0516 33.1096 -4.23006 255 191 0
20.7736 2.39075 6.30237 255 191 0
10.2549 -28.4149 -9.70918 255 191 0
4.95117 0.957832 -6.67486 255 191 0
8.88884 -9.28295 -6.08103 255 191 0
9.14565 22.5064 -2.41759 255 191 0
14.2173 6.55592 2.81413 255 191 0
15.8798 44.0194 -7.17184 255 191 0
23.213 40.3229 -8.47864 255 191 0
6.62084 -17.1921 -10.3138 255 191 0
10.017 24.3537 -1.96313 255 191 0
12.3415 -13.0478 -12.5956 255 191 0
12.8413 12.4171 0.498347 255 191 0
8.82635 -18.7614 -4.62104 255 191 0
11.7808 29.322 0.0844841 255 191 0
14.1482 46.1415 -8.02426 255 191 0
8.03257 -0.737458 -6.33308 255 191 0
23.0775 22.7003 1.95956 255 191 0
9.45714 16.0798 -4.54984 255 191 0
12.2822 -26.7908 -6.32051 255 191 0
15.2489 45.6307 -4.27538 255 191 0
15.3336 10.2718 2.79407 255 191 0
9.35972 -9.59806 -7.20488 255 191 0
8.07181 -2.19172 -6.19712 255 191 0
12.4115 41.9289 -3.56948 255 191 0
23.8823 37.7892 -3.3566 255 191 0
7.51823 -5.44045 5.0806 255 191 0
8.47438 12.7898 -5.68458 255 191 0
21.2332 27.4767 -2.61618 255 191 0
14.3244 30.6436 0.309006 255 191 0
15.1075 -32.3876 -11.0991 255 191 0
18.3939 20.9236 3.95437 255 191 0
8.81364 -5.78372 6.22361 255 191 0
18.1471 53.3045 -9.73368 255 191 0
19.9101 14.0122 6.08535 255 191 0
10.6663 27.0514 -5.14719 255 191 0
10.9501 -21.022 -12.4632 255 191 0
21.3676 8.5299 6.77774 255 191 0
8.40706 -18.5497 -0.416068 255 191 0
16.7099 39.7282 -5.80628 255 191 0
15.5307 25.8489 2.01251 255 191 0
16.5135 37.5671 -1.45226 255 191 0
8.04045 4.89034 3.89347 255 191 0
4.1769 -11.3036 -9.73061 255 191 0
8.95424 -25.8068 -5.45039 255 191 0
17.25 53.696 -7.00845 255 191 0
11.7068 13.6034 5.6773 255 191 0
17.5814 34.036 -3.98267 255 191 0
3.85037 -10.2978 -2.65382 255 191 0
13.3792 -25.7478 -7.33239 255 191 0
8.63986 6.74003 -4.17461 255 191 0
10.4157 -10.173 3.11291 255 191 0
24.237 30.6083 -2.35941 255 191 0
8.01787 20.7745 0.200659 255 191 0
3.66761 -0.55687 -4.13807 255 191 0
18.1732 -2.3331 7.38889 255 191 0
17.1956 28.2847 1.56456 255 191 0
12.0123 32.8628 -5.18118 255 191 0
20.2394 43.2873 -7.62794 255 191 0
16.3701 26.4563 2.00161 255 191 0
8.60406 -7.39519 -10.7791 255 191 0
12.3916 -26.0044 -12.3204 255 191 0
12.6165 -22.0269 -12.9266 255 191 0
13.5322 -2.65595 8.20706 255 191 0
21.3912 22.4517 -0.692728 255 191 0
13.8649 23.8771 2.84324 255 191 0
14.9751 17.2853 4.99344 255 191 0
10.7083 25.7708 -4.82722 255 191 0
12.3339 49.0063 -7.11283 255 191 0
11.7416 -21.0159 -7.20162 255 191 0
8.1266 10.2657 -6.02614 255 191 0
14.2717 4.15633 3.71211 255 191 0
21.0996 9.00064 4.07234 255 191 0
8.05192 -6.89143 -3.43737 255 191 0
13.8102 2.5128 3.78053 255 191 0
15.0077 22.1658 3.02912 255 191 0
11.6465 -25.147 -6.14831 255 191 0
4.72304 11.983 -2.50021 255 191 0
11.5409 -27.5717 -6.15305 255 191 0
6.35846 -6.49877 3.39682 255 191 0
17.7855 36.3036 -4.67303 255 191 0
11.653 44.7937 -7.49497 255 191 0
18.4893 -20.4015 -13.1116 255 191 0
13.4001 52.5884 -7.11366 255 191 0
17.1705 43.5995 -3.42765 255 191 0
11.7008 40.9098 -4.78305 255 191 0
12.0482 26.6219 -3.61146 255 191 0
3.52295 -8.44485 -8.17206 255 191 0
13.6399 -13.7611 -9.70867 255 191 0
12.966 53.9995 -8.29718 255 191 0
8.36109 -6.72494 -5.94975 255 191 0
8.06343 -0.197193 -5.40642 255 191 0
7.99843 1.91607 -7.60796 255 191 0
13.5701 -15.1647 -13.1756 255 191 0
23.6509 25.2294 -1.31395 255 191 0
14.2492 50.2706 -9.16991 255 191 0
11.4215 29.1316 -4.80551 255 191 0
13.8412 51.5038 -9.56027 255 191 0
7.37325 0.447366 3.821 255 191 0
21.5267 40.6491 -3.1478 255 191 0
19.7997 18.2471 1.35329 255 191 0
8.93109 -25.7442 -10.3498 255 191 0
20.6388 31.5856 0.290337 255 191 0
5.12796 -4.00632 0.547899 255 191 0
8.96094 -26.4232 -6.59829 255 191 0
20.2556 20.2846 0.539298 255 191 0
11.7878 -16.6176 -8.05453 255 191 0
12.4354 30.5258 0.606024 255 191 0
12.4567 31.7263 -4.61556 255 191 0
9.90439 6.61146 5.5961 255 191 0
13.2908 -31.2885 -7.19239 255 191 0
18.9801 52.1426 -9.79418 255 191 0
6.54925 -1.21987 2.85756 255 191 0
13.797 50.0811 -5.98876 255 191 0
12.6717 43.8939 -7.82521 255 191 0
19.1295 -0.155958 7.01307 255 191 0
4.04175 0.00130435 -6.79515 255 191 0
9.93764 28.8479 -5.73998 255 191 0
6.40237 -25.5583 -8.45863 255 191 0
23.8186 27.6904 -0.807594 255 191 0
18.6676 38.9333 -1.892 255 191 0
19.1103 -1.49303 7.39433 255 191 0
13.681 33.7113 -0.548167 255 191 0
19.6335 41.8517 -6.87978 255 191 0
8.2542 -20.9156 -2.34896 255 191 0
11.2748 -9.10289 6.27086 255 191 0
3.60873 -4.73239 -4.16586 255 191 0
6.52344 -6.60759 -10.4487 255 191 0
7.91838 -16.0549 1.44785 255 191 0
17.7076 12.9268 6.24906 255 191 0
10.274 2.36124 -0.128716 255 191 0
16.6448 48.8951 -8.6379 255 191 0
11.8919 24.1105 3.08813 255 191 0
12.8235 4.21936 2.47296 255 191 0
23.6841 42.3441 -7.40962 255 191 0
5.85423 -4.08194 2.06176 255 191 0
11.0561 12.8234 -1.4142 255 191 0
16.4015 8.60365 3.7006 255 191 0
8.82141 21.1809 -5.45618 255 191 0
22.8992 46.0902 -6.06958 255 191 0
16.4599 47.7528 -4.91385 255 191 0
7.02808 0.331724 -7.86029 255 191 0
15.0993 -18.0592 -13.7072 255 191 0
10.5037 2.29185 6.99119 255 191 0
22.9826 21.2275 2.00673 255 191 0
8.76646 15.2502 -5.48181 255 191 0
4.66442 -8.22675 -0.0622461 255 191 0
23.5834 41.0728 -7.73956 255 191 0
18.7072 9.14875 4.13803 255 191 0
10.4462 -11.5165 4.98183 255 191 0
4.09647 -3.47391 -2.28104 255 191 0
13.5245 -29.6644 -12.1912 255 191 0
4.79997 -12.6593 0.955464 255 191 0
22.6904 18.8706 2.81326 255 191 0
10.9289 34.1142 -3.6266 255 191 0
12.8723 1.6236 3.17483 255 191 0
5.77522 -19.7761 -1.88971 255 191 0
22.2267 13.2946 3.01199 255 191 0
4.31692 -14.4282 -9.27241 255 191 0
7.74295 5.70657 -7.11524 255 191 0
13.3874 -0.269227 7.93867 255 191 0
14.6677 52.5567 -6.64542 255 191 0
4.502 -2.84125 -1.15136 255 191 0
16.6234 -21.7894 -9.53378 255 191 0
15.6524 -28.0032 -8.27949 255 191 0
11.4511 34.8206 -6.12135 255 191 0
3.90068 -14.496 -1.87773 255 191 0
17.1313 35.3812 -4.4512 255 191 0
10.0425 -7.657 -10.3961 255 191 0
11.168 11.7948 -1.06062 255 191 0
20.5077 3.58346 8.71802 255 191 0
16.5436 25.3696 2.36161 255 191 0
3.55217 -8.89079 -4.40181 255 191 0
19.5717 5.27048 9.19274 255 191 0
13.1665 20.0815 -1.087 255 191 0
12.3968 -30.607 -10.4548 255 191 0
8.95274 1.70934 5.56758 255 191 0
6.41587 -0.66479 -7.83834 255 191 0
10.4847 11.3092 -1.81184 255 191 0
11.9474 34.5248 -1.52608 255 191 0
16.125 0.323039 8.94382 255 191 0
10.3054 16.7299 3.9072 255 191 0
15.1391 -23.1559 -13.245 255 191 0
3.54787 -16.4304 -3.97439 255 191 0
17.4711 31.3572 0.626913 255 191 0
17.97 23.6073 -0.451028 255 191 0
9.40753 -3.14775 6.6535 255 191 0
13.756 5.14379 7.42148 255 191 0
22.1062 20.6612 3.92598 255 191 0
17.3 -21.3744 -11.5233 255 191 0
5.0262 4.07709 -0.766801 255 191 0
10.697 31.3236 -6.01515 255 191 0
22.5569 16.9872 2.75004 255 191 0
19.3713 -4.02435 8.07928 255 191 0
10.6096 -15.222 -7.30773 255 191 0
8.71199 -13.8765 -5.02678 255 191 0
15.395 14.0599 6.34636 255 191 0
12.7574 -19.4518 -8.11972 255 191 0
9.63173 -18.4713 -5.69971 255 191 0
10.4653 -25.7144 -5.08448 255 191 0
18.0772 54.1432 -7.70243 255 191 0
17.8163 3.62655 5.70211 255 191 0
18.9863 43.1338 -7.10008 255 191 0
13.2998 -5.76168 7.71431 255 191 0
15.2376 1.44394 8.42861 255 191 0
22.8245 37.5841 -2.59886 255 191 0
16.0743 2.60749 8.65027 255 191 0
12.6588 15.6253 -0.43995 255 191 0
9.65467 10.781 -2.93625 255 191 0
7.55221 2.46256 3.70531 255 191 0
6.75134 7.73197 1.68086 255 191 0
4.58952 -15.8988 0.483113 255 191 0
9.3996 -21.6774 -11.2694 255 191 0
8.54129 -21.8297 -3.43102 255 191 0
17.759 37.6591 -5.11783 255 191 0
21.4283 7.11426 4.9506 255 191 0
4.04894 -15.1528 -8.55469 255 191 0
4.82125 -14.1664 1.2583 255 191 0
9.91766 -8.64861 2.01399 255 191 0
5.17547 -7.08698 1.12204 255 191 0
12.011 6.60479 7.35464 255 191 0
9.42822 -4.70655 0.467039 255 191 0
8.89205 10.9867 3.7389 255 191 0
9.67222 -6.3174 1.27188 255 191 0
7.79363 18.5948 -2.01714 255 191 0
4.36134 10.8518 -3.15285 255 191 0
22.1568 20.0764 0.0872131 255 191 0
9.05544 -5.71878 -0.186135 255 191 0
12.1214 9.43796 6.86905 255 191 0
11.2477 31.2025 -1.59862 255 191 0
12.6503 -9.22197 6.50275 255 191 0
8.62557 8.08115 -4.43165 255 191 0
14.7801 37.6826 -1.80606 255 191 0
23.5685 34.6655 -6.33966 255 191 0
6.618 13.0793 -4.83155 255 191 0
8.67091 20.7034 1.58683 255 191 0
4.48563 -9.61826 -0.418189 255 191 0
11.9067 -7.82646 6.99781 255 191 0
18.9263 53.1903 -7.44275 255 191 0
23.7832 40.6648 -6.45913 255 191 0
7.48272 -8.94908 5.3082 255 191 0
20.3643 28.0549 -2.45015 255 191 0
12.413 42.8385 -7.63888 255 191 0
16.8042 55.93 -9.01104 255 191 0
24.0601 33.5093 -6.24086 255 191 0
4.30511 -4.60989 -1.514 255 191 0
14.3806 -16.3214 -13.3956 255 191 0
16.5612 -20.5366 -13.7712 255 191 0
14.9786 -14.8255 -11.5252 255 191 0
22.4953 40.9517 -3.71624 255 191 0
23.9478 36.5433 -7.04996 255 191 0
20.301 -5.0413 8.65561 255 191 0
22.2673 36.8451 -2.04734 255 191 0
12.5816 51.5276 -9.70656 255 191 0
13.4763 15.8043 0.212226 255 191 0
20.0056 16.3315 1.81093 255 191 0
17.4247 -30.1665 -11.0514 255 191 0
12.2311 -15.1621 -13.193 255 191 0
17.8026 52.0159 -9.93501 255 191 0
9.39339 14.8694 -4.39185 255 191 0
19.587 31.1895 0.621392 255 191 0
15.3577 47.5528 -4.90789 255 191 0
16.1217 51.6737 -6.26299 255 191 0
20.2709 52.1026 -7.87131 255 191 0
9.81514 21.4854 2.46308 255 191 0
17.8674 3.65051 9.36057 255 191 0
10.5089 -11.1924 3.38394 255 191 0
23.1599 21.9576 -0.35241 255 191 0
4.91563 5.34344 -1.14971 255 191 0
4.49689 -17.5469 -8.98687 255 191 0
20.7697 22.4091 3.2782 255 191 0
16.1522 36.0511 -1.01086 255 191 0
17.8112 8.45978 4.3405 255 191 0
6.77444 -18.5532 -10.1427 255 191 0
9.09292 -13.3016 0.664271 255 191 0
10.7602 36.7577 -6.38439 255 191 0
11.6788 42.0402 -5.55729 255 191 0
20.8667 2.95866 7.72867 255 191 0
8.27897 -2.07399 -3.58861 255 191 0
20.4395 29.2416 -2.89197 255 191 0
6.27755 -8.9816 3.64925 255 191 0
9.76602 -27.9748 -8.46711 255 191 0
14.3497 35.0147 -4.61367 255 191 0
19.6727 51.8347 -6.82527 255 191 0
22.0714 14.0354 4.97203 255 191 0
9.00192 -15.1097 0.652014 255 191 0
15.0892 33.8724 -4.06111 255 191 0
21.2308 12.6054 6.89803 255 191 0
6.98473 -25.0716 -6.15042 255 191 0
7.43704 17.3159 -2.16357 255 191 0
8.07259 -8.30364 -3.71456 255 191 0
15.0666 -27.7376 -12.6287 255 191 0
22.6669 31.9861 -0.50205 255 191 0
11.9876 -27.6339 -11.9874 255 191 0
8.53373 -12.2732 -0.93166 255 191 0
21.3562 17.6656 5.19034 255 191 0
20.1818 11.0594 6.96907 255 191 0
18.3773 23.6762 3.07968 255 191 0
7.91407 17.5966 -4.62507 255 191 0
18.521 -3.99393 9.59988 255 191 0
3.80195 -8.69244 -9.44006 255 191 0
20.5197 44.3147 -8.15481 255 191 0
7.88278 6.64069 -6.67693 255 191 0
9.43316 0.742611 6.26566 255 191 0
9.90581 -13.9035 3.08921 255 191 0
14.9524 28.787 -2.65085 255 191 0
9.43975 24.2141 -3.11228 255 191 0
18.5316 36.1938 -0.944694 255 191 0
6.23947 -23.9686 -3.81645 255 191 0
10.9588 -2.4823 2.36575 255 191 0
20.9991 46.0479 -5.01632 255 191 0
20.4301 30.1316 0.824615 255 191 0
12.236 7.70043 7.29824 255 191 0
9.98009 -0.487445 6.99767 255 191 0
13.3567 -24.5106 -7.53203 255 191 0
16.9772 21.9895 -0.0113813 255 191 0
3.93421 -22.6156 -4.99276 255 191 0
16.7968 49.9624 -9.00095 255 191 0
5.81818 16.4882 -1.19886 255 191 0
4.11769 -9.99087 -1.56177 255 191 0
17.0837 2.71718 9.09678 255 191 0
22.5151 27.7986 -2.82324 255 191 0
3.53448 -13.5494 -6.76843 255 191 0
13.709 -18.7114 -8.97878 255 191 0
7.28627 15.5755 -4.31181 255 191 0
14.411 52.8557 -9.90203 255 191 0
23.3904 29.3344 0.0606252 255 191 0
14.6027 9.35794 7.57755 255 191 0
9.59695 -10.3138 5.34526 255 191 0
15.2208 4.58751 8.01088 255 191 0
18.4318 -27.732 -12.5885 255 191 0
11.0836 -7.13019 6.88425 255 191 0
22.5836 45.2502 -5.52026 255 191 0
5.0666 -18.5067 -9.29088 255 191 0
20.9386 45.6444 -8.95786 255 191 0
3.65394 -17.791 -6.28021 255 191 0
11.6772 41.5181 -7.34553 255 191 0
11.9172 -12.1098 -9.11999 255 191 0
7.17901 -0.75105 3.77829 255 191 0
10.191 -13.239 -7.3281 255 191 0
13.2598 9.00816 1.67304 255 191 0
19.0893 37.7251 -5.32475 255 191 0
16.0258 23.6946 -0.774184 255 191 0
4.02991 -10.2047 -9.69215 255 191 0
17.5795 22.5708 3.37129 255 191 0
5.59295 -10.8919 2.61237 255 191 0
20.4227 1.42212 8.90684 255 191 0
4.00407 -20.3626 -3.42071 255 191 0
24.4731 34.6724 -3.34689 255 191 0
11.8813 -1.83029 7.4602 255 191 0
9.09975 -0.262557 -1.39375 255 191 0
11.5194 22.673 3.44492 255 191 0
18.0548 10.1465 7.49642 255 191 0
10.0741 -22.5454 -11.7124 255 191 0
22.1857 15.3516 4.67947 255 191 0
14.3577 -16.6417 -9.69008 255 191 0
3.5737 1.94357 -6.14307 255 191 0
10.9732 18.9074 -2.94904 255 191 0
19.6456 35.8699 -0.961754 255 191 0
23.2181 44.9252 -9.43736 255 191 0
13.923 54.958 -10.5713 255 191 0
7.26604 -19.828 -10.2074 255 191 0
14.1445 -14.7351 -9.91796 255 191 0
12.2142 40.3611 -6.94116 255 191 0
10.9306 -15.4469 -13.0738 255 191 0
8.17662 -19.6407 -2.53938 255 191 0
19.8207 30.418 -3.11185 255 191 0
16.3073 -28.3633 -9.97968 255 191 0
8.56224 2.83204 -3.66505 255 191 0
3.67086 -16.0083 -2.91195 255 191 0
15.0797 19.0911 0.305264 255 191 0
13.4516 26.9168 1.77357 255 191 0
8.76484 4.55006 4.82097 255 191 0
12.6538 -31.4794 -8.0973 255 191 0
14.5444 -24.4352 -8.24772 255 191 0
18.2267 -4.89049 8.05212 255 191 0
19.8617 46.5554 -8.67035 255 191 0
8.01764 0.751613 -7.14118 255 191 0
16.3919 29.1992 -2.38772 255 191 0
19.3535 19.7793 0.82467 255 191 0
9.42795 12.9112 3.89813 255 191 0
9.67367 -10.7285 -7.43479 255 191 0
12.7645 -22.1187 -7.6106 255 191 0
9.2761 -15.7807 -12.3974 255 191 0
5.1931 -3.93627 -9.31409 255 191 0
23.711 26.4036 -0.85991 255 191 0
3.54673 -14.7939 -4.08991 255 191 0
17.3363 45.858 -4.22893 255 191 0
3.80013 -7.54211 -3.07756 255 191 0
7.3305 -6.60762 5.00946 255 191 0
22.6158 49.5825 -8.44614 255 191 0
10.1435 27.9809 -3.23531 255 191 0
12.226 -4.72465 7.64847 255 191 0
9.53989 -12.8238 1.82911 255 191 0
12.8496 16.4394 5.60494 255 191 0
10.9036 -19.6247 -12.6563 255 191 0
20.4058 10.763 3.66785 255 191 0
16.8186 -22.3381 -10.5406 255 191 0
10.3049 -6.33953 2.36102 255 191 0
10.2363 9.09197 -1.49424 255 191 0
10.4899 29.9098 -5.95009 255 191 0
8.29238 -16.4452 -2.08802 255 191 0
13.5934 -25.961 -12.6289 255 191 0
20.4913 41.1102 -7.00961 255 191 0
18.1712 -19.4198 -12.5856 255 191 0
18.3893 -30.4208 -11.7287 255 191 0
3.53554 -3.70925 -4.69064 255 191 0
14.5695 -1.19936 5.30682 255 191 0
21.2522 17.8836 1.15332 255 191 0
4.9631 7.91334 -1.42077 255 191 0
19.9678 4.29204 9.54682 255 191 0
3.65617 -14.0361 -3.23211 255 191 0
17.9577 6.92466 8.56234 255 191 0
24.2015 30.2653 -3.57865 255 191 0
12.0256 19.3128 -1.89763 255 191 0
18.6344 44.8844 -7.63139 255 191 0
20.2133 32.1691 -3.82137 255 191 0
20.6999 23.7441 -1.08117 255 191 0
10.3211 20.224 3.14368 255 191 0
16.6072 9.76983 3.5044 255 191 0
17.9132 2.56509 6.02566 255 191 0
3.49739 3.46679 -5.05836 255 191 0
10.4694 11.5334 5.15168 255 191 0
5.57936 10.6569 -0.653134 255 191 0
5.29512 1.31167 0.175984 255 191 0
9.27542 -3.83677 -8.49916 255 191 0
21.804 9.71933 4.36793 255 191 0
15.8321 -28.9011 -8.79763 255 191 0
15.5443 -30.7382 -12.3068 255 191 0
23.5689 25.8321 0.306013 255 191 0
15.2006 -21.8199 -13.4489 255 191 0
5.83129 -21.7924 -9.00603 255 191 0
6.70637 0.461055 2.83287 255 191 0
8.86084 -2.3829 -1.45348 255 191 0
22.6989 42.6252 -8.97663 255 191 0
14.4475 3.0477 7.93149 255 191 0
8.26021 11.4492 2.95638 255 191 0
24.0971 29.056 -3.16241 255 191 0
7.40257 -12.2305 3.69913 255 191 0
12.1397 6.25762 1.08535 255 191 0
17.6327 13.9928 5.92 255 191 0
9.17166 1.83197 -1.79482 255 191 0
21.1036 7.9716 4.41855 255 191 0
3.52389 -9.54064 -7.85209 255 191 0
9.4789 24.4604 -5.95677 255 191 0
10.5563 14.1179 4.68238 255 191 0
22.0748 42.4647 -4.09228 255 191 0
19.4164 40.9345 -6.44238 255 191 0
12.4517 0.956471 7.60244 255 191 0
20.2088 23.3305 3.08589 255 191 0
7.15738 -2.75174 -8.87809 255 191 0
17.1545 30.2505 -2.71375 255 191 0
11.3456 -14.3118 -13.038 255 191 0
9.88772 -14.5132 -12.7709 255 191 0
23.8972 34.8134 -2.235 255 191 0
23.2121 47.9351 -7.1185 255 191 0
10.2774 -7.58648 2.49266 255 191 0
10.2808 -9.49552 5.8452 255 191 0
4.58263 4.41267 -5.57908 255 191 0
16.5288 54.2365 -10.4392 255 191 0
11.0581 35.5569 -3.96744 255 191 0
10.117 12.1277 -2.42769 255 191 0
3.52911 -18.9062 -4.37874 255 191 0
5.41914 8.47717 -4.92347 255 191 0
3.78044 3.06818 -3.95593 255 191 0
11.7922 44.2162 -6.21963 255 191 0
18.9376 48.5885 -8.9721 255 191 0
8.5331 8.96029 3.71027 255 191 0
4.96724 -23.8634 -5.02871 255 191 0
4.96035 -18.2201 -1.19132 255 191 0
7.5527 -20.4836 -1.55429 255 191 0
11.986 -6.59267 7.45244 255 191 0
11.6343 10.3799 -0.171985 255 191 0
10.5616 -20.4377 -6.26251 255 191 0
15.3958 56.4529 -9.03093 255 191 0
23.7772 44.768 -7.45427 255 191 0
6.65987 11.0188 -5.6835 255 191 0
5.26596 5.55767 -5.67992 255 191 0
3.55264 -4.3927 -7.46075 255 191 0
16.1198 6.8829 3.99928 255 191 0
6.04191 -8.89942 -10.8526 255 191 0
8.33044 -22.6999 -2.67929 255 191 0
15.4276 31.8652 -3.40362 255 191 0
10.1225 -4.38152 1.68154 255 191 0
4.39818 -12.1208 -0.315142 255 191 0
9.36634 -5.68819 -9.73923 255 191 0
5.80889 9.71819 -4.92827 255 191 0
17.5864 -18.5352 -11.5081 255 191 0
11.5095 4.46742 7.3171 255 191 0
10.0571 -6.73055 6.70957 255 191 0
7.73175 19.7954 0.801513 255 191 0
13.5758 -21.2365 -13.2775 255 191 0
10.9784 -17.2859 -13.0686 255 191 0
13.3766 -16.9699 -13.5405 255 191 0
11.6664 32.5642 -1.30281 255 191 0
8.15438 8.99546 -6.02173 255 191 0
8.63751 -14.9447 -12.0935 255 191 0
9.62732 -17.1054 -12.3751 255 191 0
4.29869 -13.3499 -9.47809 255 191 0
9.15215 -7.70715 0.284579 255 191 0
16.422 14.4685 6.17085 255 191 0
21.5448 11.1448 3.31358 255 191 0
24.41 32.6237 -3.73392 255 191 0
5.2663 2.27309 -6.65813 255 191 0
15.332 55.8983 -10.8633 255 191 0
4.0165 -1.2655 -2.79648 255 191 0
22.1061 12.0474 3.48874 255 191 0
14.4602 -15.0632 -12.5678 255 191 0
6.7745 -15.323 1.363 255 191 0
12.9659 -29.4332 -6.57485 255 191 0
13.0591 -31.6298 -10.0752 255 191 0
23.3406 23.7209 0.313955 255 191 0
7.52785 -24.2237 -9.70469 255 191 0
7.54084 12.7632 -6.24473 255 191 0
22.2317 35.7287 -5.96748 255 191 0
17.4311 -3.22105 9.28655 255 191 0
8.17846 -5.59514 -5.72033 255 191 0
18.4401 47.2558 -8.36547 255 191 0
11.9879 39.116 -6.71905 255 191 0
22.5291 21.068 -0.767499 255 191 0
9.87115 -8.84938 -8.11647 255 191 0
13.2799 6.29064 2.12507 255 191 0
11.7642 43.0992 -5.86008 255 191 0
9.65741 11.5238 4.40458 255 191 0
23.8405 43.8501 -6.68405 255 191 0
8.71789 -1.9078 5.96694 255 191 0
4.39128 -18.85 -8.3774 255 191 0
5.24536 3.02002 -0.153446 255 191 0
17.0576 52.563 -6.58184 255 191 0
10.4886 8.67446 5.7357 255 191 0
14.1825 -13.6301 -11.3279 255 191 0
4.62527 -2.59058 -8.22692 255 191 0
3.68731 -7.52266 -9.16494 255 191 0
14.3792 -3.41607 8.55682 255 191 0
13.3999 -28.5777 -12.2947 255 191 0
9.22445 5.77846 5.08365 255 191 0
16.8579 -26.0262 -10.9637 255 191 0
23.9544 41.3015 -5.32929 255 191 0
6.44144 2.03401 2.15405 255 191 0
9.8616 -8.81858 -11.0658 255 191 0
12.2629 40.4627 -3.12704 255 191 0
10.4029 -19.3084 -6.2482 255 191 0
20.2167 37.0913 -5.48342 255 191 0
23.8716 37.7029 -7.38863 255 191 0
3.4356 -10.1469 -6.48316 255 191 0
8.43616 -4.90328 -1.88811 255 191 0
12.4457 8.06043 1.02038 255 191 0
11.232 1.39478 7.32469 255 191 0
17.068 24.2546 -0.704429 255 191 0
15.6894 52.0952 -9.62353 255 191 0
15.6451 -4.88912 6.85565 255 191 0
12.9761 45.3194 -4.45356 255 191 0
8.1199 -17.099 -11.2142 255 191 0
22.8782 42.9845 -4.76032 255 191 0
8.34047 -0.973798 -3.58966 255 191 0
20.1492 3.41364 6.02859 255 191 0
16.9673 5.97153 8.49605 255 191 0
6.6028 -23.5588 -9.22258 255 191 0
18.7263 49.6981 -5.74144 255 191 0
8.68624 19.8898 -4.08969 255 191 0
8.71481 0.31135 -2.55208 255 191 0
11.4538 -0.74255 7.35338 255 191 0
10.9532 38.6837 -6.40838 255 191 0
18.7505 37.1818 -1.30379 255 191 0
18.5213 -29.4257 -12.2218 255 191 0
12.3161 14.2592 -0.421474 255 191 0
9.4624 -12.9926 -6.52578 255 191 0
10.3313 -12.5403 3.30297 255 191 0
15.3775 11.7654 7.17387 255 191 0
23.8781 42.7698 -6.2218 255 191 0
8.92634 5.38667 -3.22334 255 191 0
16.4949 -17.675 -10.0124 255 191 0
23.4651 23.6371 -1.04083 255 191 0
11.8193 -1.37709 2.84278 255 191 0
5.54954 -15.0677 1.37242 255 191 0
5.09939 -10.8171 1.44413 255 191 0
8.16104 -3.59387 -3.74031 255 191 0
19.0376 24.0091 -0.798216 255 191 0
19.889 7.56377 4.69875 255 191 0
13.3959 40.1785 -6.47512 255 191 0
17.529 21.5085 3.70638 255 191 0
8.83546 -7.00267 -0.604438 255 191 0
24.3874 35.7457 -4.6282 255 191 0
11.8519 3.2621 1.67106 255 191 0
20.9123 37.8017 -6.02066 255 191 0
12.7698 -5.49773 4.88997 255 191 0
10.4279 23.7789 -4.62226 255 191 0
21.7939 33.9226 -0.839103 255 191 0
19.3221 39.6583 -2.22236 255 191 0
13.4801 -33.0166 -9.44005 255 191 0
3.54481 2.34146 -4.81298 255 191 0
24.2932 36.2667 -5.98896 255 191 0
5.28504 -6.65911 -10.1709 255 191 0
3.57309 -15.0293 -6.60822 255 191 0
11.2984 -23.3503 -6.41923 255 191 0
13.8237 17.8318 -0.0616427 255 191 0
12.0897 45.1841 -5.84694 255 191 0
10.5366 26.4806 -1.27055 255 191 0
10.7867 14.5902 -2.18617 255 191 0
16.3354 -25.184 -9.33064 255 191 0
21.7927 44.4319 -9.00905 255 191 0
9.60471 17.1751 3.19484 255 191 0
18.3817 17.2122 1.65792 255 191 0
15.2648 31.6066 0.231025 255 191 0
12.5499 22.3481 3.37869 255 191 0
3.61124 0.775559 -5.80538 255 191 0
10.9037 24.8715 0.1662 255 191 0
4.99594 -0.292292 -0.257412 255 191 0
17.2905 5.26531 5.04081 255 191 0
6.30988 -4.06108 -9.76753 255 191 0
4.43522 -10.8211 -0.40122 255 191 0
16.9861 35.108 -0.622204 255 191 0
16.0911 21.6399 3.3957 255 191 0
20.1364 1.53464 6.60424 255 191 0
14.871 41.6325 -6.62612 255 191 0
8.5232 -13.1916 3.38869 255 191 0
13.1555 5.27523 2.50533 255 191 0
20.8104 26.4525 1.97832 255 191 0
18.695 13.7399 6.15164 255 191 0
4.01396 2.20134 -3.10273 255 191 0
22.2782 14.5779 3.71188 255 191 0
13.0445 32.9436 -4.63969 255 191 0
15.4628 32.6759 -0.0511606 255 191 0
20.6961 47.2186 -5.35936 255 191 0
15.8395 -22.6753 -8.94907 255 191 0
13.314 7.18743 7.46343 255 191 0
14.5519 27.3123 1.36312 255 191 0
15.0879 50.9609 -9.24473 255 191 0
5.5529 -0.29633 0.917877 255 191 0
12.3659 18.4198 -1.38723 255 191 0
11.4136 -3.9566 7.3881 255 191 0
16.7194 12.39 2.80611 255 191 0
6.34157 14.9156 -2.64056 255 191 0
6.80145 -4.97119 3.90892 255 191 0
3.98705 7.65926 -4.39315 255 191 0
21.0607 4.18882 5.77851 255 191 0
15.4055 39.6852 -2.30864 255 191 0
18.8689 16.5598 5.31411 255 191 0
15.8606 34.98 -0.712616 255 191 0
15.1752 6.43631 3.52615 255 191 0
10.4707 -22.4007 -5.83797 255 191 0
9.94328 -12.014 -12.4822 255 191 0
9.36852 -1.74488 -0.502307 255 191 0
14.9349 -25.1525 -12.9352 255 191 0
3.89011 -11.703 -2.33445 255 191 0
13.1579 6.07897 7.39845 255 191 0
7.94339 2.98745 -6.39548 255 191 0
14.8812 40.8509 -2.78849 255 191 0
14.9605 47.2306 -8.23556 255 191 0
11.3267 27.6055 -4.51918 255 191 0
14.3322 0.72226 8.17935 255 191 0
20.9376 13.5897 6.41223 255 191 0
15.3544 53.39 -10.0563 255 191 0
17.4147 27.1149 1.94235 255 191 0
15.8257 -19.1363 -13.8852 255 191 0
11.5611 -4.98557 3.72246 255 191 0
23.6722 36.7366 -2.8063 255 191 0
21.3701 6.45268 5.94384 255 191 0
11.8937 -14.2346 -8.64654 255 191 0
7.00833 5.5798 2.41188 255 191 0
8.16292 -8.85913 -2.71214 255 191 0
4.56854 -16.4251 -9.2984 255 191 0
20.2154 51.794 -8.97954 255 191 0
12.0913 -11.221 -11.3137 255 191 0
15.8054 30.1279 -2.79711 255 191 0
24.3621 32.9275 -2.28209 255 191 0
16.0026 -27.197 -12.7578 255 191 0
14.2915 54.8331 -7.52322 255 191 0
9.01825 7.71914 4.49256 255 191 0
18.0086 20.5877 0.5696 255 191 0
10.7699 19.1204 3.72744 255 191 0
5.29867 -23.9747 -8.14926 255 191 0
10.8294 6.48788 6.46398 255 191 0
14.1885 25.8937 2.05446 255 191 0
7.84106 -1.63771 4.82107 255 191 0
19.966 17.5498 4.96156 255 191 0
14.8607 30.8149 -3.27243 255 191 0
8.25165 3.3546 -4.72245 255 191 0
5.12764 9.581 -1.35619 255 191 0
11.9435 47.1034 -8.54908 255 191 0
13.6753 -19.9237 -8.75278 255 191 0
18.0881 27.3906 -1.78093 255 191 0
19.8042 43.2299 -3.57677 255 191 0
6.12077 -12.3403 3.23771 255 191 0
16.1482 16.2353 1.51703 255 191 0
23.0563 22.577 -1.5713 255 191 0
15.9875 23.8914 2.69591 255 191 0
10.0551 20.6734 -4.44519 255 191 0
5.14509 -8.38455 1.20031 255 191 0
9.71323 -4.84519 -9.00951 255 191 0
16.4589 15.5426 5.70553 255 191 0
29.8182 3.58419 -10.4469 0 166 255
30.778 6.45968 -7.47361 0 166 255
31.2549 -8.89963 -4.35796 0 166 255
32.0639 -61.6497 14.7167 0 166 255
26.8809 -64.0205 1.93049 0 166 255
30.4695 5.14729 -0.409612 0 166 255
22.5083 -51.4069 -5.23506 0 166 255
28.8303 -7.90246 -9.81314 0 166 255
27.6357 -22.2578 3.15542 0 166 255
23.0883 11.4177 4.8712 0 166 255
25.9121 4.83877 -6.98572 0 166 255
25.0714 -23.8856 9.94831 0 166 255
21.5607 -9.61247 -10.0229 0 166 255
16.2543 -40.1276 20.8006 0 166 255
25.036 14.7312 3.06833 0 166 255
31.0436 -3.99966 2.25036 0 166 255
27.2083 -78.1624 20.1253 0 166 255
14.5105 -71.8076 26.8846 0 166 255
31.9157 -23.4934 1.26096 0 166 255
32.1914 -35.138 4.60699 0 166 255
27.0228 22.6353 -2.14894 0 166 255
19.4274 -69.2872 27.8568 0 166 255
32.0365 -67.6916 12.5553 0 166 255
25.2474 -10.6289 5.00546 0 166 255
30.6581 -26.3384 11.5378 0 166 255
28.8985 -6.22106 -10.164 0 166 255
28.8073 -70.5568 25.2237 0 166 255
22.2478 -55.2564 0.266194 0 166 255
30.178 20.317 -9.86449 0 166 255
31.4754 -6.98956 1.84477 0 166 255
25.8952 7.64384 -6.72816 0 166 255
28.594 -2.28733 6.25911 0 166 255
29.8672 5.63437 0.921271 0 166 255
25.6895 4.65044 -12.4295 0 166 255
22.8648 -72.2469 28.8521 0 166 255
24.6822 -34.628 -7.78248 0 166 255
19.4735 -32.3679 19.8781 0 166 255
31.7834 -8.26917 -1.4252 0 166 255
17.5069 -46.4688 -3.19854 0 166 255
17.6757 -48.7432 -2.82038 0 166 255
29.7401 -34.7472 15.4083 0 166 255
32.2106 -47.803 12.4451 0 166 255
23.0855 -37.1465 15.5513 0 166 255
31.0023 -72.4763 21.5901 0 166 255
31.1059 -58.5679 5.51933 0 166 255
30.7887 -58.5643 19.3654 0 166 255
31.0857 -43.0468 15.3712 0 166 255
15.978 -31.8545 -6.04442 0 166 255
23.4285 -49.2914 23.6256 0 166 255
26.9248 -7.49142 -1.37471 0 166 255
25.2963 -12.3675 -10.3896 0 166 255
28.2541 -44.071 19.5745 0 166 255
25.6726 -33.0642 18.5555 0 166 255
30.1673 -21.8479 10.9746 0 166 255
29.5142 -31.5875 -3.25709 0 166 255
31.7626 -54.4728 7.07497 0 166 255
31.532 -65.3893 8.78905 0 166 255
25.6702 -64.1212 18.4244 0 166 255
27.5031 -52.6168 -1.68955 0 166 255
29.114 -36.1278 -2.99148 0 166 255
29.2557 -67.4509 5.71293 0 166 255
25.476 -45.5101 -4.84633 0 166 255
15.4419 -42.9074 20.9315 0 166 255
20.5578 -32.8641 15.1822 0 166 255
31.3331 -11.3856 4.42534 0 166 255
16.0425 -65.1881 21.0586 0 166 255
32.2133 -57.9202 11.7814 0 166 255
29.574 -25.3999 -4.40728 0 166 255
23.7179 -50.6743 18.0739 0 166 255
27.6867 -66.58 5.95148 0 166 255
16.9333 -24.3953 -7.68186 0 166 255
24.8724 -23.7912 -10.3129 0 166 255
27.1889 -63.8579 9.19541 0 166 255
18.2159 -56.2871 19.3026 0 166 255
31.9577 -53.5706 14.9243 0 166 255
15.0652 -56.5903 23.4758 0 166 255
27.3055 -76.9016 19.0021 0 166 255
24.9974 15.081 -6.82425 0 166 255
31.1732 0.510933 -0.672636 0 166 255
27.5812 -64.4664 11.8914 0 166 255
18.6001 -36.1401 -8.962 0 166 255
18.4021 -73.3572 28.2573 0 166 255
32.2135 -26.752 3.53385 0 166 255
26.8748 -7.92071 0.129408 0 166 255
23.6056 -42.2632 -1.0135 0 166 255
19.7925 -17.145 -9.03469 0 166 255
24.3842 5.68564 6.81688 0 166 255
16.0274 -42.0398 19.0134 0 166 255
21.3527 -15.1944 14.8702 0 166 255
23.6783 -58.6833 19.5258 0 166 255
28.952 24.1422 -6.34729 0 166 255
21.9118 -46.6746 18.2664 0 166 255
30.3674 14.7848 -10.0341 0 166 255
31.3244 -33.4051 0.981877 0 166 255
24.153 -18.9144 -10.74 0 166 255
29.2646 -27.068 -4.58675 0 166 255
31.4375 -53.9237 16.9105 0 166 255
25.8307 -48.6659 22.5466 0 166 255
24.3774 -23.5471 -4.24433 0 166 255
26.4772 -0.198162 -3.24589 0 166 255
25.3321 13.873 -9.79065 0 166 255
24.3215 11.9312 -3.73292 0 166 255
20.2764 -37.57 16.2439 0 166 255
23.2597 -75.2379 27.004 0 166 255
18.2632 -37.2718 16.1234 0 166 255
23.5256 21.5303 -1.43768 0 166 255
20.0832 -46.2168 23.0056 0 166 255
18.311 -40.5056 -8.27306 0 166 255
29.9359 -78.7809 19.5297 0 166 255
24.4816 4.0487 0.103612 0 166 255
30.4796 15.7728 -8.95127 0 166 255
24.9369 3.32306 -9.63098 0 166 255
28.4896 -38.257 17.8351 0 166 255
22.1985 -24.7773 -5.91129 0 166 255
31.0215 -11.9263 -4.43051 0 166 255
17.6009 -17.1634 -9.71145 0 166 255
26.7753 -37.9193 2.40358 0 166 255
21.2739 -26.2664 -10.7591 0 166 255
27.582 -55.9702 9.56397 0 166 255
30.7886 -34.9558 -0.0709901 0 166 255
26.8422 -10.9389 11.0359 0 166 255
31.0878 -44.9811 2.88659 0 166 255
23.0659 25.8393 -6.38143 0 166 255
21.6693 -50.3994 -0.984717 0 166 255
28.7061 -35.9716 16.9938 0 166 255
25.4877 8.59989 -3.96708 0 166 255
16.392 -47.8813 -3.06605 0 166 255
20.3354 -56.8515 25.2173 0 166 255
31.1869 -56.8337 5.45679 0 166 255
26.6922 -44.1778 -4.15214 0 166 255
23.1523 -44.4371 -0.974562 0 166 255
23.8027 -23.0973 10.7877 0 166 255
28.1497 -7.70137 8.73679 0 166 255
26.7863 -80.0385 22.9996 0 166 255
28.6511 3.07541 -12.5754 0 166 255
23.8564 -70.3455 28.2476 0 166 255
25.2375 -44.768 21.9294 0 166 255
27.9531 -6.79521 -11.2582 0 166 255
26.6647 -7.76506 -10.9789 0 166 255
24.9768 -14.1553 -10.3887 0 166 255
24.962 -27.042 11.1637 0 166 255
25.9299 -42.4069 14.0981 0 166 255
26.4248 -10.5533 -2.91358 0 166 255
24.2768 -27.1494 17.5679 0 166 255
15.7724 -73.7152 24.5464 0 166 255
19.3377 -21.2149 -8.08217 0 166 255
22.1049 -54.7369 24.915 0 166 255
30.7121 -71.6039 10.7967 0 166 255
27.4308 -55.179 23.0038 0 166 255
24.0112 -15.486 7.98536 0 166 255
27.0599 -58.3944 24.009 0 166 255
26.9008 -24.999 -8.30974 0 166 255
21.0853 -4.35498 9.40047 0 166 255
26.5776 -40.3585 19.9672 0 166 255
28.6115 -34.9377 -3.96115 0 166 255
29.024 10.3329 0.539395 0 166 255
22.7286 -48.0815 18.181 0 166 255
27.4281 -26.4841 6.96188 0 166 255
24.8213 -11.8021 6.03452 0 166 255
22.9582 -35.586 -2.8891 0 166 255
19.6503 -46.1139 17.9771 0 166 255
24.0897 -9.2795 5.86629 0 166 255
27.8137 -32.4266 -5.52362 0 166 255
15.0626 -57.8874 21.0796 0 166 255
25.8444 -64.5123 3.7884 0 166 255
31.7585 -58.5264 16.3356 0 166 255
24.9594 25.8368 -6.86704 0 166 255
24.5874 -0.429167 -9.41698 0 166 255
28.6327 -75.6142 26.1897 0 166 255
32.0597 -33.2221 3.5651 0 166 255
18.9724 -45.8717 -2.89545 0 166 255
23.8891 -33.1436 13.733 0 166 255
26.7619 -10.9879 -1.44448 0 166 255
26.9956 -53.7494 6.15847 0 166 255
15.4624 -66.6007 23.0348 0 166 255
30.5941 -44.893 1.34099 0 166 255
29.1498 -61.91 1.96888 0 166 255
32.2236 -38.332 5.77713 0 166 255
28.886 -26.9056 14.2414 0 166 255
24.5391 20.5359 -7.93543 0 166 255
17.931 -27.8485 -9.93942 0 166 255
27.8318 24.553 -7.61271 0 166 255
19.6176 -24.9959 13.0924 0 166 255
31.2531 -62.8072 6.9571 0 166 255
18.9472 -38.7885 -4.16113 0 166 255
30.4959 -73.7395 14.1554 0 166 255
24.5852 -15.6164 -5.39076 0 166 255
26.3164 -60.8245 16.7468 0 166 255
27.6043 -29.2284 3.4135 0 166 255
27.3785 -38.4134 4.18053 0 166 255
26.6727 -66.5949 7.75418 0 166 255
30.2784 -33.6942 14.3728 0 166 255
18.5917 -56.6436 24.8287 0 166 255
27.5238 -24.3054 5.49731 0 166 255
16.7073 -52.7503 -4.22578 0 166 255
30.2468 -60.1347 20.7386 0 166 255
21.4043 -25.4464 12.9777 0 166 255
31.7359 -11.5789 2.63544 0 166 255
26.1366 -47.0492 3.2692 0 166 255
31.9557 -65.0189 15.9279 0 166 255
16.2819 -53.6346 23.3211 0 166 255
27.5831 -52.9261 8.57282 0 166 255
29.3658 -70.4786 10.1458 0 166 255
20.7112 -9.79636 9.83707 0 166 255
29.1125 -68.6409 7.31659 0 166 255
25.8955 19.4131 -11.455 0 166 255
21.0114 -75.0187 24.3947 0 166 255
25.226 0.441418 -8.44907 0 166 255
31.5833 -51.4428 5.72025 0 166 255
30.0638 20.2521 -8.26856 0 166 255
15.6066 -58.2241 24.1663 0 166 255
24.9046 -43.0137 21.6539 0 166 255
30.2391 -1.49374 -8.37092 0 166 255
32.1099 -60.082 11.3017 0 166 255
32.1425 -55.8689 13.8715 0 166 255
23.4349 -41.868 16.5349 0 166 255
25.3602 16.5422 2.10747 0 166 255
31.3226 -18.0706 7.14453 0 166 255
26.4692 -75.5616 25.9561 0 166 255
19.8746 -45.8246 -7.05939 0 166 255
23.5422 12.9659 2.56463 0 166 255
19.7659 -72.3324 28.6577 0 166 255
30.9417 -40.3087 1.34338 0 166 255
29.7019 14.5004 -12.7774 0 166 255
25.4905 26.3917 -2.2224 0 166 255
23.8595 -66.7111 27.3693 0 166 255
27.9197 -4.38517 7.77538 0 166 255
15.8098 -34.086 18.3613 0 166 255
28.3773 -63.1187 23.9168 0 166 255
16.1996 -45.6798 20.0911 0 166 255
20.5523 -45.1456 -2.43663 0 166 255
26.5743 -33.7199 11.1208 0 166 255
23.2125 -6.60765 -11.7166 0 166 255
30.2244 -0.0358295 -8.73809 0 166 255
32.1458 -42.1384 6.36357 0 166 255
24.8516 -8.36284 4.62955 0 166 255
30.9048 -36.8211 14.1405 0 166 255
21.9801 -28.9468 13.8114 0 166 255
24.689 6.62537 -12.4332 0 166 255
24.7756 -62.8327 3.71103 0 166 255
28.7691 -65.267 2.4488 0 166 255
31.6748 -48.7177 5.53838 0 166 255
22.6763 -0.869585 9.8507 0 166 255
32.1159 -44.8815 12.6239 0 166 255
29.6291 -44.8155 -0.498935 0 166 255
19.5369 -29.1673 -10.2133 0 166 255
29.2885 18.4316 -4.02909 0 166 255
30.9502 -43.1552 1.97061 0 166 255
23.5434 -38.1851 20.9199 0 166 255
26.8921 -26.8411 16.0112 0 166 255
16.067 -43.8325 19.4653 0 166 255
15.8666 -50.2377 21.9314 0 166 255
13.9792 -68.1667 25.5958 0 166 255
30.3365 5.93175 -9.53315 0 166 255
21.5833 -45.9547 -6.59913 0 166 255
21.8339 -40.0684 -7.76882 0 166 255
26.1371 -16.709 -2.75341 0 166 255
21.2877 3.24424 8.42741 0 166 255
31.0671 5.91869 -4.602 0 166 255
27.9654 -9.4657 -10.5289 0 166 255
29.8516 -39.0703 16.4467 0 166 255
28.8961 4.16557 3.37915 0 166 255
21.6542 -21.7608 16.8178 0 166 255
23.2543 -2.12697 -10.6225 0 166 255
24.104 -34.1951 19.6507 0 166 255
16.1881 -60.2133 24.8695 0 166 255
23.7103 -28.5107 -3.94426 0 166 255
27.6659 -48.1351 7.37511 0 166 255
27.4253 -20.1845 1.8614 0 166 255
14.8598 -74.1421 27.2201 0 166 255
25.4276 -47.0397 22.3684 0 166 255
21.2736 -44.0542 17.7171 0 166 255
26.6487 -52.4336 5.20575 0 166 255
30.8862 2.08864 -7.29841 0 166 255
23.6288 -17.2251 -6.19018 0 166 255
21.7732 -34.7328 -9.00024 0 166 255
15.9761 -70.0856 22.9738 0 166 255
22.0636 -48.7486 23.6761 0 166 255
21.2177 -52.4856 -0.840391 0 166 255
29.2391 -46.3774 19.0443 0 166 255
29.1345 -72.7742 13.7161 0 166 255
15.8669 -75.8996 24.3283 0 166 255
29.6163 11.0998 -12.5315 0 166 255
32.1175 -61.5583 11.992 0 166 255
22.1186 -6.63074 11.935 0 166 255
18.795 -44.3323 -7.5585 0 166 255
21.2454 -59.9606 20.6701 0 166 255
25.4533 -61.2865 18.1331 0 166 255
32.0779 -73.122 14.587 0 166 255
26.2267 -6.1036 -11.2338 0 166 255
15.6417 -45.8035 21.7217 0 166 255
30.474 7.47648 -9.25043 0 166 255
21.1815 -10.6049 8.21182 0 166 255
27.7216 -34.5913 4.97804 0 166 255
26.2849 14.2699 2.24204 0 166 255
22.2378 -44.0118 -6.79618 0 166 255
25.8023 -61.408 5.13878 0 166 255
18.6389 -14.8034 14.5813 0 166 255
31.8704 -37.8737 3.65249 0 166 255
27.1468 -70.856 17.078 0 166 255
30.2881 -57.0981 3.0979 0 166 255
26.4729 -35.6584 18.7617 0 166 255
23.7231 6.73657 -0.45424 0 166 255
19.7398 -19.1579 -10.6825 0 166 255
26.4209 -4.55814 -0.261412 0 166 255
26.6591 26.0468 -6.81308 0 166 255
30.0272 -34.6697 -1.72716 0 166 255
30.0057 7.34217 -0.190118 0 166 255
26.0273 0.628822 -6.37861 0 166 255
24.896 -40.9107 -6.21456 0 166 255
27.3555 -69.0692 15.3211 0 166 255
25.9365 -3.15463 9.00858 0 166 255
16.662 -30.0376 18.7611 0 166 255
31.3835 -6.54115 -4.35124 0 166 255
31.0304 -26.4297 -1.23236 0 166 255
26.5599 -4.23481 -3.61238 0 166 255
25.1173 25.6325 -4.89618 0 166 255
24.1882 -61.3787 0.711645 0 166 255
27.2301 -13.6922 0.582525 0 166 255
18.2355 -18.8273 14.9806 0 166 255
28.2879 -80.3394 22.5672 0 166 255
23.6144 18.5741 0.0810623 0 166 255
23.8742 -1.37325 -12.1097 0 166 255
31.4193 -43.5562 3.39881 0 166 255
30.3821 2.74509 0.945068 0 166 255
31.3933 -71.1686 19.9619 0 166 255
32.0453 -74.1042 16.0113 0 166 255
20.4236 -54.7055 24.7808 0 166 255
31.7168 -61.3644 8.70979 0 166 255
28.27 21.8781 -3.61362 0 166 255
31.9078 -57.2864 8.68885 0 166 255
23.0834 -44.6428 17.34 0 166 255
26.6581 -46.0142 -3.80465 0 166 255
25.9199 -45.3751 2.53838 0 166 255
20.4147 -65.2329 21.9614 0 166 255
21.7372 -38.1657 16.222 0 166 255
14.8556 -40.9561 20.035 0 166 255
18.6578 -25.776 18.1015 0 166 255
20.906 0.347591 9.34212 0 166 255
29.754 19.34 -5.97895 0 166 255
18.203 -71.1045 27.9923 0 166 255
26.6863 -60.0419 6.81661 0 166 255
30.9436 -14.9047 7.02935 0 166 255
31.9708 -48.6036 13.9856 0 166 255
23.2284 5.55096 0.6468 0 166 255
26.5778 -23.527 15.2701 0 166 255
29 12.1498 -0.269578 0 166 255
31.4627 -27.358 10.0637 0 166 255
24.5001 -75.7658 22.5928 0 166 255
27.5399 -56.4377 -0.949275 0 166 255
25.9023 2.38416 -1.56481 0 166 255
26.2688 -5.488 1.27138 0 166 255
32.3581 -35.3832 7.34345 0 166 255
29.5313 0.921429 3.69643 0 166 255
25.6197 -15.447 13.3587 0 166 255
26.7959 -10.5299 -11.3392 0 166 255
19.0308 -47.5561 23.0662 0 166 255
25.7902 0.576561 -0.3956 0 166 255
22.3721 -17.5621 15.3679 0 166 255
30.6014 -55.5124 3.52977 0 166 255
25.8787 -26.3679 -8.9634 0 166 255
31.359 -78.0137 21.6244 0 166 255
14.6904 -52.0041 -4.90368 0 166 255
19.4126 -11.2207 13.1571 0 166 255
26.1093 3.02446 -6.23842 0 166 255
21.9261 4.33861 6.71248 0 166 255
25.4507 -62.5949 25.9002 0 166 255
32.0177 -66.7366 15.2997 0 166 255
29.1512 -33.4694 -3.43854 0 166 255
27.0104 6.492 4.60114 0 166 255
23.5324 -57.0842 19.2743 0 166 255
32.3174 -32.5699 5.15036 0 166 255
16.5244 -62.492 20.0606 0 166 255
26.0906 -62.7016 17.4209 0 166 255
31.826 -70.8845 17.7426 0 166 255
31.333 -0.903608 -4.73971 0 166 255
28.9547 -6.14248 7.24798 0 166 255
26.0624 4.92987 -3.90359 0 166 255
25.428 -15.715 -4.13478 0 166 255
21.4336 -50.2949 23.9826 0 166 255
30.4976 -51.3014 18.4533 0 166 255
18.6945 -38.8341 16.4662 0 166 255
31.9053 -11.0464 0.305042 0 166 255
29.8849 -72.2123 12.3204 0 166 255
21.8796 -2.80361 5.06856 0 166 255
21.7545 0.890057 7.52886 0 166 255
19.6596 -9.47976 12.6893 0 166 255
25.5134 -13.9715 -4.42326 0 166 255
22.6761 -30.2909 -9.79031 0 166 255
22.1124 -34.9164 20.4558 0 166 255
26.3279 -63.9029 25.7507 0 166 255
17.9965 -22.6792 -7.92053 0 166 255
17.5124 -57.8009 24.7884 0 166 255
21.9659 -18.3693 10.5146 0 166 255
23.3404 -23.9346 -10.8095 0 166 255
27.6641 25.0635 -4.20194 0 166 255
30.9018 -23.1636 -2.0987 0 166 255
27.5413 -68.0265 12.3836 0 166 255
30.2169 -29.2658 13.1856 0 166 255
26.8105 -40.0555 11.9985 0 166 255
31.385 -74.9485 20.8496 0 166 255
27.8753 -30.6871 4.93392 0 166 255
31.8921 -62.4584 10.1278 0 166 255
27.0901 -28.6193 1.49421 0 166 255
31.7473 -18.9817 -0.645097 0 166 255
25.4937 -53.2973 16.6373 0 166 255
26.9525 18.8272 -0.363226 0 166 255
32.2173 -28.621 7.32183 0 166 255
30.9046 -67.9723 6.86232 0 166 255
28.6188 -41.0775 18.4432 0 166 255
27.5303 -39.6911 5.2387 0 166 255
19.3709 -43.0436 22.2107 0 166 255
31.193 -46.5858 16.0517 0 166 255
19.9617 -7.98362 12.6885 0 166 255
31.7834 -61.0239 16.6326 0 166 255
26.4461 -1.47196 -4.4775 0 166 255
23.3124 9.81079 1.05016 0 166 255
27.2643 -68.7492 9.75305 0 166 255
26.8402 -8.84138 -2.30778 0 166 255
26.5216 -19.5002 -1.6467 0 166 255
16.936 -36.5999 -7.79807 0 166 255
27.0734 -45.6173 12.637 0 166 255
29.5536 23.4887 -8.09132 0 166 255
26.8582 -17.5711 4.90113 0 166 255
18.4193 -54.5593 18.9731 0 166 255
26.7801 -38.327 19.2702 0 166 255
22.5518 -32.7269 -3.78885 0 166 255
22.8377 -55.6734 -4.30701 0 166 255
31.1045 -61.0191 19.072 0 166 255
26.8368 -17.0272 13.068 0 166 255
23.1555 -53.7021 24.6223 0 166 255
27.8228 -28.5813 4.89597 0 166 255
25.7923 -28.108 10.5977 0 166 255
25.3992 -8.88907 -5.83341 0 166 255
31.8434 -69.1729 17.3625 0 166 255
23.6315 -19.6414 -5.79653 0 166 255
26.8935 -36.0539 2.42513 0 166 255
18.1707 -68.4906 22.3085 0 166 255
30.6893 -65.8435 5.75739 0 166 255
28.073 6.83257 3.32194 0 166 255
27.3415 -60.2867 13.5225 0 166 255
22.3179 -16.8391 9.80113 0 166 255
20.7687 -5.78684 10.3033 0 166 255
24.4433 -29.935 -9.04649 0 166 255
31.5773 -40.0389 13.3978 0 166 255
23.5918 26.754 -4.82999 0 166 255
21.9888 -28.9361 -5.15137 0 166 255
26.074 -10.4503 3.65336 0 166 255
21.5171 -40.944 -2.71924 0 166 255
30.7896 -57.0899 19.0462 0 166 255
30.7441 10.0602 -4.59691 0 166 255
21.3296 -53.4426 19.3982 0 166 255
23.5141 10.6767 -1.3797 0 166 255
21.3657 -36.5523 15.9294 0 166 255
30.1508 -46.1347 17.8507 0 166 255
18.6834 -50.5201 -2.21801 0 166 255
25.0353 1.72001 7.86654 0 166 255
31.8756 -24.2481 7.60606 0 166 255
20.779 -46.8043 -1.99585 0 166 255
30.8418 -41.4101 15.5005 0 166 255
24.317 17.363 -6.06309 0 166 255
23.6088 20.3587 -0.32233 0 166 255
25.8482 -55.1089 16.4451 0 166 255
23.2729 -73.0207 22.8479 0 166 255
26.2665 -23.5522 -9.30796 0 166 255
32.1563 -56.9981 10.5965 0 166 255
26.9536 5.59687 -12.5622 0 166 255
20.4575 -37.0126 -8.77005 0 166 255
29.2645 -24.0522 -5.12833 0 166 255
27.4059 -26.399 2.07867 0 166 255
18.8131 -25.8537 14.2794 0 166 255
26.0517 -31.111 -7.67251 0 166 255
26.814 -42.8422 12.6131 0 166 255
27.2483 -62.2134 9.19265 0 166 255
27.0764 -39.315 -4.83458 0 166 255
24.8792 -61.0616 3.65345 0 166 255
24.357 -19.654 15.3246 0 166 255
14.9929 -43.2272 -5.54349 0 166 255
20.7881 -20.0345 16.4394 0 166 255
22.8166 -51.0385 -0.0132308 0 166 255
27.6292 -5.86901 8.59764 0 166 255
25.4052 9.70621 -12.6947 0 166 255
24.5609 -5.08499 -8.25142 0 166 255
18.7373 -44.3163 17.3841 0 166 255
22.1989 -10.8015 -11.3061 0 166 255
25.258 -1.07887 -8.0912 0 166 255
27.5488 -24.1573 2.48452 0 166 255
23.9223 -33.2615 -8.52736 0 166 255
21.1503 -13.7324 -11.0444 0 166 255
27.7854 15.4728 0.0644441 0 166 255
26.1995 -41.2536 2.08586 0 166 255
14.6048 -44.4082 20.5691 0 166 255
30.5155 -30.4123 -1.61562 0 166 255
27.1468 -60.2634 8.23885 0 166 255
25.9509 24.6797 -8.52564 0 166 255
22.7734 -10.0524 7.17802 0 166 255
29.5382 -25.986 13.1749 0 166 255
25.1359 12.042 -5.43187 0 166 255
17.4882 -63.8555 26.0924 0 166 255
24.2683 -62.0138 19.7649 0 166 255
19.7533 -67.5216 27.5111 0 166 255
27.6285 -35.002 17.7542 0 166 255
24.8619 -49.6408 -4.42251 0 166 255
20.2674 -76.3258 25.0609 0 166 255
26.4027 -0.831673 7.83297 0 166 255
29.1775 -8.95739 8.001 0 166 255
16.6952 -51.3704 18.1465 0 166 255
32.163 -22.8635 2.96156 0 166 255
25.1355 -4.57457 9.99519 0 166 255
19.3913 -74.4741 24.1362 0 166 255
29.0529 -4.1115 6.3413 0 166 255
29.0132 -60.2054 22.5478 0 166 255
31.2981 -66.927 8.06047 0 166 255
29.8997 -36.2609 15.614 0 166 255
31.4747 -3.72725 -4.20929 0 166 255
30.6706 -5.39816 3.84301 0 166 255
19.4668 -39.7884 21.5383 0 166 255
27.3112 -45.1913 5.45665 0 166 255
31.6184 -27.4057 0.694683 0 166 255
14.2427 -56.9907 21.9315 0 166 255
32.1074 -20.8407 1.64055 0 166 255
16.1671 -40.3153 18.7956 0 166 255
24.6073 5.58113 -0.766333 0 166 255
29.1955 -20.5698 11.9786 0 166 255
26.102 -56.7692 4.82479 0 166 255
22.3007 7.62556 6.71088 0 166 255
27.1215 22.9925 -10.3204 0 166 255
31.085 -48.0784 16.6187 0 166 255
22.507 -19.3439 15.8833 0 166 255
29.5396 -44.0312 18.1423 0 166 255
17.7067 -68.1975 27.1524 0 166 255
26.6453 -69.5904 18.293 0 166 255
15.5871 -35.3601 19.5906 0 166 255
26.2913 5.52477 5.61074 0 166 255
31.5685 -5.95817 -0.622786 0 166 255
32.2111 -54.4603 13.1492 0 166 255
25.0911 -5.28912 2.98472 0 166 255
27.9767 -73.8092 26.9902 0 166 255
21.407 -8.76869 12.8227 0 166 255
25.0101 16.8272 -12.8356 0 166 255
24.5546 -27.0519 -3.27339 0 166 255
29.2849 -52.6582 20.5342 0 166 255
20.6919 -3.13923 10.306 0 166 255
25.7497 -12.4536 -4.02396 0 166 255
25.1643 -39.2424 14.2064 0 166 255
17.0701 -30.0431 17.2728 0 166 255
27.8694 -38.8481 7.49829 0 166 255
25.0285 -56.7952 3.12633 0 166 255
32.1366 -62.5287 13.2708 0 166 255
25.0512 -60.3383 25.5637 0 166 255
20.8041 -58.4768 25.6172 0 166 255
23.6139 18.7037 1.72581 0 166 255
27.8566 -37.0932 8.40952 0 166 255
31.198 -37.3699 1.42496 0 166 255
26.345 -45.0106 14.0414 0 166 255
14.897 -41.3249 -4.45158 0 166 255
26.5215 -64.9659 17.0233 0 166 255
21.1953 -1.48938 10.2347 0 166 255
17.5317 -61.139 20.075 0 166 255
23.62 14.2138 -2.07509 0 166 255
22.898 23.8529 -5.29666 0 166 255
23.457 -13.8909 7.86962 0 166 255
30.2203 1.55119 -9.09871 0 166 255
27.0279 -43.4166 20.465 0 166 255
27.5114 -54.9492 11.0627 0 166 255
27.725 -40.5456 6.42022 0 166 255
14.7978 -50.7526 -2.82938 0 166 255
31.4306 -60.8854 7.26841 0 166 255
21.2428 -73.2937 29.0967 0 166 255
26.9985 -54.9718 14.3716 0 166 255
21.5554 -43.6996 22.6376 0 166 255
31.7083 -43.9662 14.0477 0 166 255
26.7461 -38.1958 11.946 0 166 255
29.8521 -6.93412 6.19259 0 166 255
27.7729 -54.6591 -1.04222 0 166 255
26.3946 0.588055 -4.89003 0 166 255
19.9096 -16.5669 10.9493 0 166 255
25.1066 -35.9263 13.4035 0 166 255
25.2296 21.4665 0.185963 0 166 255
20.24 -24.5692 17.817 0 166 255
16.9802 -25.6007 -9.09607 0 166 255
16.4437 -40.3652 -7.27397 0 166 255
26.5443 25.7405 -3.03355 0 166 255
27.5042 -8.75786 9.74668 0 166 255
27.0914 -32.2834 9.93694 0 166 255
31.0285 -52.1888 4.04991 0 166 255
32.1587 -60.365 13.3378 0 166 255
31.6352 -7.60707 -2.9313 0 166 255
31.4711 -39.213 2.57521 0 166 255
25.0668 19.8998 -9.79751 0 166 255
30.9395 -10.44 -5.10973 0 166 255
26.651 -57.5672 -1.56689 0 166 255
27.9039 10.7038 -13.0425 0 166 255
25.7135 8.00935 -12.725 0 166 255
32.1996 -28.8071 3.55872 0 166 255
16.4279 -75.0867 27.2692 0 166 255
17.8365 -34.8607 -5.30383 0 166 255
24.2786 5.08344 -10.8695 0 166 255
23.1608 -71.2265 22.5346 0 166 255
30.8883 -6.16956 -6.03129 0 166 255
15.0789 -47.5988 21.789 0 166 255
26.8067 -6.21935 -2.28775 0 166 255
22.6311 9.25565 5.87955 0 166 255
31.6139 -63.2227 8.64419 0 166 255
17.8737 -42.2165 -7.93091 0 166 255
31.4604 -23.513 -0.264751 0 166 255
27.6516 -33.8984 9.10081 0 166 255
29.7158 -51.3642 19.7035 0 166 255
32.2688 -55.5441 11.6977 0 166 255
32.2836 -48.5438 8.85131 0 166 255
31.4026 -0.395996 -3.01414 0 166 255
32.2889 -53.8132 11.5294 0 166 255
28.1972 25.9995 -6.78297 0 166 255
16.2597 -33.0187 -7.36849 0 166 255
29.7743 -56.5488 20.7591 0 166 255
21.5548 -2.80104 7.38649 0 166 255
22.3454 -20.6703 11.0348 0 166 255
27.4524 -57.5636 9.39955 0 166 255
30.006 -62.0118 3.34571 0 166 255
26.6571 -60.5235 -1.01418 0 166 255
30.3798 -25.8928 -2.89385 0 166 255
27.7583 -39.127 9.10538 0 166 255
22.0648 0.920326 5.39004 0 166 255
32.2713 -43.8483 11.1501 0 166 255
23.8433 -73.5218 29.0554 0 166 255
29.4262 -72.6166 24.904 0 166 255
27.3445 -56.3061 8.11525 0 166 255
27.4907 -67.2348 14.0871 0 166 255
29.8251 4.14294 1.73829 0 166 255
26.9704 -68.8467 16.816 0 166 255
20.2035 -9.23981 -11.2071 0 166 255
27.6023 1.9012 -12.3982 0 166 255
32.1408 -24.7794 2.9652 0 166 255
31.8446 -64.4918 10.3219 0 166 255
16.6906 -50.477 -6.17417 0 166 255
19.5819 -26.1842 -6.7439 0 166 255
27.9402 -47.0334 -2.30394 0 166 255
22.3109 -37.0027 -3.06204 0 166 255
22.9453 -38.5724 -7.69959 0 166 255
15.014 -65.2307 25.5232 0 166 255
31.2175 3.79182 -4.38325 0 166 255
30.3715 12.8198 -10.2692 0 166 255
25.5906 7.64152 -8.85649 0 166 255
27.7965 -29.6244 16.0858 0 166 255
26.4953 -41.0765 -4.99327 0 166 255
19.1136 -18.9963 13.7585 0 166 255
29.1559 -18.6844 -6.83693 0 166 255
15.5209 -39.7131 -4.38761 0 166 255
26.2887 -52.0707 -2.91798 0 166 255
25.8034 -58.3163 17.1136 0 166 255
28.5203 -26.5275 -5.75339 0 166 255
24.8918 1.82698 -9.4097 0 166 255
31.314 -35.341 12.7202 0 166 255
25.6344 10.9202 -8.74291 0 166 255
27.5195 -36.2556 4.27962 0 166 255
20.6814 -54.4141 -2.64254 0 166 255
25.4965 18.3375 -12.4649 0 166 255
22.2286 -32.5518 14.6624 0 166 255
26.3582 -25.0085 8.8149 0 166 255
31.6052 -69.5501 9.90737 0 166 255
26.5812 -36.0642 -6.00884 0 166 255
23.6595 3.0589 8.10157 0 166 255
24.983 -19.9367 8.67696 0 166 255
29.8272 -58.4385 21.1043 0 166 255
27.2509 -30.3381 -6.69594 0 166 255
23.5415 24.8395 -2.71172 0 166 255
25.0742 -3.29619 -7.80531 0 166 255
23.1613 -62.4827 20.799 0 166 255
31.5127 -45.526 14.9791 0 166 255
30.2701 -64.9671 4.45294 0 166 255
21.706 -55.5074 -2.97884 0 166 255
29.2973 -14.9437 -7.47839 0 166 255
24.1023 -34.077 -2.18246 0 166 255
22.1602 5.9252 6.12651 0 166 255
27.8285 -64.8702 24.8536 0 166 255
20.1919 -34.9181 20.5431 0 166 255
31.1056 -28.2794 -0.64069 0 166 255
18.0095 -70.2712 22.7754 0 166 255
18.9 -51.2987 23.8038 0 166 255
20.1265 -15.082 -10.8196 0 166 255
21.5105 -4.01463 6.4355 0 166 255
26.7314 -13.573 -11.1117 0 166 255
19.4487 -14.3481 13.0209 0 166 255
32.1493 -37.2418 10.0268 0 166 255
17.8984 -35.7577 16.6546 0 166 255
30.5872 -44.4991 16.73 0 166 255
31.8939 -16.6864 4.05417 0 166 255
21.8676 -34.9164 15.3228 0 166 255
32.0649 -31.6984 3.2608 0 166 255
26.5328 -65.4325 25.9964 0 166 255
30.6111 9.20451 -9.01058 0 166 255
25.0282 -75.2342 27.3551 0 166 255
22.0954 -67.742 22.466 0 166 255
27.5279 -30.8203 3.32155 0 166 255
22.5245 -3.32936 10.7276 0 166 255
27.6144 -26.1888 -7.13443 0 166 255
25.1063 -29.5572 11.8593 0 166 255
26.6504 15.2628 -12.4127 0 166 255
24.9131 3.86969 7.16841 0 166 255
30.8808 -74.3544 22.3576 0 166 255
29.282 17.0413 -3.24518 0 166 255
26.3842 -35.2591 11.9608 0 166 255
26.5733 -29.4319 9.9228 0 166 255
20.4254 -11.5026 10.4523 0 166 255
28.7008 -11.151 -9.26598 0 166 255
23.7804 -52.5362 -4.44922 0 166 255
20.9265 -16.5846 15.3813 0 166 255
24.4211 -25.4977 -10.1694 0 166 255
32.3285 -45.2227 9.08542 0 166 255
28.1229 -62.8752 0.880436 0 166 255
32.3452 -46.6776 9.87669 0 166 255
25.5414 -37.7552 0.431074 0 166 255
23.6197 -17.2131 9.01342 0 166 255
17.7618 -20.4234 -10.1681 0 166 255
21.4876 -75.314 25.9904 0 166 255
25.7801 9.31832 -6.73843 0 166 255
26.8722 -33.2177 1.84004 0 166 255
21.6491 -50.895 18.9509 0 166 255
27.0419 -10.4512 0.631413 0 166 255
23.5142 -43.1608 -6.47388 0 166 255
28.0065 -53.3222 22.0609 0 166 255
18.4343 -34.3519 15.7345 0 166 255
27.3984 -0.0172157 6.6688 0 166 255
25.2261 5.26903 -9.42236 0 166 255
27.2093 7.35935 -12.7242 0 166 255
24.41 -56.7411 25.02 0 166 255
26.7555 -63.952 7.68621 0 166 255
29.4686 0.160152 -10.2633 0 166 255
27.2124 -28.6827 8.51276 0 166 255
24.0265 -36.4611 14.5109 0 166 255
24.7646 -42.6294 -5.91865 0 166 255
26.2664 -9.15832 -4.03003 0 166 255
19.9706 -49.3114 18.6047 0 166 255
31.1431 -1.39338 0.46882 0 166 255
28.5061 -14.3235 -8.84833 0 166 255
24.2287 -49.2499 17.438 0 166 255
16.9626 -44.3645 17.9474 0 166 255
19.7128 -53.4623 -4.75027 0 166 255
27.6025 13.3069 1.19012 0 166 255
30.2329 11.2342 -10.7402 0 166 255
23.1326 -23.1742 16.8412 0 166 255
24.6235 -74.8338 28.9727 0 166 255
19.6294 -42.8791 -7.67337 0 166 255
21.1082 -63.5138 21.6072 0 166 255
22.7472 -68.1288 27.8276 0 166 255
30.6175 -19.1353 -3.98964 0 166 255
16.7805 -37.5008 -4.79177 0 166 255
25.2957 -63.1258 1.84581 0 166 255
27.1539 -66.2218 9.14318 0 166 255
27.582 -70.1287 10.9462 0 166 255
31.3247 -35.7248 1.44168 0 166 255
27.441 -21.8974 1.64807 0 166 255
25.4918 -49.6398 15.8629 0 166 255
27.7556 -68.9351 25.9187 0 166 255
26.736 -0.156414 -12.0889 0 166 255
18.7774 -24.0894 14.4835 0 166 255
24.4119 -16.5563 -10.3974 0 166 255
23.3047 -49.0807 0.091022 0 166 255
21.1049 -64.7346 27.0259 0 166 255
25.2939 -59.4787 18.0486 0 166 255
28.1031 -71.9674 26.36 0 166 255
25.3677 -3.00968 -11.8406 0 166 255
19.6046 -18.7329 12.0874 0 166 255
32.2782 -36.4904 6.15151 0 166 255
28.3775 -24.1623 -6.52614 0 166 255
29.4935 9.32516 -12.3532 0 166 255
30.9267 2.0877 -0.359734 0 166 255
22.2367 -45.0375 22.9122 0 166 255
26.19 -20.3622 -10.1606 0 166 255
26.8121 -79.0599 21.3801 0 166 255
25.6636 -73.4739 28.4958 0 166 255
30.6014 -61.6845 4.63178 0 166 255
26.5492 -45.6399 21.36 0 166 255
16.333 -28.5295 17.651 0 166 255
32.0348 -40.1522 11.7434 0 166 255
22.3563 -14.1991 14.314 0 166 255
27.14 -31.6545 2.17127 0 166 255
22.4635 -62.9335 26.6648 0 166 255
26.1143 -31.3215 11.1299 0 166 255
29.6559 -42.5606 17.6543 0 166 255
18.2455 -65.5175 26.6875 0 166 255
28.9678 -66.3524 4.00064 0 166 255
27.1008 -53.2476 13.4337 0 166 255
15.7632 -61.1269 20.9094 0 166 255
16.2607 -73.7644 27.8723 0 166 255
31.2007 -13.2914 -3.41801 0 166 255
26.7408 -15.6594 4.40388 0 166 255
23.1096 19.9788 -4.03653 0 166 255
18.333 -22.4372 -10.3985 0 166 255
31.2481 -76.3689 21.7131 0 166 255
14.2404 -55.4601 22.0645 0 166 255
26.9186 -27.1451 0.701605 0 166 255
30.3774 -9.4743 -6.72894 0 166 255
31.5397 -41.6889 13.9606 0 166 255
30.9262 7.76862 -4.33277 0 166 255
21.1332 -33.4302 20.1714 0 166 255
23.6721 12.5245 -2.53347 0 166 255
17.974 -30.7292 19.2585 0 166 255
27.1811 -17.9414 0.686508 0 166 255
21.3931 -53.8767 -5.18691 0 166 255
17.8472 -31.6173 -9.42611 0 166 255
26.6367 -12.9487 -1.66009 0 166 255
24.1447 -20.8863 9.84193 0 166 255
31.7999 -37.1445 11.7029 0 166 255
17.4753 -48.1986 17.6161 0 166 255
17.6394 -75.3186 23.9342 0 166 255
27.2335 -34.024 -5.87585 0 166 255
16.7304 -46.6742 18.3576 0 166 255
20.4539 -31.9346 -9.8997 0 166 255
30.8866 -69.916 21.3433 0 166 255
25.9946 -36.9302 19.4265 0 166 255
22.6145 -26.6263 12.8334 0 166 255
21.9934 2.70373 6.7456 0 166 255
31.6479 -66.032 17.9061 0 166 255
27.2473 -25.0538 1.33013 0 166 255
23.4567 20.2475 -2.30398 0 166 255
22.6229 -8.21633 6.60319 0 166 255
22.9119 21.1455 -5.53559 0 166 255
23.8989 19.8205 -6.39966 0 166 255
25.5318 -32.909 -0.765757 0 166 255
21.0154 -30.544 -5.20183 0 166 255
31.0009 -50.4195 3.6265 0 166 255
30.2356 12.798 -3.77754 0 166 255
19.8414 -15.6247 15.1985 0 166 255
29.0323 -73.8127 15.0173 0 166 255
23.6367 0.00662804 2.64256 0 166 255
22.8668 4.27872 1.61788 0 166 255
23.2328 -46.571 -5.90956 0 166 255
21.6643 -0.895164 7.65538 0 166 255
20.6974 -39.3309 16.6801 0 166 255
28.4629 20.2851 -10.7248 0 166 255
24.0716 -14.2892 13.7541 0 166 255
22.2762 -1.04424 -11.8813 0 166 255
31.9279 -43.5018 5.41374 0 166 255
18.2222 -46.6264 17.5992 0 166 255
16.1651 -57.9888 19.6477 0 166 255
31.2855 -16.9004 -2.68933 0 166 255
27.5402 -43.8145 6.0709 0 166 255
19.5951 -21.473 -10.6125 0 166 255
27.2563 3.99197 -12.4417 0 166 255
25.8654 -43.3023 1.92655 0 166 255
23.8858 -4.95081 4.43195 0 166 255
25.8509 -20.3114 14.7598 0 166 255
32.3127 -41.6809 10.4759 0 166 255
30.2082 -43.5555 0.253157 0 166 255
26.2699 11.1621 -12.6851 0 166 255
21.8564 -48.398 -1.11388 0 166 255
27.7162 -44.3576 9.36048 0 166 255
23.7235 14.0821 0.311177 0 166 255
32.2642 -49.3801 12.306 0 166 255
32.3364 -29.5009 5.74435 0 166 255
28.5826 -22.1289 13.1179 0 166 255
18.2324 -33.4218 -9.3031 0 166 255
16.408 -35.6049 18.2442 0 166 255
15.2706 -52.8289 20.802 0 166 255
29.7342 -75.864 25.2294 0 166 255
23.8117 -17.4944 14.8729 0 166 255
27.3192 -58.693 13.3251 0 166 255
27.3251 -46.7927 5.70907 0 166 255
19.3295 -29.876 -5.96778 0 166 255
28.7151 -19.0845 12.0457 0 166 255
30.5267 -12.6197 -5.72538 0 166 255
23.679 0.925892 8.83864 0 166 255
26.1223 -15.1125 -2.88573 0 166 255
29.8597 -79.8162 22.6089 0 166 255
23.5136 -41.6306 -6.78945 0 166 255
24.2171 -3.90608 -9.09877 0 166 255
31.653 -30.0306 1.36253 0 166 255
16.8083 -56.8796 18.9575 0 166 255
15.5503 -41.8073 -6.43688 0 166 255
20.4229 -31.0367 19.5665 0 166 255
31.2734 -31.7513 0.54941 0 166 255
20.0702 -14.1217 11.4413 0 166 255
20.0397 -58.3923 20.2014 0 166 255
31.6788 -78.8833 19.1651 0 166 255
31.7142 -72.2831 18.6451 0 166 255
20.0358 -41.1516 -7.93915 0 166 255
25.0962 -53.5797 24.0547 0 166 255
30.405 7.92271 -1.6102 0 166 255
29.7991 -13.1542 -7.11676 0 166 255
22.6762 -74.4217 23.8065 0 166 255
26.0667 -5.01859 -5.27432 0 166 255
27.6843 -72.9431 15.0436 0 166 255
19.4592 -27.7639 13.8851 0 166 255
14.7037 -51.4554 21.1323 0 166 255
21.7898 -1.26181 5.49588 0 166 255
16.8465 -59.7744 19.5244 0 166 255
22.8816 -25.9886 -10.6612 0 166 255
28.6782 19.9809 -3.43931 0 166 255
23.9611 13.7399 -3.96511 0 166 255
18.3103 -50.0224 -6.67277 0 166 255
24.728 21.5137 -9.07183 0 166 255
24.1982 10.0022 5.38709 0 166 255
25.419 22.9994 -0.653891 0 166 255
14.3589 -65.7643 24.2279 0 166 255
20.1319 -41.9022 -3.13753 0 166 255
20.8832 -20.6641 -7.68776 0 166 255
29.6929 -77.3418 24.1411 0 166 255
24.8057 -6.19464 10.7217 0 166 255
20.5393 -74.7716 28.9956 0 166 255
25.0662 13.3652 -6.22728 0 166 255
25.1476 18.4228 -8.96906 0 166 255
19.1864 -40.5537 -3.75613 0 166 255
19.7424 -43.5305 -2.99642 0 166 255
24.3727 -2.37351 2.79922 0 166 255
31.9934 -45.5994 6.14342 0 166 255
24.5122 13.8568 -12.7691 0 166 255
27.5271 -56.8945 10.9352 0 166 255
24.2713 -25.7116 17.1508 0 166 255
25.8674 -34.2156 0.0190458 0 166 255
32.1043 -23.2538 5.52471 0 166 255
30.6497 -11.227 6.23162 0 166 255
25.0709 22.2193 -10.588 0 166 255
26.656 -17.5019 -1.536 0 166 255
24.3195 -40.6682 15.3802 0 166 255
31.917 -27.6083 8.68051 0 166 255
30.9226 -47.5191 2.76748 0 166 255
27.7936 -5.04582 -11.624 0 166 255
27.8858 1.41896 5.66416 0 166 255
16.0125 -46.073 -3.34783 0 166 255
22.0686 -69.6469 22.9036 0 166 255
23.6043 -13.3294 -7.09242 0 166 255
26.0663 -6.07838 9.94313 0 166 255
29.2979 -74.4302 25.5501 0 166 255
23.2898 -36.4461 20.5526 0 166 255
24.9538 -72.8075 21.3695 0 166 255
32.1141 -17.6807 1.21885 0 166 255
32.3585 -31.9894 6.71803 0 166 255
19.2548 -12.8693 14.3587 0 166 255
24.595 -76.1698 25.7311 0 166 255
22.8271 8.31199 4.43296 0 166 255
25.7112 -1.8609 -6.90867 0 166 255
31.5182 -59.736 17.5733 0 166 255
27.1067 -58.4488 7.58124 0 166 255
25.9602 -26.5169 9.79797 0 166 255
18.0999 -52.4176 -2.10356 0 166 255
25.9178 -3.87035 1.05032 0 166 255
16.2666 -49.4646 18.8677 0 166 255
30.3219 -23.8247 -3.28764 0 166 255
27.4623 -14.4799 11.7425 0 166 255
25.9254 -39.5346 -5.80512 0 166 255
23.9981 8.29266 -12.2455 0 166 255
32.0662 -68.719 14.5637 0 166 255
32.201 -35.8617 9.28492 0 166 255
27.4692 -20.8497 4.28535 0 166 255
20.4004 -27.5126 -6.19325 0 166 255
27.4556 24.3855 -9.15715 0 166 255
15.6411 -50.7666 19.6378 0 166 255
20.2675 -70.8196 28.372 0 166 255
24.0971 -77.8279 23.3966 0 166 255
31.904 -18.0245 4.78336 0 166 255
26.3957 -58.5347 5.7716 0 166 255
25.0742 -7.13697 -11.3833 0 166 255
21.9091 -7.90446 -10.2119 0 166 255
18.7166 -40.2908 16.7422 0 166 255
29.771 12.3487 -2.06667 0 166 255
23.2039 -28.5458 18.3786 0 166 255
17.7304 -47.8172 -7.05167 0 166 255
31.9168 -59.8252 9.51704 0 166 255
18.875 -27.6243 -6.55047 0 166 255
26.4583 -75.4048 20.3695 0 166 255
25.9838 -4.49398 -11.5652 0 166 255
26.9257 17.2254 0.377382 0 166 255
21.1724 -20.8335 -10.861 0 166 255
28.0319 -17.6996 12.2928 0 166 255
24.7753 25.2656 -1.11893 0 166 255
31.2331 2.84995 -2.90748 0 166 255
24.515 -31.577 -8.594 0 166 255
28.5924 -69.4693 8.8537 0 166 255
22.1931 -32.2574 19.715 0 166 255
30.4442 10.8544 -3.34459 0 166 255
27.0237 -25.2663 15.4543 0 166 255
20.1814 -74.9769 27.3553 0 166 255
16.6895 -44.6992 -3.49584 0 166 255
24.8215 -35.777 19.7665 0 166 255
16.1164 -55.1114 19.4578 0 166 255
30.3992 -3.84481 3.84612 0 166 255
31.3416 -23.0889 8.76824 0 166 255
27.3923 -12.4861 11.1211 0 166 255
22.1904 2.08263 4.18234 0 166 255
20.5895 -7.73254 10.7309 0 166 255
26.8589 -56.4853 14.6732 0 166 255
32.1976 -52.7885 13.3272 0 166 255
31.0135 -6.94018 3.42476 0 166 255
25.9334 -25.2832 -1.77062 0 166 255
31.984 -14.4577 1.77702 0 166 255
23.9493 -40.245 -1.11514 0 166 255
21.737 -12.7274 -9.05992 0 166 255
31.5949 -41.8359 3.47696 0 166 255
23.2523 4.07961 -12.0787 0 166 255
25.1516 7.04426 5.86557 0 166 255
31.7205 -67.7086 17.81 0 166 255
25.8442 -49.2847 3.15153 0 166 255
25.0277 8.76972 -10.2432 0 166 255
27.0197 -33.104 17.7011 0 166 255
25.4976 -34.4487 19.0479 0 166 255
14.2241 -46.6598 -3.55267 0 166 255
29.6884 -28.7367 -3.55332 0 166 255
25.7036 -18.6684 -10.8266 0 166 255
26.6226 -49.8192 -3.08469 0 166 255
25.4617 12.3864 -9.12207 0 166 255
32.3241 -38.6341 7.22783 0 166 255
21.4719 -12.3263 -11.2223 0 166 255
24.5388 -17.9953 -4.99006 0 166 255
29.0058 15.8357 -2.01823 0 166 255
27.7136 -60.6247 0.00808382 0 166 255
17.2443 -53.2507 18.3701 0 166 255
27.7599 -26.6639 5.02139 0 166 255
21.2546 -26.1248 -6.1669 0 166 255
25.1624 -33.6311 12.8426 0 166 255
30.2387 -46.8967 1.01412 0 166 255
30.3555 -72.8374 23.3074 0 166 255
18.5182 -22.2215 14.9964 0 166 255
22.0991 -42.7102 -2.02761 0 166 255
32.0965 -19.3113 1.32024 0 166 255
22.2142 -58.0157 20.0342 0 166 255
24.8035 -40.9701 21.1617 0 166 255
21.4721 -4.24743 11.3074 0 166 255
20.5389 -52.0693 24.2546 0 166 255
31.8484 -35.9104 3.13186 0 166 255
23.4583 -57.5917 1.54647 0 166 255
25.0257 -68.8767 20.3942 0 166 255
20.0629 -61.3558 26.1282 0 166 255
25.5697 11.1794 -7.02329 0 166 255
23.4745 -66.4634 21.5844 0 166 255
25.7064 -12.5511 5.07499 0 166 255
30.9281 -0.321886 -6.87663 0 166 255
22.5343 4.92346 4.52116 0 166 255
27.2878 -54.5997 12.6997 0 166 255
25.2305 18.6188 1.36729 0 166 255
25.2852 12.0716 3.92573 0 166 255
25.473 -22.5273 9.0712 0 166 255
20.3078 -13.3459 10.0969 0 166 255
30.3193 -7.65203 -7.20625 0 166 255
29.1315 -28.6746 14.4541 0 166 255
27.7189 -25.2655 4.35267 0 166 255
25.1323 -48.0041 16.1995 0 166 255
30.4055 -61.6583 20.7526 0 166 255
27.4568 -64.4176 13.7719 0 166 255
32.3274 -43.4337 8.86125 0 166 255
31.9619 -15.9297 2.721 0 166 255
24.2683 -8.45104 -7.62732 0 166 255
30.1418 -3.70286 -8.33312 0 166 255
32.3612 -37.3454 8.27853 0 166 255
27.6739 -42.009 9.44297 0 166 255
31.7044 -9.61455 -2.12521 0 166 255
17.4466 -29.975 -9.42044 0 166 255
17.1572 -26.9027 18.132 0 166 255
31.8344 -21.6687 6.69847 0 166 255
16.6281 -31.8479 19.1747 0 166 255
23.9928 -63.7963 20.5189 0 166 255
28.2751 -31.8598 16.2698 0 166 255
23.6522 -54.8919 18.7942 0 166 255
30.913 -8.11267 -5.60308 0 166 255
23.9749 -62.0173 2.1914 0 166 255
24.0875 3.19809 -10.8279 0 166 255
17.1989 -44.6106 22.0032 0 166 255
26.741 -31.4091 17.4121 0 166 255
22.6248 -64.5433 21.5908 0 166 255
27.8145 4.74811 4.46553 0 166 255
21.2458 -12.4241 8.81747 0 166 255
27.5548 -45.4258 10.975 0 166 255
31.0042 -25.3594 10.5108 0 166 255
31.0581 4.89592 -3.15477 0 166 255
32.0119 -47.9228 6.76307 0 166 255
29.4937 6.72194 -11.6822 0 166 255
28.0062 -20.4518 13.169 0 166 255
25.896 24.2595 -1.64453 0 166 255
15.8344 -34.1147 -5.58717 0 166 255
25.8482 -43.2438 -5.04734 0 166 255
15.2208 -68.5064 24.3144 0 166 255
22.6628 -30.4961 -4.3594 0 166 255
31.8955 -72.7344 12.4035 0 166 255
23.2252 -0.0155315 -11.1 0 166 255
23.7802 -7.24115 -8.57939 0 166 255
29.3193 -53.8977 0.795682 0 166 255
26.4502 -21.9866 -1.35454 0 166 255
16.714 -28.7919 -8.54077 0 166 255
25.1228 -57.9461 -2.66974 0 166 255
18.9037 -62.4877 26.1665 0 166 255
23.0411 -8.65326 -9.02407 0 166 255
26.5769 -2.50904 -2.07435 0 166 255
28.9354 7.8434 1.74717 0 166 255
30.6652 -78.6511 23.1351 0 166 255
31.4058 -21.4166 -1.30249 0 166 255
32.0147 -59.5027 15.0818 0 166 255
19.0631 -17.16 13.827 0 166 255
28.294 -25.2122 14.3758 0 166 255
31.993 -49.5419 7.08024 0 166 255
30.6311 -9.69126 5.63124 0 166 255
25.652 9.51627 4.63197 0 166 255
31.5663 -4.71724 -1.84027 0 166 255
16.9201 -31.6902 17.5443 0 166 255
27.9541 -36.422 -4.51546 0 166 255
25.2134 -24.5154 16.3638 0 166 255
28.8758 -68.5129 24.5909 0 166 255
16.7806 -34.638 -7.92774 0 166 255
28.5879 -57.4491 22.4014 0 166 255
31.1736 -65.1161 7.18943 0 166 255
27.5475 -15.4957 -9.85945 0 166 255
26.1898 -51.3047 15.1978 0 166 255
20.1313 -22.8796 17.3254 0 166 255
31.968 -50.4431 14.3246 0 166 255
31.2515 -18.827 -2.44154 0 166 255
24.9227 -21.5586 -3.95539 0 166 255
31.2214 -66.9339 19.7419 0 166 255
29.0306 -20.2394 -6.60303 0 166 255
27.3894 -54.6412 7.8053 0 166 255
24.625 -5.55993 -11.7249 0 166 255
25.2389 -44.6284 15.4479 0 166 255
24.9286 -19.8908 -4.18411 0 166 255
22.6062 0.607689 -12.439 0 166 255
32.1498 -51.1961 8.60072 0 166 255
26.7059 -49.2326 4.56015 0 166 255
29.8722 21.8823 -8.26954 0 166 255
26.9505 -60.8471 15.3843 0 166 255
25.824 1.92794 -7.41959 0 166 255
31.7525 -19.0311 5.98455 0 166 255
25.3055 16.9673 -9.63496 0 166 255
28.3545 -2.69561 -11.7043 0 166 255
32.1343 -18.5169 3.18636 0 166 255
32.1969 -58.9795 12.8375 0 166 255
20.2398 -17.0855 -10.7376 0 166 255
28.8397 -3.88848 -10.7436 0 166 255
22.7856 -58.7673 0.832506 0 166 255
17.0416 -69.549 27.2786 0 166 255
24.0754 -7.23081 5.12117 0 166 255
19.9549 -42.5194 17.3521 0 166 255
24.9863 -42.6144 15.2639 0 166 255
31.7578 -13.1753 3.47486 0 166 255
18.1044 -58.4109 19.7498 0 166 255
31.4374 -72.8982 20.1605 0 166 255
15.6332 -52.5733 -2.73599 0 166 255
21.5206 -19.3175 -7.66887 0 166 255
29.8244 -5.5123 5.68227 0 166 255
18.908 -65.9978 21.6416 0 166 255
31.7589 -11.3744 -1.41924 0 166 255
29.3743 20.8022 -5.67233 0 166 255
27.0279 -2.35982 7.88505 0 166 255
27.3625 -65.6798 14.7562 0 166 255
23.5249 18.6981 -5.41613 0 166 255
31.6068 -49.0524 15.4606 0 166 255
29.7996 -16.5375 9.77996 0 166 255
30.617 9.16193 -3.07499 0 166 255
24.6157 0.299417 -12.1232 0 166 255
21.0882 -68.455 27.8987 0 166 255
16.5585 -56.5027 24.2278 0 166 255
19.643 -27.1003 -10.4606 0 166 255
19.7417 -15.6712 12.2598 0 166 255
25.5478 -58.8196 25.0221 0 166 255
20.9435 -8.60801 8.79205 0 166 255
23.6929 -27.5849 -10.0079 0 166 255
21.8933 -61.5783 20.9743 0 166 255
23.65 -77.5925 24.8261 0 166 255
23.2014 -48.0435 -5.62172 0 166 255
30.6605 -75.9569 23.4119 0 166 255
31.2047 -55.8735 17.8344 0 166 255
30.8068 10.5453 -5.99333 0 166 255
19.9259 -12.4508 12.1137 0 166 255
31.4506 -16.0806 5.92382 0 166 255
17.8446 -24.5728 16.0188 0 166 255
25.4568 -28.5005 -8.75803 0 166 255
22.8962 -52.4759 18.7869 0 166 255
31.2817 -55.3458 5.46724 0 166 255
23.4344 11.1399 1.8706 0 166 255
27.7544 -46.1147 7.5204 0 166 255
30.4 16.3007 -7.50276 0 166 255
27.516 -22.4576 4.93193 0 166 255
29.0327 13.5931 -1.00271 0 166 255
30.2565 18.4206 -10.5948 0 166 255
21.5701 -8.9061 7.47869 0 166 255
28.5936 -23.5805 13.5806 0 166 255
18.9282 -19.592 -8.63156 0 166 255
27.022 -70.4047 26.8958 0 166 255
27.6089 -39.8664 19.072 0 166 255
26.4022 -0.906345 -1.66186 0 166 255
30.4289 -77.7235 18.1617 0 166 255
16.6022 -36.3901 20.159 0 166 255
27.6508 -27.9882 6.75933 0 166 255
23.1321 -53.968 -4.49037 0 166 255
17.9519 -64.6331 21.0478 0 166 255
24.3767 -51.3968 1.47465 0 166 255
25.8606 2.00456 -12.1878 0 166 255
17.4574 -37.8874 20.7099 0 166 255
30.0558 -31.9773 14.1807 0 166 255
24.6706 -50.3321 23.4971 0 166 255
22.5101 -53.5934 0.195417 0 166 255
25.7499 5.80144 -8.15206 0 166 255
26.0335 -6.90842 2.31476 0 166 255
19.088 -64.2206 26.6062 0 166 255
32.0298 -70.7184 15.8323 0 166 255
29.6895 10.7881 -1.04257 0 166 255
27.5277 -60.753 12.1367 0 166 255
23.0252 -59.1729 25.8188 0 166 255
21.4377 -66.5048 27.4598 0 166 255
18.4772 -44.1946 -3.3423 0 166 255
21.9251 -56.2102 25.2225 0 166 255
16.8864 -53.779 -2.3774 0 166 255
23.621 -22.018 -10.9093 0 166 255
26.6 -61.604 6.74079 0 166 255
32.0448 -71.3262 13.5503 0 166 255
31.4281 -11.3526 -3.06496 0 166 255
19.7066 -53.0877 -1.93455 0 166 255
27.4186 23.8866 -3.26674 0 166 255
23.6662 -11.8945 -10.9322 0 166 255
30.3014 -11.1634 -6.58488 0 166 255
28.9613 -12.4039 -8.62574 0 166 255
21.9296 -45.4699 -1.60751 0 166 255
24.4557 -38.0794 -0.967712 0 166 255
20.6668 -18.1973 15.9128 0 166 255
32.1971 -39.1193 10.5667 0 166 255
26.3742 -53.2443 23.3169 0 166 255
31.0484 -2.80842 -6.12975 0 166 255
24.5553 15.4301 -12.8455 0 166 255
22.0606 -56.7929 0.230185 0 166 255
26.7629 -45.8077 4.08279 0 166 255
27.5077 -53.1776 11.3473 0 166 255
23.7623 -36.8542 -1.97372 0 166 255
31.9237 -71.0717 11.7991 0 166 255
15.0052 -59.7464 21.6839 0 166 255
31.9406 -63.2213 15.9144 0 166 255
31.843 -20.542 0.0203481 0 166 255
32.1119 -34.1478 9.68406 0 166 255
24.8997 -31.3536 12.5319 0 166 255
24.8929 11.3382 -11.0296 0 166 255
27.7737 -46.3863 9.48196 0 166 255
24.284 -11.0928 -6.83402 0 166 255
26.9917 -26.8617 8.3242 0 166 255
17.756 -28.5551 18.6831 0 166 255
23.7511 -64.8853 26.9612 0 166 255
20.6373 -23.5265 -10.8982 0 166 255
30.0652 17.5852 -11.9693 0 166 255
19.0464 -30.9271 -9.86988 0 166 255
28.7401 -76.8913 17.9586 0 166 255
32.2781 -27.0222 5.77865 0 166 255
27.7973 -42.7185 7.40163 0 166 255
30.1595 -16.0938 -5.7154 0 166 255
29.66 -37.2202 -1.88773 0 166 255
20.2745 -35.3113 -9.19289 0 166 255
23.1481 -3.33901 4.41648 0 166 255
17.258 -40.1663 17.5266 0 166 255
19.3363 -17.1493 15.6645 0 166 255
24.9919 14.2052 -11.4299 0 166 255
27.7513 -36.4746 18.0506 0 166 255
20.7105 -37.9051 -3.78871 0 166 255
32.2415 -47.0142 8.04029 0 166 255
27.1502 -24.9436 7.2257 0 166 255
25.3798 -5.07609 -6.82648 0 166 255
30.9799 -13.0499 6.18902 0 166 255
18.1172 -62.6519 20.6741 0 166 255
30.6668 -68.221 21.5441 0 166 255
24.0748 -39.7594 -6.93091 0 166 255
26.525 -59.4853 16.1013 0 166 255
31.3367 0.86293 -2.3025 0 166 255
23.2588 -31.5306 13.7422 0 166 255
23.5117 -46.877 17.5341 0 166 255
31.0697 -53.6994 4.49801 0 166 255
17.2276 -38.9539 -4.45534 0 166 255
30.146 14.0993 -11.3637 0 166 255
26.3228 -50.1132 22.6042 0 166 255
15.2158 -49.4605 20.1631 0 166 255
24.1472 -67.9493 21.2708 0 166 255
23.8271 -30.4947 18.6913 0 166 255
19.7261 -29.8353 14.4118 0 166 255
20.2388 -49.2909 23.6505 0 166 255
27.1254 -41.9683 4.26907 0 166 255
28.533 -37.555 -3.52881 0 166 255
23.5355 15.3473 3.5658 0 166 255
26.314 -66.3372 17.8963 0 166 255
25.5616 -77.5794 22.4128 0 166 255
15.9801 -37.1339 -6.39865 0 166 255
22.4681 -15.1488 -10.7043 0 166 255
27.6661 -27.6168 3.6446 0 166 255
32.0005 -72.491 16.2786 0 166 255
25.1065 -7.27314 -6.67612 0 166 255
25.7592 -15.7497 6.42746 0 166 255
30.9622 -20.2051 -2.87361 0 166 255
32.0433 -57.3414 14.5793 0 166 255
24.7274 -17.953 8.21848 0 166 255
26.231 0.867222 7.37142 0 166 255
28.0405 10.5889 1.82261 0 166 255
27.5367 -76.8304 24.7255 0 166 255
17.1929 -62.1223 25.6154 0 166 255
27.1142 -72.8589 17.8492 0 166 255
32.0962 -65.946 13.5874 0 166 255
14.4819 -70.4737 25.9013 0 166 255
26.6764 15.531 1.33368 0 166 255
28.1058 -51.3712 21.5003 0 166 255
31.1506 -19.2468 8.13332 0 166 255
17.7178 -28.1636 16.5263 0 166 255
23.4146 16.6102 -4.12317 0 166 255
25.9452 -21.1047 -2.48931 0 166 255
16.367 -72.128 22.8975 0 166 255
26.5677 -7.56472 -3.15267 0 166 255
18.3823 -54.1592 24.2664 0 166 255
24.4821 -51.1275 -4.3498 0 166 255
30.6582 -58.4322 4.16445 0 166 255
14.9312 -62.3224 24.7193 0 166 255
15.0271 -47.2067 -5.53915 0 166 255
24.4235 -7.52119 11.3737 0 166 255
18.0702 -45.8731 -7.38985 0 166 255
22.382 -27.4004 -5.25997 0 166 255
22.0382 -5.89333 -10.7211 0 166 255
28.9203 -22.5175 -6.15254 0 166 255
28.7271 -48.2015 -1.09475 0 166 255
13.9579 -60.7792 22.9687 0 166 255
27.9096 -32.0176 6.32397 0 166 255
24.512 -55.7249 -3.43727 0 166 255
20.7392 -68.8745 22.8443 0 166 255
29.8363 -54.6992 20.2595 0 166 255
17.0396 -47.425 22.5126 0 166 255
28.7005 -0.164948 -11.6846 0 166 255
16.4014 -52.1189 -5.67038 0 166 255
20.3007 -49.8681 -1.77621 0 166 255
21.6342 -5.67251 6.22961 0 166 255
20.8357 -36.1935 20.8873 0 166 255
22.3077 -17.2331 -7.54669 0 166 255
29.2796 -62.0447 22.6128 0 166 255
25.4531 -31.243 -1.07482 0 166 255
21.4555 -55.0348 19.6163 0 166 255
19.7613 -29.632 19.1862 0 166 255
26.3525 -13.3907 12.2224 0 166 255
32.2028 -40.1123 6.0016 0 166 255
31.7883 -14.8096 3.98695 0 166 255
32.3336 -34.1948 5.95618 0 166 255
30.8189 9.67229 -7.53523 0 166 255
16.0468 -68.262 22.3811 0 166 255
31.3753 -0.793856 -1.31641 0 166 255
23.0336 -1.67688 3.82506 0 166 255
32.0953 -63.8223 14.1612 0 166 255
17.3345 -33.2213 -5.68727 0 166 255
29.6963 22.8545 -10.0787 0 166 255
27.1472 9.64054 3.25569 0 166 255
32.0582 -69.6346 13.1838 0 166 255
21.9879 -16.7627 -10.6156 0 166 255
31.6491 -17.4044 -1.38739 0 166 255
29.8936 2.34507 2.39143 0 166 255
19.0903 -21.203 13.7319 0 166 255
25.618 6.69898 -3.08102 0 166 255
26.7332 13.0812 -12.661 0 166 255
26.4558 -53.368 15.2106 0 166 255
28.9474 -0.553102 5.14883 0 166 255
30.6878 -21.878 -3.00986 0 166 255
25.0897 -31.5757 18.4512 0 166 255
31.129 3.46446 -5.93337 0 166 255
15.6561 -63.8643 21.8079 0 166 255
31.2114 1.09338 -5.56214 0 166 255
24.358 -22.5699 16.1994 0 166 255
29.9269 -24.4933 12.1873 0 166 255
25.4996 -54.5761 3.47032 0 166 255
25.1976 -12.5363 12.6525 0 166 255
30.0397 -20.1319 10.64 0 166 255
29.6872 -5.23106 -8.99043 0 166 255
26.849 -22.2301 7.03486 0 166 255
30.9328 3.61999 -1.32778 0 166 255
26.7896 -71.5652 18.5936 0 166 255
28.9451 -10.3063 8.77683 0 166 255
28.9661 24.1597 -9.70842 0 166 255
24.9644 -74.3164 21.8867 0 166 255
26.4009 -63.0706 0.770445 0 166 255
24.6906 -12.4446 -5.94608 0 166 255
25.4617 -17.874 -3.61991 0 166 255
22.7811 2.27806 -12.2585 0 166 255
29.9534 15.6231 -4.40016 0 166 255
31.0228 5.10555 -6.24842 0 166 255
23.8372 -61.7362 26.2461 0 166 255
27.4371 -61.1291 10.3419 0 166 255
24.4585 14.4522 -5.20325 0 166 255
27.9561 8.38943 2.82954 0 166 255
29.6305 -7.70731 -8.58684 0 166 255
19.7613 -61.7426 20.8634 0 166 255
22.3345 3.26188 5.26699 0 166 255
23.4462 11.0792 0.126187 0 166 255
30.1024 -71.2647 23.421 0 166 255
27.203 -19.1788 4.61022 0 166 255
32.0592 -63.7231 12.0693 0 166 255
27.5249 -69.0103 13.8425 0 166 255
23.8075 -60.0339 -0.310319 0 166 255
17.6112 -67.0981 21.4288 0 166 255
30.235 16.179 -5.97089 0 166 255
15.9499 -35.6231 -6.3543 0 166 255
21.9523 -22.1051 -6.69114 0 166 255
21.0023 -17.8993 -8.28441 0 166 255
31.1285 -33.4229 12.7372 0 166 255
18.3913 -34.1728 20.1317 0 166 255
25.0983 -65.1402 19.6312 0 166 255
30.6485 -80.8299 21.228 0 166 255
26.6964 21.3105 -1.16346 0 166 255
15.9431 -29.0178 -6.92781 0 166 255
25.0595 -28.6216 17.6134 0 166 255
26.2439 -9.20028 2.81671 0 166 255
27.4633 -48.5333 21.4015 0 166 255
31.5962 -32.9132 11.3443 0 166 255
13.2714 -53.1391 -3.43288 0 166 255
17.1189 -43.2347 -3.75304 0 166 255
27.7258 -43.5527 -3.25231 0 166 255
15.1818 -54.3048 20.5248 0 166 255
25.534 -21.6458 15.3511 0 166 255
21.3655 -11.3899 13.6767 0 166 255
27.2183 19.8754 -12.1493 0 166 255
30.398 3.04522 -8.99909 0 166 255
30.0304 15.7835 -12.0402 0 166 255
15.4773 -38.3169 -5.59928 0 166 255
26.459 -60.2986 24.8457 0 166 255
19.1293 -15.9498 -9.61456 0 166 255
23.5513 25.1029 -7.83687 0 166 255
31.6931 -76.0198 19.7075 0 166 255
24.3624 -52.616 17.9002 0 166 255
31.9483 -12.9033 0.350612 0 166 255
25.3681 -37.6267 13.5793 0 166 255
21.4439 -48.9999 18.6945 0 166 255
27.4337 -58.1699 11.6897 0 166 255
21.3812 -71.289 23.3329 0 166 255
23.9207 -51.8931 24.0852 0 166 255
14.27 -62.5768 23.2173 0 166 255
22.7818 6.48144 4.03857 0 166 255
31.7693 -10.1524 1.50658 0 166 255
24.7943 -66.6647 20.3547 0 166 255
25.1701 18.2529 -10.5505 0 166 255
25.8529 -40.8975 13.845 0 166 255
28.2394 -49.9969 21.0082 0 166 255
32.3076 -51.969 11.8951 0 166 255
30.1685 -18.2748 -5.14036 0 166 255
26.0112 -23.4882 -1.9676 0 166 255
19.6472 -51.5669 -1.74182 0 166 255
26.5428 21.4275 -9.77357 0 166 255
20.5699 -38.993 -8.30681 0 166 255
30.6645 -38.2559 14.9843 0 166 255
31.1928 -25.0369 -0.890316 0 166 255
22.6065 -24.6296 12.2553 0 166 255
24.1302 -3.28464 10.0765 0 166 255
29.3023 -49.353 -0.0712109 0 166 255
25.6281 9.37501 -8.72421 0 166 255
31.8443 -29.0456 9.39428 0 166 255
31.8496 -75.7678 15.8879 0 166 255
29.2557 -40.5317 -1.89023 0 166 255
21.4895 -61.8424 26.4019 0 166 255
23.272 -11.4196 -8.03076 0 166 255
22.7361 -25.1455 17.5689 0 166 255
19.0247 -36.1596 20.6831 0 166 255
28.6651 -31.3044 -4.615 0 166 255
25.0952 16.5516 -11.2673 0 166 255
23.1856 -49.6883 -5.30131 0 166 255
15.2407 -54.6643 23.1433 0 166 255
25.6825 -59.6257 4.65752 0 166 255
25.3645 15.6248 -8.54365 0 166 255
26.0732 -33.3488 -7.09623 0 166 255
31.3906 -68.6224 19.468 0 166 255
23.0572 -21.0385 -6.06132 0 166 255
20.1486 -11.2667 -11.3802 0 166 255
17.3466 -20.9179 -8.55329 0 166 255
25.5496 -18.8556 14.4852 0 166 255
21.0209 -12.8109 14.1907 0 166 255
30.7676 4.08281 -7.77633 0 166 255
26.6834 25.4169 -5.39484 0 166 255
26.2253 24.1005 -7.12398 0 166 255
22.9714 -59.9944 20.2588 0 166 255
27.8164 -41.1686 7.93404 0 166 255
26.0085 6.47876 -4.81036 0 166 255
28.8871 7.4701 -12.9165 0 166 255
26.8182 17.379 -12.6852 0 166 255
23.8281 -26.266 11.8176 0 166 255
17.4866 -40.5802 -4.14849 0 166 255
30.6764 -32.7139 -0.75681 0 166 255
27.5871 -30.8367 7.89697 0 166 255
29.3166 22.4654 -6.43044 0 166 255
30.8045 -39.774 15.1277 0 166 255
25.4405 -46.3678 15.5425 0 166 255
26.525 10.9764 3.34301 0 166 255
23.8949 -45.8672 22.7622 0 166 255
32.0751 -54.8712 9.18316 0 166 255
25.4717 -21.8447 -10.3629 0 166 255
26.3552 -2.95349 -0.582961 0 166 255
26.3762 -37.9702 -5.78509 0 166 255
24.219 -45.3461 16.7448 0 166 255
27.1288 -23.0818 0.753951 0 166 255
32.0893 -42.5072 12.1774 0 166 255
21.0163 -60.1442 25.9929 0 166 255
31.9169 -77.2096 18.5898 0 166 255
25.0034 -6.87089 3.83609 0 166 255
27.8909 -10.315 9.90308 0 166 255
23.9807 -46.2711 0.101059 0 166 255
27.7159 -20.1091 -8.49955 0 166 255
27.4072 -18.28 2.69019 0 166 255
26.8394 -67.0866 16.4261 0 166 255
28.2371 -41.7961 -3.01196 0 166 255
31.0935 -62.7065 19.4112 0 166 255
14.5746 -42.3791 19.7912 0 166 255
18.6119 -24.1747 -7.45825 0 166 255
28.004 3.17354 4.87573 0 166 255
15.4294 -70.477 24.344 0 166 255
30.0631 -20.7423 -4.65312 0 166 255
32.1459 -24.8117 5.66922 0 166 255
22.0476 -56.4895 -1.75556 0 166 255
26.5724 -4.46099 9.01133 0 166 255
15.1941 -36.763 18.9221 0 166 255
27.0529 21.3846 -11.3135 0 166 255
32.2753 -30.2838 7.20736 0 166 255
26.7051 -47.2132 13.7902 0 166 255
22.9237 -5.65344 5.48306 0 166 255
27.3627 -62.3313 14.1977 0 166 255
21.8187 -2.8109 -11.994 0 166 255
23.6521 15.5113 1.60935 0 166 255
26.982 -18.054 -9.88168 0 166 255
19.1244 -12.3798 -10.8643 0 166 255
16.3802 -30.9579 -7.84487 0 166 255
23.1902 23.1375 -4.00682 0 166 255
18.7434 -14.0978 -10.2602 0 166 255
15.203 -56.2439 20.4977 0 166 255
13.7369 -49.9352 -3.58481 0 166 255
26.7469 -63.7904 16.1696 0 166 255
26.955 -39.5072 3.14598 0 166 255
31.3111 -21.352 8.36742 0 166 255
16.1791 -27.531 -7.35568 0 166 255
25.2092 -62.6666 18.8305 0 166 255
26.6343 -24.4945 -0.403497 0 166 255
20.2575 -41.8669 22.1252 0 166 255
15.6467 -48.0795 19.4185 0 166 255
28.7285 19.0305 -11.5413 0 166 255
16.5422 -51.0885 -2.52592 0 166 255
22.9427 -38.1998 -2.36858 0 166 255
26.9917 -56.7945 23.7054 0 166 255
31.9719 -30.726 9.36355 0 166 255
14.825 -50.4053 -5.05442 0 166 255
31.021 -2.49315 1.59342 0 166 255
29.7632 12.6732 -12.2661 0 166 255
18.792 -44.9899 22.4789 0 166 255
23.9953 -69.8394 21.6486 0 166 255
23.3318 -9.97632 -8.30018 0 166 255
29.6721 -1.75171 4.52547 0 166 255
20.4175 -12.9909 -9.86717 0 166 255
24.9525 -36.5316 -0.734884 0 166 255
23.7458 -25.055 -4.60887 0 166 255
23.169 -34.9398 -8.46122 0 166 255
30.1148 18.7176 -7.33196 0 166 255
25.4361 -51.8383 23.5044 0 166 255
25.2059 -55.5377 24.4427 0 166 255
17.695 -18.914 -10.1496 0 166 255
29.9191 -32.8645 -2.28673 0 166 255
30.9194 8.80716 -5.79771 0 166 255
25.6869 23.5859 -9.78479 0 166 255
29.6619 -22.9156 12.1418 0 166 255
18.681 -73.0116 23.6024 0 166 255
29.7555 -59.7328 2.53701 0 166 255
18.1964 -32.3762 15.9933 0 166 255
26.3035 -77.3275 20.9114 0 166 255
17.7517 -42.7672 16.8644 0 166 255
28.9652 -16.3734 -7.66926 0 166 255
22.94 -47.3014 -0.565176 0 166 255
26.7872 2.83435 6.18545 0 166 255
31.3397 1.14468 -4.10893 0 166 255
21.8873 -76.5913 25.0693 0 166 255
30.6344 -30.8435 12.9206 0 166 255
18.0297 -74.8612 27.3255 0 166 255
30.3713 -39.6369 -0.0785642 0 166 255
30.7744 -16.9934 8.18589 0 166 255
30.2566 -74.4124 23.8965 0 166 255
16.9263 -38.121 17.9412 0 166 255
29.5157 -1.32909 -9.87875 0 166 255
32.163 -44.1115 7.1369 0 166 255
22.5279 -40.0563 16.4887 0 166 255
18.1919 -52.0076 -6.36529 0 166 255
29.7017 -63.8355 22.3781 0 166 255
27.0824 -18.5912 13.3818 0 166 255
21.2017 -27.2294 13.6216 0 166 255
23.7308 1.81914 1.86758 0 166 255
24.2963 -63.4511 26.509 0 166 255
27.8808 -35.8503 6.3704 0 166 255
20.1347 -38.1583 21.2855 0 166 255
30.5804 12.8893 -6.60831 0 166 255
23.1961 -20.7121 16.0914 0 166 255
22.6455 -39.7601 -2.30825 0 166 255
18.2875 -30.3735 15.6075 0 166 255
25.6964 -56.3434 -2.5582 0 166 255
27.0139 -19.3937 -0.0510936 0 166 255
32.2592 -46.3592 11.5877 0 166 255
27.4947 -48.854 11.8823 0 166 255
23.0324 -11.5518 7.46723 0 166 255
32.301 -50.7522 10.1789 0 166 255
24.1865 -55.471 1.95118 0 166 255
29.9521 -68.1918 22.9714 0 166 255
14.9573 -39.2173 19.4491 0 166 255
31.0932 -52.5225 17.523 0 166 255
30.3568 17.6495 -8.82959 0 166 255
28.28 -39.0838 -3.52761 0 166 255
29.3341 -37.343 16.6393 0 166 255
25.9904 -14.2857 5.31101 0 166 255
15.4032 -39.9205 -5.82325 0 166 255
24.6847 6.78011 -10.5216 0 166 255
23.2828 18.2079 -3.99432 0 166 255
28.1979 -21.6078 -7.48235 0 166 255
29.1763 -46.887 -0.72704 0 166 255
21.0124 -7.77632 -11.7001 0 166 255
23.364 -15.9173 14.5413 0 166 255
23.5941 17.2244 1.12276 0 166 255
24.2915 -14.0788 -6.02151 0 166 255
14.4552 -48.4426 -4.563 0 166 255
21.2392 -7.39595 7.22423 0 166 255
25.1227 -10.4439 -5.8484 0 166 255
31.6304 -25.8156 0.546461 0 166 255
27.2281 -15.5809 0.260037 0 166 255
19.3659 -25.6163 -10.5538 0 166 255
26.7383 -10.7808 2.14027 0 166 255
17.4677 -75.6698 25.9637 0 166 255
19.6837 -69.9094 23.0091 0 166 255
16.627 -46.3266 -6.87435 0 166 255
23.1027 -23.2775 -5.52804 0 166 255
26.8934 -43.6513 4.04838 0 166 255
28.1962 17.1567 -1.24966 0 166 255
27.5925 -70.6747 13.6269 0 166 255
23.5765 15.5129 -2.83947 0 166 255
23.7446 -53.824 1.25674 0 166 255
21.4377 -14.3198 -8.89032 0 166 255
14.9196 -64.3076 23.1554 0 166 255
29.6497 -30.2428 14.2651 0 166 255
30.7168 11.9755 -7.81655 0 166 255
28.9994 2.70692 3.83397 0 166 255
25.0685 16.9438 -7.97493 0 166 255
17.6526 -29.1445 -6.40082 0 166 255
20.6721 -56.82 19.8806 0 166 255
23.6626 13.107 -1.06269 0 166 255
26.5867 -13.8919 3.88396 0 166 255
24.081 26.871 -2.29736 0 166 255
20.8527 -30.2681 -10.2073 0 166 255
28.0142 -45.7673 20.2206 0 166 255
30.4431 -27.7629 12.3682 0 166 255
20.2926 -9.81407 11.3801 0 166 255
22.9805 7.78347 3.01612 0 166 255
28.6525 -52.6571 -0.363226 0 166 255
14.0401 -58.7301 22.8552 0 166 255
25.7909 -70.0506 19.7745 0 166 255
23.5172 16.7247 2.97746 0 166 255
25.5904 4.3834 -1.81562 0 166 255
27.0265 -20.3832 5.86169 0 166 255
24.6452 -56.407 18.2952 0 166 255
26.3198 -50.5671 4.18356 0 166 255
32.3487 -48.378 10.7485 0 166 255
21.9293 -72.937 23.7423 0 166 255
16.8086 -35.9783 -5.09925 0 166 255
22.3685 3.18726 3.04681 0 166 255
17.8963 -26.4624 16.1966 0 166 255
21.2602 -5.584 8.39145 0 166 255
30.6283 -54.3654 18.8409 0 166 255
30.4919 -60.224 4.07402 0 166 255
27.0887 -12.149 1.15845 0 166 255
19.4478 -35.8159 16.0249 0 166 255
28.7977 17.3751 -13.1958 0 166 255
17.7742 -39.8657 21.1919 0 166 255
24.2547 -44.474 0.0176501 0 166 255
21.9468 -30.3349 14.2412 0 166 255
31.6854 -7.40096 -0.0242324 0 166 255
19.9619 -51.1194 -6.09389 0 166 255
18.3662 -41.2653 21.6208 0 166 255
23.2427 25.1019 -4.47336 0 166 255
20.3457 -47.4947 -6.62956 0 166 255
22.9397 -4.2813 -10.4101 0 166 255
31.1876 -28.8121 11.223 0 166 255
21.5226 -13.8882 9.19771 0 166 255
23.3531 8.59254 -0.341888 0 166 255
30.705 -8.32693 4.77274 0 166 255
25.193 -58.4271 3.61419 0 166 255
25.0944 -51.3622 16.8941 0 166 255
24.7201 -39.1887 20.7229 0 166 255
27.3212 -51.0354 -2.1614 0 166 255
29.6415 -40.6382 17.1532 0 166 255
24.9222 -42.9788 0.478798 0 166 255
27.3335 -56.4184 12.7497 0 166 255
24.4473 -60.4178 19.1934 0 166 255
24.6886 18.5661 -7.20737 0 166 255
27.7692 20.8349 -2.34835 0 166 255
31.8712 -14.2865 -0.59896 0 166 255
31.4247 -64.2996 18.5225 0 166 255
23.2875 -29.9008 13.2803 0 166 255
24.5083 -48.1432 23.0565 0 166 255
27.9614 12.1873 -12.9009 0 166 255
22.5523 -15.422 9.12969 0 166 255
16.8237 -65.701 26.3085 0 166 255
23.0539 -9.10903 -11.4498 0 166 255
21.0493 -24.0731 -6.73947 0 166 255
16.2693 -38.6681 -6.86865 0 166 255
31.4895 -2.65125 -1.64099 0 166 255
21.5319 -23.4553 17.3469 0 166 255
21.8085 -41.5101 17.0986 0 166 255
30.5603 -36.3669 -0.314204 0 166 255
31.5552 -5.19814 -3.67104 0 166 255
26.3954 -9.45879 10.8598 0 166 255
28.6823 -56.5632 0.335978 0 166 255
24.0794 -32.7019 19.2363 0 166 255
27.4141 -42.1441 19.8341 0 166 255
31.3602 -14.4602 5.67321 0 166 255
26.7534 -21.8655 -9.25299 0 166 255
22.3276 -27.1006 18.2351 0 166 255
26.4534 -55.1783 5.25424 0 166 255
14.7498 -43.1808 -3.88103 0 166 255
23.2584 -57.8271 -2.77065 0 166 255
18.1901 -52.6982 -4.90683 0 166 255
27.2031 -15.6041 2.52497 0 166 255
18.5636 -47.46 -2.77576 0 166 255
25.149 -41.1824 0.388521 0 166 255
26.6501 -72.3695 27.6729 0 166 255
21.3503 -4.63892 -11.9395 0 166 255
30.5961 11.7158 -4.88119 0 166 255
32.3803 -39.6217 8.98485 0 166 255
19.8805 -20.4616 11.8045 0 166 255
24.4741 -1.82982 9.40394 0 166 255
16.2949 -47.849 -6.4469 0 166 255
24.1015 13.529 4.11571 0 166 255
29.3174 -42.9912 -1.31984 0 166 255
19.0027 -52.8569 -3.47201 0 166 255
27.4104 -65.6897 10.5902 0 166 255
24.3999 11.2527 -13.102 0 166 255
26.4426 1.4668 -3.44835 0 166 255
31.5803 -31.353 10.9848 0 166 255
15.2385 -49.1145 -2.84003 0 166 255
25.5056 -17.0318 13.9364 0 166 255
30.2764 -18.3276 9.63168 0 166 255
31.1145 -4.55566 -5.65425 0 166 255
26.167 3.21127 -2.8691 0 166 255
27.5398 -66.1601 12.3506 0 166 255
26.1995 -68.2152 18.8892 0 166 255
23.1668 -17.7102 -10.576 0 166 255
31.6113 -52.0612 16.0496 0 166 255
16.6455 -72.1247 27.7688 0 166 255
30.451 -53.6417 2.85205 0 166 255
29.4728 4.83448 -11.3961 0 166 255
21.3903 -19.07 -10.7167 0 166 255
17.2257 -42.8676 21.6534 0 166 255
29.0832 -33.4656 15.8814 0 166 255
14.5676 -66.645 25.6625 0 166 255
19.0607 -19.2161 16.2601 0 166 255
14.2001 -53.3421 22.0432 0 166 255
19.9984 -33.509 -9.6082 0 166 255
17.2201 -55.1669 24.1601 0 166 255
20.4954 -63.1222 26.5912 0 166 255
24.9497 -9.09857 11.6406 0 166 255
26.0247 7.84524 4.98167 0 166 255
31.6825 -34.2572 2.26283 0 166 255
16.4358 -51.7026 23.1483 0 166 255
27.8592 14.2391 -12.742 0 166 255
26.6808 -30.7352 0.845136 0 166 255
21.7572 -47.8765 -6.16496 0 166 255
31.3005 -8.90744 3.29164 0 166 255
23.3125 -43.079 22.2537 0 166 255
27.7623 -32.3554 4.50062 0 166 255
24.8395 -47.438 -4.87824 0 166 255
27.3951 -36.0869 10.3047 0 166 255
26.6127 -18.7685 6.09936 0 166 255
27.7059 -51.8295 10.1888 0 166 255
26.2758 2.89072 -4.5225 0 166 255
19.0291 -27.2848 18.5399 0 166 255
25.9788 -1.39834 0.037457 0 166 255
26.0222 -7.75101 10.5414 0 166 255
18.2428 -22.6646 17.1983 0 166 255
30.6927 -65.9905 20.9996 0 166 255
23.2087 -76.109 23.9295 0 166 255
24.5359 3.13494 -12.2762 0 166 255
20.0484 -54.1938 19.3495 0 166 255
26.1757 -68.5287 26.9776 0 166 255
16.0935 -52.4569 19.2505 0 166 255
15.2867 -62.1753 22.0465 0 166 255
15.6493 -70.5721 27.0639 0 166 255
25.1557 -39.5761 0.122641 0 166 255
30.3062 -41.353 0.103195 0 166 255
27.5852 -47.1601 11.075 0 166 255
27.492 -71.1437 15.4133 0 166 255
27.7026 -50.6394 9.2984 0 166 255
30.7091 -49.367 17.6656 0 166 255
24.8697 -3.86235 2.6802 0 166 255
30.1033 -13.4567 8.17606 0 166 255
30.084 -69.8984 8.23136 0 166 255
31.2842 -5.53191 2.12 0 166 255
28.4165 -29.9484 -5.21396 0 166 255
17.8331 -32.7056 19.6834 0 166 255
16.8179 -43.3342 -7.43873 0 166 255
27.9346 -49.4125 -1.83293 0 166 255
27.1504 -78.6925 23.8942 0 166 255
25.604 -27.5511 -1.70144 0 166 255
28.2498 15.7877 -12.61 0 166 255
27.0384 -27.6394 -7.51721 0 166 255
24.5263 -47.3533 0.954384 0 166 255
30.2869 -15.4186 8.59036 0 166 255
22.3276 1.94262 9.01415 0 166 255
31.7856 -34.6949 11.1465 0 166 255
27.8108 -38.2616 5.92343 0 166 255
15.9287 -63.2729 25.4428 0 166 255
23.6374 17.8276 -1.58345 0 166 255
23.0201 -57.7191 25.507 0 166 255
26.9101 -58.3605 14.838 0 166 255
28.4146 -66.6288 24.7004 0 166 255
27.1593 -65.8306 4.69492 0 166 255
23.9213 22.2559 0.2575 0 166 255
30.4656 14.8081 -6.69393 0 166 255
22.8419 -10.4851 13.0073 0 166 255
24.6716 23.6526 -7.90778 0 166 255
18.2559 -37.2789 -4.64876 0 166 255
27.5666 -63.0371 12.457 0 166 255
31.8489 -9.67982 -0.230312 0 166 255
32.0839 -20.5527 4.92536 0 166 255
15.3575 -73.4803 25.9482 0 166 255
32.0683 -52.8086 8.41817 0 166 255
17.4642 -30.7016 -6.1939 0 166 255
30.6913 6.41524 -1.79258 0 166 255
30.1362 9.73512 -10.8717 0 166 255
24.1425 -29.9641 -2.93341 0 166 255
31.7893 -74.3265 18.7057 0 166 255
24.4531 -2.28275 -9.05823 0 166 255
24.7404 10.2679 -3.33556 0 166 255
17.2801 -73.9609 23.5852 0 166 255
19.421 -33.3457 -5.19106 0 166 255
25.6115 -61.9006 -0.20728 0 166 255
13.6833 -48.3161 -3.04139 0 166 255
21.2021 -47.5 23.4116 0 166 255
28.0222 -58.8806 0.0151391 0 166 255
30.3631 13.9101 -5.17621 0 166 255
31.8541 -46.9774 14.2054 0 166 255
28.1219 -71.1724 12.2815 0 166 255
21.8248 -65.8831 22.067 0 166 255
14.8355 -44.817 -3.53152 0 166 255
25.0518 -60.5164 -1.45518 0 166 255
20.4363 -47.709 18.4748 0 166 255
28.0805 -60.8219 23.7192 0 166 255
27.7247 -35.3424 8.27829 0 166 255
26.6526 27.0301 -4.14944 0 166 255
22.2382 -29.9463 19.0561 0 166 255
16.4437 -41.6952 21.1858 0 166 255
24.5758 -68.6364 27.6496 0 166 255
19.4495 -63.4525 21.1913 0 166 255
22.5181 -43.1294 17.2225 0 166 255
26.53 -48.2168 -3.4916 0 166 255
31.7964 -56.6621 15.9504 0 166 255
28.6605 -42.556 18.7721 0 166 255
13.8718 -63.7787 24.5337 0 166 255
29.1028 -48.7897 19.8288 0 166 255
22.1597 0.0455112 3.85527 0 166 255
25.6529 4.08833 -8.23003 0 166 255
20.7502 -43.9389 -7.23318 0 166 255
31.5822 -25.219 8.89722 0 166 255
26.1365 -29.7214 17.3322 0 166 255
22.9705 6.90273 1.55817 0 166 255
19.2935 -71.6985 23.4192 0 166 255
16.5869 -49.162 22.7087 0 166 255
24.8991 -71.2076 20.9755 0 166 255
30.4267 -51.3221 2.30347 0 166 255
32.0086 -27.4356 2.20459 0 166 255
15.9676 -38.4254 20.3627 0 166 255
15.5242 -68.2189 26.4457 0 166 255
24.8958 -53.5818 -3.61403 0 166 255
27.6215 -50.5211 11.2519 0 166 255
25.6107 -66.6506 26.8009 0 166 255
27.197 -50.6364 13.0453 0 166 255
32.0799 -25.8429 7.17546 0 166 255
25.9432 -56.9312 16.6704 0 166 255
21.3424 -71.8253 28.7456 0 166 255
25.8825 -10.6586 -4.30696 0 166 255
24.7877 -57.9663 18.2829 0 166 255
26.1375 -3.17461 -5.57336 0 166 255
30.003 -11.8201 7.76016 0 166 255
26.7662 -73.5748 19.5576 0 166 255
29.1682 20.3632 -12.3795 0 166 255
27.2583 -64.9686 3.10249 0 166 255
22.7597 -32.1431 -9.3029 0 166 255
25.7718 19.7781 0.437015 0 166 255
27.8332 -29.788 6.35098 0 166 255
24.6784 8.08831 -2.02797 0 166 255
25.0549 2.56299 0.0215502 0 166 255
20.8031 -28.463 18.8616 0 166 255
29.8946 8.11842 -11.2416 0 166 255
22.2272 -27.8549 -10.4836 0 166 255
27.3139 -75.3896 18.4727 0 166 255
27.2875 -34.3991 3.16377 0 166 255
31.9623 -16.0834 -0.10365 0 166 255
30.3788 -27.7275 -2.49635 0 166 255
30.3096 16.3417 -10.4885 0 166 255
24.9878 -25.474 -3.06161 0 166 255
32.2237 -52.8374 9.98416 0 166 255
21.5928 -39.6852 21.6964 0 166 255
27.9571 -12.5666 -9.96521 0 166 255
27.4209 -59.4302 9.6346 0 166 255
26.9369 -21.3478 -0.135619 0 166 255
31.7024 -44.8556 4.73317 0 166 255
25.1432 -9.97516 -10.8672 0 166 255
20.9073 -32.9061 -4.7517 0 166 255
23.1053 9.57439 3.39287 0 166 255
31.4444 -4.00787 -0.168496 0 166 255
21.5702 -41.8853 -7.44973 0 166 255
31.651 -8.50868 1.40037 0 166 255
24.9481 1.20153 0.697012 0 166 255
30.2838 -52.9538 19.1818 0 166 255
28.96 -59.2928 1.2285 0 166 255
25.987 -6.8826 -5.27958 0 166 255
29.2428 -65.2835 23.3865 0 166 255
25.1101 -0.642977 8.64251 0 166 255
18.0555 -24.2045 17.5998 0 166 255
26.3538 -54.0277 -2.49463 0 166 255
18.8157 -59.3586 25.4581 0 166 255
28.2991 -75.0363 16.567 0 166 255
30.5881 -14.6974 -5.0846 0 166 255
23.6707 -39.3561 15.6938 0 166 255
30.9654 -48.9751 3.16877 0 166 255
22.4697 -74.6465 28.6539 0 166 255
17.3846 -33.6806 17.1121 0 166 255
26.5116 -26.3273 -0.448547 0 166 255
29.5943 14.4287 -2.62897 0 166 255
30.4531 -5.32389 -7.34145 0 166 255
26.9045 -57.1286 6.62685 0 166 255
18.989 -51.7305 18.7576 0 166 255
20.0844 -23.0085 -7.46979 0 166 255
30.4556 -1.94272 2.9631 0 166 255
26.1755 -16.3059 -10.8704 0 166 255
23.4988 -34.7539 14.487 0 166 255
22.4305 -52.1105 24.3543 0 166 255
14.6422 -53.8481 -3.29473 0 166 255
22.1614 -41.7274 22.1566 0 166 255
23.6773 -3.17307 -11.9852 0 166 255
20.425 -39.3188 -3.60462 0 166 255
23.1609 -12.275 13.4653 0 166 255
31.2793 -50.7902 16.7159 0 166 255
25.1425 -14.0441 6.55033 0 166 255
30.461 0.676105 1.85258 0 166 255
18.857 -76.1562 24.4962 0 166 255
28.5846 23.115 -4.85918 0 166 255
30.975 -15.7698 -3.76298 0 166 255
31.3432 -79.7239 21.9342 0 166 255
27.3723 -22.2941 14.2915 0 166 255
23.8066 7.52815 6.47548 0 166 255
24.369 -37.8202 -7.20813 0 166 255
32.311 -41.5663 7.69832 0 166 255
20.3636 -35.8881 -4.29996 0 166 255
23.9032 -24.5846 11.2541 0 166 255
31.7043 -55.9931 7.17772 0 166 255
24.9539 -45.6832 1.15538 0 166 255
27.4793 -49.4245 6.57827 0 166 255
31.7909 -67.5562 10.5836 0 166 255
23.4353 22.7434 -2.43849 0 166 255
23.1452 -58.6858 -0.852499 0 166 255
28.197 18.785 -2.04109 0 166 255
29.5159 -55.5399 1.37897 0 166 255
31.5147 -46.3607 4.41556 0 166 255
30.7589 -64.4478 20.535 0 166 255
24.7569 -52.6999 2.1413 0 166 255
32.3178 -30.9043 4.96829 0 166 255
26.5666 -12.3337 3.38253 0 166 255
23.2374 23.4751 -7.24636 0 166 255
30.4724 -37.966 -0.188645 0 166 255
27.739 -48.8948 9.91055 0 166 255
29.8207 -69.567 23.5045 0 166 255
19.6918 -31.7532 -5.43699 0 166 255
25.6387 -18.9443 7.62265 0 166 255
21.7067 -15.9617 -8.33523 0 166 255
29.3266 -14.9496 9.91707 0 166 255
17.8885 -24.5195 -10.1764 0 166 255
20.4572 -52.0489 19.107 0 166 255
30.3467 -48.7285 1.59591 0 166 255
31.9427 -65.8776 11.4187 0 166 255
28.3659 -13.8891 10.6787 0 166 255
31.9425 -75.8846 17.817 0 166 255
22.3092 -36.298 -8.4591 0 166 255
19.1341 -48.5004 -6.7472 0 166 255
27.3842 -51.5588 6.71364 0 166 255
27.4676 -43.4397 11.1153 0 166 255
15.4323 -32.5524 18.7654 0 166 255
26.7925 12.7308 2.37388 0 166 255
25.9662 -17.6605 6.77863 0 166 255
24.6375 -32.5709 -1.86532 0 166 255
29.7748 9.12477 -0.444297 0 166 255
22.0407 -37.5248 21.1289 0 166 255
28.2413 -33.6703 -4.7095 0 166 255
17.7551 -52.6488 23.7907 0 166 255
27.2855 -1.69392 -12.0226 0 166 255
17.5562 -26.7864 -6.96676 0 166 255
30.3061 -63.2946 4.20439 0 166 255
18.7082 -21.0016 16.7761 0 166 255
28.4673 -16.108 11.3284 0 166 255
22.1737 -34.4115 -3.65628 0 166 255
22.0403 -11.091 -9.21404 0 166 255
25.5495 -78.6921 23.3165 0 166 255
20.6488 -49.1618 -6.2515 0 166 255
19.0135 -60.3793 20.3664 0 166 255
29.2295 -12.3237 9.13654 0 166 255
25.432 -77.6947 24.7468 0 166 255
27.0616 -13.5103 2.23429 0 166 255
24.5326 -49.3099 1.23386 0 166 255
21.1373 -25.7578 18.0804 0 166 255
21.1618 -22.6614 12.1644 0 166 255
31.6542 -62.6649 17.4927 0 166 255
13.3992 -51.3891 -3.46172 0 166 255
18.0516 -20.2861 15.3584 0 166 255
26.9543 -51.9405 22.6202 0 166 255
26.8374 -62.0132 24.9789 0 166 255
16.672 -25.1995 17.3468 0 166 255
26.7673 -14.5875 -1.40254 0 166 255
28.2974 21.9298 -9.68951 0 166 255
25.8244 -64.6216 5.61651 0 166 255
27.0988 -67.2716 26.0406 0 166 255
25.0258 -0.689667 1.39692 0 166 255
17.9572 -50.2282 18.1322 0 166 255
18.3238 -49.0787 23.2129 0 166 255
29.6619 -9.26294 -8.197 0 166 255
26.7673 -6.31146 -0.453066 0 166 255
19.2613 -23.297 13.057 0 166 255
23.808 23.8962 -1.13191 0 166 255
29.4878 1.93351 -10.7212 0 166 255
23.2625 -5.00222 11.0268 0 166 255
31.4572 -14.9302 -2.33438 0 166 255
28.4575 -55.9705 22.2183 0 166 255
29.6509 -51.5216 0.891096 0 166 255
28.3364 -47.4678 20.3138 0 166 255
22.9414 -14.9252 -7.4676 0 166 255
28.4337 -58.8936 22.8873 0 166 255
29.8819 -22.2224 -4.54868 0 166 255
27.9769 -28.0041 15.4761 0 166 255
32.155 -32.5317 9.13516 0 166 255
23.5737 -19.1374 9.77974 0 166 255
26.1477 -41.9546 20.6813 0 166 255
17.9422 -38.3446 -8.43871 0 166 255
26.0849 -28.6019 -0.599209 0 166 255
24.0104 -45.2996 -5.78709 0 166 255
27.4615 -39.3717 10.6381 0 166 255
23.7529 -60.2917 2.24454 0 166 255
31.3989 -38.3064 13.4065 0 166 255
23.4578 5.70809 -12.6554 0 166 255
17.2396 -23.1177 -9.44754 0 166 255
31.3372 -68.4898 8.5209 0 166 255
32.1659 -20.7374 3.47268 0 166 255
29.5076 -63.5793 2.78327 0 166 255
30.6231 13.5188 -8.35399 0 166 255
23.3189 -8.94234 12.3274 0 166 255
24.9771 -36.0687 -7.26287 0 166 255
27.8078 -40.5101 -3.78426 0 166 255
27.8161 -33.9094 7.40611 0 166 255
20.9145 -52.3273 -5.61889 0 166 255
20.7138 -15.1218 9.91316 0 166 255
27.4945 -73.4791 16.513 0 166 255
23.7814 16.2223 -1.38894 0 166 255
21.0204 -6.84714 9.17987 0 166 255
28.931 -78.8261 23.4392 0 166 255
22.959 -18.4766 -6.65625 0 166 255
26.0836 -36.1381 0.872799 0 166 255
30.0888 -76.0094 16.6495 0 166 255
20.4161 -6.19383 12.0962 0 166 255
31.7397 -12.9544 -1.35261 0 166 255
31.7059 -59.217 8.04942 0 166 255
23.7924 -31.675 -2.89494 0 166 255
26.4611 -49.4614 14.4184 0 166 255
21.0398 -54.7375 -1.1475 0 166 255
28.2079 -17.8805 -8.4451 0 166 255
15.6994 -75.1726 25.6984 0 166 255
26.6975 -4.50284 -1.86986 0 166 255
