ply
format ascii 1.0
comment Created by Open3D
element vertex 4096
property double x
property double y
property double z
property uchar red
property uchar green
property uchar blue
end_header
12.4248 37.21 -6.08075 255 191 0
11.4799 20.0966 4.00272 255 191 0
13.687 35.9673 -5.13356 255 191 0
17.989 11.7372 6.74579 255 191 0
4.71171 -24.3792 -7.29455 255 191 0
17.1182 14.0323 2.38074 255 191 0
17.8883 31.1955 -3.01483 255 191 0
19.8454 45.3719 -8.22142 255 191 0
4.04415 4.06293 -3.22751 255 191 0
9.6934 25.6657 -3.70918 255 191 0
10.2485 22.7787 -4.60875 255 191 0
20.0883 5.88468 5.28271 255 191 0
18.7491 32.1394 0.382495 255 191 0
12.8566 49.8217 -9.22234 255 191 0
12.8384 23.4917 2.9642 255 191 0
8.46403 -2.78138 -2.51501 255 191 0
8.56792 21.815 -1.30642 255 191 0
10.2063 29.4743 -3.9518 255 191 0
3.48537 -13.2819 -5.62564 255 191 0
22.4315 15.5209 2.81634 255 191 0
14.0839 11.8615 1.62536 255 191 0
15.129 -14.3297 -10.4347 255 191 0
17.8762 -1.94186 9.78041 255 191 0
13.4872 -1.15408 4.43058 255 191 0
22.6617 21.9081 3.1511 255 191 0
22.0594 45.4913 -9.26817 255 191 0
16.5569 40.728 -6.14422 255 191 0
9.56764 23.1294 -5.65537 255 191 0
3.9618 1.15484 -3.16786 255 191 0
11.5703 25.2156 2.74658 255 191 0
14.7849 -4.46848 6.23057 255 191 0
5.31683 -9.6451 1.78239 255 191 0
13.8472 -3.61537 5.40164 255 191 0
6.13521 -10.5215 3.65702 255 191 0
7.61909 3.56188 3.58166 255 191 0
21.7963 38.5436 -2.46716 255 191 0
15.7231 10.7054 7.48298 255 191 0
23.3957 24.7868 0.828093 255 191 0
18.2989 32.7346 -3.58742 255 191 0
9.93159 19.5302 -4.24289 255 191 0
5.97688 12.3484 -3.69999 255 191 0
10.5235 4.79764 -0.198238 255 191 0
21.3593 43.4908 -8.3936 255 191 0
13.7175 40.2707 -2.67644 255 191 0
17.32 -26.87 -12.7905 255 191 0
8.86286 -18.1027 -11.5672 255 191 0
13.7395 8.15463 2.15848 255 191 0
7.47883 -24.797 -4.98427 255 191 0
4.93268 -21.626 -3.69234 255 191 0
14.1242 -19.2108 -13.7033 255 191 0
11.1678 10.8418 5.88181 255 191 0
19.9285 24.7379 -1.2277 255 191 0
6.12074 -0.0586603 1.93163 255 191 0
8.16883 -15.9279 -11.4494 255 191 0
16.897 -23.4518 -11.021 255 191 0
6.17304 17.8735 -1.33349 255 191 0
11.054 0.767517 1.39235 255 191 0
14.2739 -26.3633 -7.74693 255 191 0
6.65066 -2.57326 3.2657 255 191 0
9.04925 -11.2778 -12.2815 255 191 0
10.9583 24.7291 -4.30781 255 191 0
22.4762 16.0458 1.86606 255 191 0
11.5846 -21.9983 -12.5879 255 191 0
12.0559 -17.6819 -13.4092 255 191 0
18.1868 -0.752344 6.95698 255 191 0
16.8606 20.6581 0.314089 255 191 0
13.9831 -31.796 -11.0327 255 191 0
20.6544 -0.231344 7.83496 255 191 0
3.88868 -13.1703 -2.10436 255 191 0
8.8871 -8.93983 5.83052 255 191 0
4.6777 -5.40549 -0.359895 255 191 0
21.1492 5.13451 6.86928 255 191 0
20.6147 50.0835 -9.65699 255 191 0
23.7835 48.3675 -7.94855 255 191 0
14.6882 2.89596 4.33411 255 191 0
21.3329 31.4499 -4.05227 255 191 0
13.4293 23.1548 -1.75181 255 191 0
10.9124 -6.71447 3.29162 255 191 0
12.2146 -28.8907 -11.9362 255 191 0
11.2771 -9.81309 -9.12131 255 191 0
21.5691 39.5425 -7.05757 255 191 0
4.69718 -1.69849 -0.786294 255 191 0
16.6575 -2.42906 9.09904 255 191 0
10.6323 -27.4534 -6.72237 255 191 0
3.39904 -7.11302 -6.91161 255 191 0
6.38685 -20.7688 -2.27083 255 191 0
8.81226 -20.3188 -4.36627 255 191 0
14.7581 42.8868 -7.00645 255 191 0
12.648 9.69087 1.00317 255 191 0
8.36477 -11.6148 -4.34682 255 191 0
3.90645 -3.44396 -8.38382 255 191 0
23.6564 27.1745 0.171918 255 191 0
7.87267 -13.7637 2.83484 255 191 0
16.9766 10.379 7.6663 255 191 0
12.3572 27.7162 -3.67519 255 191 0
23.6311 42.2499 -5.00803 255 191 0
9.74028 17.0459 -4.08587 255 191 0
20.9418 34.4974 -4.91405 255 191 0
9.16657 -23.1273 -10.8794 255 191 0
12.074 49.6564 -8.1682 255 191 0
4.06822 -7.35686 -2.00227 255 191 0
17.7822 10.1721 3.75133 255 191 0
10.6846 35.2433 -5.4666 255 191 0
20.9994 19.1504 4.70366 255 191 0
12.7519 52.6031 -8.07154 255 191 0
12.2118 39.421 -2.75012 255 191 0
20.4384 39.5766 -6.4335 255 191 0
5.02288 -5.82447 0.568579 255 191 0
13.06 12.2651 6.83493 255 191 0
12.5773 31.8178 0.216162 255 191 0
10.6933 -0.500767 1.28435 255 191 0
9.57507 -15.5699 -6.17301 255 191 0
8.49092 -16.0639 -1.02054 255 191 0
22.4981 36.7842 -6.66737 255 191 0
21.7054 43.5612 -4.34557 255 191 0
20.1385 0.438623 6.9427 255 191 0
8.81454 -13.7715 -12.4687 255 191 0
14.9136 33.9624 -0.560684 255 191 0
7.33575 11.3358 1.84585 255 191 0
11.791 -10.1814 6.04812 255 191 0
17.4682 -25.4568 -11.7413 255 191 0
19.971 9.0028 4.25455 255 191 0
17.394 0.660515 9.51637 255 191 0
3.87608 -19.5679 -2.72526 255 191 0
11.3827 18.1264 -2.31455 255 191 0
10.3828 8.03634 -1.0427 255 191 0
10.0899 29.7556 -4.96481 255 191 0
3.38773 -3.78332 -5.95189 255 191 0
8.05615 5.29062 -5.82754 255 191 0
15.556 8.44359 7.85605 255 191 0
3.5337 -10.7289 -7.49823 255 191 0
9.89503 1.31082 -0.526599 255 191 0
17.4287 -24.225 -11.9351 255 191 0
16.964 -4.23539 7.46226 255 191 0
12.8879 34.9692 -5.26525 255 191 0
7.18789 -9.39458 -11.4364 255 191 0
9.30541 -6.68518 -10.2671 255 191 0
18.7608 10.9402 6.98407 255 191 0
6.10368 -12.6019 -11.0556 255 191 0
6.05623 -3.14957 -9.0198 255 191 0
20.5572 19.0391 0.955464 255 191 0
5.16948 -16.9185 -0.153817 255 191 0
19.3983 12.6151 6.52498 255 191 0
14.2631 -30.495 -12.2286 255 191 0
16.1415 -26.4297 -8.96315 255 191 0
10.9484 6.81052 -0.184408 255 191 0
20.2237 -2.2849 7.69431 255 191 0
10.4511 -10.8392 -8.14172 255 191 0
8.39503 -14.3004 -4.05707 255 191 0
20.5881 27.5249 1.6628 255 191 0
3.44581 -5.58045 -8.20328 255 191 0
22.4583 29.6646 0.391408 255 191 0
11.751 21.6675 3.80762 255 191 0
21.9624 49.4633 -6.90454 255 191 0
21.0848 6.24015 7.32542 255 191 0
8.83311 -14.4421 2.84208 255 191 0
8.08071 -18.4119 -10.9056 255 191 0
7.95935 1.85538 -6.30898 255 191 0
22.1052 12.6819 4.38908 255 191 0
15.6385 29.9022 0.824579 255 191 0
4.65288 -21.344 -8.20432 255 191 0
7.78421 17.9474 -3.2165 255 191 0
14.7453 -19.4244 -9.25897 255 191 0
22.8203 20.1883 2.4677 255 191 0
17.3997 45.1285 -7.45025 255 191 0
8.04562 -2.76522 -4.95162 255 191 0
4.71538 -11.4727 0.506057 255 191 0
19.0859 6.46855 8.71761 255 191 0
15.2846 56.9895 -10.4807 255 191 0
11.3867 37.687 -6.64582 255 191 0
19.3274 42.2732 -3.14279 255 191 0
14.4914 -18.0499 -9.46059 255 191 0
16.3386 -1.17154 9.1058 255 191 0
17.3422 -31.6795 -10.7745 255 191 0
18.2983 43.6639 -3.50592 255 191 0
10.9509 -7.794 3.57943 255 191 0
6.33316 -18.3722 -0.758425 255 191 0
9.16773 21.8542 0.0833602 255 191 0
13.2056 -21.0126 -8.23356 255 191 0
6.45962 -17.2719 0.0231924 255 191 0
10.5275 27.6627 -1.70977 255 191 0
7.22709 1.45474 3.4304 255 191 0
10.1919 23.3854 -0.731411 255 191 0
15.361 16.1175 5.49009 255 191 0
18.5684 46.1514 -4.39812 255 191 0
8.31999 -8.35128 -1.69038 255 191 0
13.3498 20.4258 3.96978 255 191 0
8.85044 18.3029 2.24271 255 191 0
7.35204 -3.76876 -9.48373 255 191 0
9.37649 17.6431 -4.91652 255 191 0
19.8494 19.3604 4.40393 255 191 0
8.73703 -11.0367 4.67565 255 191 0
9.09504 3.09897 -2.28528 255 191 0
15.4033 54.5144 -10.4251 255 191 0
19.493 31.581 -3.41506 255 191 0
10.8706 31.7643 -2.70685 255 191 0
23.9762 28.7321 -1.94799 255 191 0
19.2206 29.1068 -2.51981 255 191 0
13.6573 47.023 -5.03896 255 191 0
13.4621 27.9943 -3.03445 255 191 0
10.1741 -10.9162 -12.0744 255 191 0
14.135 -7.0168 6.70405 255 191 0
6.71078 18.3865 -0.209367 255 191 0
15.7384 17.942 4.74136 255 191 0
21.9588 11.708 4.84069 255 191 0
12.2255 4.56364 1.67693 255 191 0
8.82874 21.7056 1.18747 255 191 0
19.6858 34.5419 -4.39558 255 191 0
9.49383 -3.56148 0.243049 255 191 0
8.35471 -14.5345 -1.80791 255 191 0
21.6045 47.7681 -9.94975 255 191 0
14.9235 -32.6786 -9.16826 255 191 0
8.32197 -18.8748 -1.55194 255 191 0
14.2516 54.0132 -10.2526 255 191 0
3.44843 -8.99176 -5.60186 255 191 0
11.7699 -6.10449 4.19325 255 191 0
14.3567 19.4288 4.24041 255 191 0
14.2507 -0.158517 4.80782 255 191 0
19.3564 -3.78463 10.1808 255 191 0
4.49378 -23.0551 -7.33337 255 191 0
15.0419 51.3326 -6.21121 255 191 0
11.9827 25.9281 1.97885 255 191 0
9.04537 -0.575998 6.08 255 191 0
7.53222 -14.5562 -11.3863 255 191 0
7.99784 0.644146 -6.12902 255 191 0
5.32704 13.1887 -1.50623 255 191 0
14.0561 14.5367 0.951256 255 191 0
8.89684 -4.56501 -0.680775 255 191 0
19.613 8.8431 7.61733 255 191 0
12.438 37.7052 -1.80448 255 191 0
6.45507 -7.67942 -10.7805 255 191 0
12.2517 30.6871 -4.45229 255 191 0
8.6737 -15.9317 -4.74706 255 191 0
23.5733 46.276 -8.68594 255 191 0
15.776 45.1409 -7.49805 255 191 0
9.53166 -22.5373 -4.84498 255 191 0
6.63406 -19.3734 -1.22008 255 191 0
22.798 25.7237 1.58637 255 191 0
9.8023 -5.41307 6.65318 255 191 0
10.0546 25.5821 -2.4488 255 191 0
21.4899 9.7802 6.62211 255 191 0
5.72084 7.31581 0.137238 255 191 0
18.6481 21.3713 0.299542 255 191 0
20.7959 7.31637 8.24023 255 191 0
22.5046 39.4169 -7.72064 255 191 0
13.7137 32.2436 -0.0798386 255 191 0
6.2774 -24.5114 -8.78578 255 191 0
14.5162 14.8437 6.0461 255 191 0
8.52762 -12.0622 4.06868 255 191 0
5.13132 11.0825 -1.56924 255 191 0
5.94222 13.8361 -0.549054 255 191 0
7.27932 -13.1355 -11.4483 255 191 0
8.17969 19.9894 -2.24219 255 191 0
8.21188 -5.54985 -2.69435 255 191 0
12.0123 38.2845 -2.78683 255 191 0
3.64409 -1.63125 -4.15313 255 191 0
10.4671 1.33782 0.458347 255 191 0
16.1777 20.3237 3.80229 255 191 0
20.6649 36.5685 -1.41136 255 191 0
16.6896 13.0554 6.64105 255 191 0
11.0628 21.7869 -3.55232 255 191 0
22.6145 47.3428 -6.41662 255 191 0
24.0833 29.9231 -1.19879 255 191 0
21.0701 12.1949 3.12215 255 191 0
13.0771 54.5419 -9.42722 255 191 0
9.41475 -19.7125 -5.28077 255 191 0
6.97387 -3.63872 3.96051 255 191 0
6.7181 -9.90962 4.43955 255 191 0
14.1803 -22.339 -13.2319 255 191 0
21.6905 15.7507 5.83716 255 191 0
14.6246 1.22142 4.74056 255 191 0
8.00624 -6.01318 -10.4113 255 191 0
4.43283 2.89605 -2.02328 255 191 0
12.5955 -1.86769 3.69748 255 191 0
16.8527 17.2355 1.40167 255 191 0
10.2824 22.541 2.6117 255 191 0
17.7791 14.9454 2.31198 255 191 0
8.04814 -4.88285 -4.21873 255 191 0
15.2727 16.6814 1.02811 255 191 0
18.2745 4.70494 5.52756 255 191 0
4.88599 -3.03855 -0.170845 255 191 0
19.5571 0.103321 10.5196 255 191 0
8.53127 -7.91495 -5.96165 255 191 0
8.3444 -9.5895 -1.6304 255 191 0
15.7398 7.25186 7.91375 255 191 0
11.0234 -9.26366 -10.7266 255 191 0
15.9597 -30.3289 -9.46346 255 191 0
22.2035 41.3948 -8.21606 255 191 0
19.3946 38.1594 -1.71371 255 191 0
5.92764 1.36092 1.36672 255 191 0
16.8288 -27.4687 -10.8338 255 191 0
6.91692 9.06478 1.67822 255 191 0
7.82081 6.05312 3.40313 255 191 0
9.90973 -26.3434 -5.81471 255 191 0
3.48729 -12.3452 -6.48611 255 191 0
19.6514 12.4363 3.21918 255 191 0
16.0204 41.9298 -2.94791 255 191 0
16.3339 22.7098 3.12405 255 191 0
6.32179 -11.2802 -11.4991 255 191 0
8.65656 11.2243 -5.09315 255 191 0
17.7264 48.3447 -8.57048 255 191 0
22.4524 19.5306 4.01369 255 191 0
12.0932 36.1872 -1.91565 255 191 0
8.33763 13.9059 -6.14587 255 191 0
3.8292 -20.6052 -6.3257 255 191 0
7.68339 9.13557 2.6823 255 191 0
21.4029 30.4458 0.476275 255 191 0
13.0464 -4.17842 4.74137 255 191 0
16.8939 38.7996 -1.83177 255 191 0
15.3663 48.9332 -8.69632 255 191 0
15.613 -29.4456 -12.4579 255 191 0
16.8623 -16.3334 -11.2207 255 191 0
5.29594 -0.807178 -7.54576 255 191 0
13.0627 39.3055 -2.11562 255 191 0
18.358 8.96009 7.92154 255 191 0
9.17378 -15.5196 1.74875 255 191 0
6.90531 -25.4726 -7.11369 255 191 0
6.28207 6.86426 1.12428 255 191 0
12.2564 -24.7795 -12.441 255 191 0
13.4163 -12.3914 -11.2211 255 191 0
16.3274 15.0662 1.89849 255 191 0
5.69091 4.74483 -6.21208 255 191 0
21.5521 16.4766 1.50258 255 191 0
4.16846 8.66849 -3.38123 255 191 0
13.0512 25.8653 2.19331 255 191 0
8.27837 -15.4011 -3.70616 255 191 0
14.4588 12.8349 6.81318 255 191 0
17.2473 -17.6897 -10.7846 255 191 0
16.8328 52.8813 -9.99077 255 191 0
8.82851 14.1806 3.03333 255 191 0
8.66333 4.31468 -3.56959 255 191 0
17.5689 11.5783 3.26782 255 191 0
16.9125 3.89758 5.24473 255 191 0
8.95823 -20.3733 -11.1249 255 191 0
12.8746 28.7696 -3.58431 255 191 0
10.3232 0.777163 7.09671 255 191 0
4.37135 5.4738 -5.05229 255 191 0
10.8982 -28.8802 -10.4295 255 191 0
22.6318 30.9423 -4.57881 255 191 0
14.8033 -4.60379 8.68326 255 191 0
11.5788 -15.5901 -8.11535 255 191 0
10.5557 34.236 -5.37441 255 191 0
15.2421 39.1883 -5.86378 255 191 0
14.5624 46.6214 -4.7243 255 191 0
8.20544 -4.93745 5.92356 255 191 0
6.82522 3.17957 2.54708 255 191 0
7.31094 13.7648 -5.73697 255 191 0
12.5036 23.3872 -2.43729 255 191 0
13.1428 30.1688 -3.75959 255 191 0
17.4431 -26.676 -11.5782 255 191 0
19.5266 44.1732 -7.64335 255 191 0
8.9398 22.1175 -5.8974 255 191 0
11.5805 15.0775 -1.34256 255 191 0
10.7292 20.413 -3.55773 255 191 0
22.3697 16.2424 3.89499 255 191 0
4.2214 -8.86617 -1.3351 255 191 0
16.1775 -32.1627 -12.0417 255 191 0
6.50177 -10.1946 -11.5004 255 191 0
8.9985 21.791 -3.36662 255 191 0
9.74959 -12.5116 4.25053 255 191 0
13.539 29.35 1.01897 255 191 0
12.8797 34.6458 -0.606438 255 191 0
21.0316 50.9714 -7.05067 255 191 0
12.6919 21.0086 -1.69767 255 191 0
4.1019 -12.2783 -1.35063 255 191 0
8.79013 -16.5467 0.77834 255 191 0
6.08755 -22.6737 -3.32648 255 191 0
3.83581 -5.46532 -3.07041 255 191 0
16.9732 -29.4203 -12.4648 255 191 0
9.73521 -7.53835 1.49828 255 191 0
15.32 0.0854168 5.50569 255 191 0
11.0079 -12.7829 -12.709 255 191 0
9.64104 3.01331 6.03574 255 191 0
17.8021 25.7489 2.38204 255 191 0
12.3495 18.4248 4.91088 255 191 0
5.306 -2.8976 0.797841 255 191 0
12.5275 -24.7521 -6.94282 255 191 0
3.98513 -21.6308 -4.39561 255 191 0
23.1475 29.3919 -3.84329 255 191 0
16.0018 33.5245 -0.226301 255 191 0
9.09854 -19.1956 -11.5163 255 191 0
14.4379 21.2916 3.62091 255 191 0
19.8492 -1.36514 10.2818 255 191 0
8.33776 -8.45806 -5.02676 255 191 0
7.95571 -26.1511 -9.81282 255 191 0
20.1193 22.907 -0.533741 255 191 0
8.21787 17.2547 1.82267 255 191 0
17.3981 46.8543 -4.59347 255 191 0
20.9192 25.4351 -1.78415 255 191 0
3.78723 -4.623 -8.86833 255 191 0
22.1974 14.3852 2.03686 255 191 0
19.4107 27.4671 -1.96782 255 191 0
12.192 29.5273 -4.21531 255 191 0
13.235 -27.1242 -6.94416 255 191 0
11.9032 31.7111 -0.669157 255 191 0
11.1847 39.8907 -6.94715 255 191 0
7.84487 -26.3095 -7.8428 255 191 0
14.8518 17.5647 0.573489 255 191 0
3.72303 -15.8937 -7.36569 255 191 0
3.4506 -4.72871 -5.26131 255 191 0
19.149 -2.70821 7.72071 255 191 0
19.0397 48.5842 -5.38983 255 191 0
20.3664 47.5822 -9.33545 255 191 0
17.6527 32.5978 0.250089 255 191 0
18.1297 15.4989 5.56783 255 191 0
10.5749 28.7994 -2.17216 255 191 0
16.2803 -21.8116 -13.5485 255 191 0
10.3405 -3.31165 1.68278 255 191 0
11.8668 -30.4707 -9.52889 255 191 0
14.7167 20.1863 -0.182191 255 191 0
7.42408 -16.9857 0.422559 255 191 0
16.3118 0.497176 5.92282 255 191 0
21.4577 42.265 -7.96634 255 191 0
7.7314 -11.5681 -12.0419 255 191 0
9.96339 -18.8515 -12.2498 255 191 0
17.9647 38.1218 -1.57493 255 191 0
15.7802 20.2982 0.193423 255 191 0
18.6061 18.6371 1.22444 255 191 0
17.6077 -20.2887 -11.7724 255 191 0
10.7744 -7.24861 -9.35319 255 191 0
12.379 16.647 -0.929527 255 191 0
8.19345 -10.7743 -3.25592 255 191 0
13.0347 -1.63632 7.96844 255 191 0
20.6918 48.6778 -5.93952 255 191 0
3.45421 -11.1743 -6.47971 255 191 0
19.0289 7.6752 8.22064 255 191 0
22.1738 34.0911 -5.4422 255 191 0
15.4924 9.17949 3.2004 255 191 0
9.48228 10.4557 4.44983 255 191 0
13.1824 26.8665 -2.90652 255 191 0
9.78446 -20.0336 -11.9229 255 191 0
3.5444 -13.5688 -4.21153 255 191 0
3.8338 -18.4281 -1.91581 255 191 0
21.6389 28.4735 -3.08595 255 191 0
14.9514 22.2777 -0.681434 255 191 0
3.72762 -21.4069 -5.63943 255 191 0
12.47 50.8222 -7.56915 255 191 0
16.2085 16.8942 5.18108 255 191 0
13.6717 3.64364 7.6185 255 191 0
14.9237 14.3718 1.49417 255 191 0
7.45062 -8.4122 -11.1386 255 191 0
18.5412 7.45731 4.74921 255 191 0
6.07099 -24.5889 -4.65835 255 191 0
8.19485 4.46661 -5.09302 255 191 0
8.73591 21.2607 -4.31659 255 191 0
8.04717 -4.08169 -5.22692 255 191 0
13.7511 -4.66779 8.22097 255 191 0
10.2301 6.48047 -1.0595 255 191 0
16.2464 45.1579 -4.00982 255 191 0
14.9398 -32.3391 -8.08719 255 191 0
6.82488 12.1655 -5.57152 255 191 0
13.6231 53.9411 -7.48825 255 191 0
3.73807 -17.1862 -2.32837 255 191 0
14.5452 -0.72711 8.35078 255 191 0
20.7674 48.4733 -9.88921 255 191 0
10.9819 -28.3821 -7.36476 255 191 0
16.5801 29.5392 1.09816 255 191 0
9.2349 -12.1285 1.03225 255 191 0
13.8147 19.2176 -0.432205 255 191 0
6.32741 -13.5465 2.60064 255 191 0
10.5563 4.02506 6.70875 255 191 0
8.26046 15.3325 2.21803 255 191 0
16.2824 13.4473 2.35923 255 191 0
20.3465 17.3391 1.57446 255 191 0
11.2469 16.2767 -1.99999 255 191 0
14.3616 27.0418 -2.31495 255 191 0
11.2974 12.2783 5.67559 255 191 0
14.3662 -5.8085 8.1476 255 191 0
18.9768 11.0599 3.58811 255 191 0
14.0899 -33.9288 -8.31025 255 191 0
21.6987 32.7262 -0.382799 255 191 0
11.4083 8.6002 6.50693 255 191 0
5.28042 11.5253 -3.5492 255 191 0
9.62784 -24.236 -11.0233 255 191 0
10.3535 -16.4724 -6.83166 255 191 0
3.87584 5.07866 -3.80689 255 191 0
5.24903 15.2372 -2.04207 255 191 0
12.2806 -0.24848 2.96028 255 191 0
5.72567 -6.07769 2.12023 255 191 0
13.5398 9.0946 7.48641 255 191 0
11.841 30.5631 -0.353944 255 191 0
20.2013 -3.35235 9.27498 255 191 0
12.1214 50.6329 -8.92372 255 191 0
4.10047 -16.2146 -8.36199 255 191 0
22.9789 32.9507 -5.56725 255 191 0
5.06692 -22.7628 -8.27629 255 191 0
23.7256 40.7516 -4.47288 255 191 0
16.0748 18.1659 0.907979 255 191 0
19.5924 41.2001 -2.80374 255 191 0
3.53325 -17.7261 -4.89357 255 191 0
15.5174 12.6542 2.23954 255 191 0
17.7987 25.4712 -1.08932 255 191 0
14.091 24.9488 2.42131 255 191 0
11.3911 -8.38975 -9.68808 255 191 0
3.88967 -6.29162 -9.17712 255 191 0
22.5711 39.9137 -3.35098 255 191 0
14.3451 -29.0487 -7.43691 255 191 0
13.1917 -30.8909 -11.4022 255 191 0
11.2291 26.949 0.0325625 255 191 0
8.25781 0.644391 -4.25668 255 191 0
4.83711 -5.2586 -9.73537 255 191 0
23.085 47.2146 -9.71727 255 191 0
9.44997 9.65138 -3.02094 255 191 0
14.1429 29.6951 -3.16454 255 191 0
15.8119 -19.194 -9.512 255 191 0
14.3088 56.3823 -10.592 255 191 0
12.4017 -3.655 4.07547 255 191 0
21.4058 7.63606 6.31488 255 191 0
19.4768 9.92139 3.95131 255 191 0
9.89976 13.6701 -3.24273 255 191 0
13.2706 -32.6646 -8.13116 255 191 0
9.82429 26.9091 -4.02806 255 191 0
5.69482 -7.43302 2.29728 255 191 0
20.2403 -2.1742 9.24997 255 191 0
12.7153 45.1585 -7.98307 255 191 0
10.0515 10.1431 -2.05589 255 191 0
15.9636 -16.2391 -11.9914 255 191 0
14.0859 -12.7102 -10.3164 255 191 0
17.7403 -0.73235 9.8273 255 191 0
14.4065 55.6793 -8.48419 255 191 0
9.08296 7.89903 -3.38048 255 191 0
16.5675 -24.5804 -10.4964 255 191 0
6.94751 12.1971 1.19194 255 191 0
9.41863 -11.9389 -6.69228 255 191 0
3.91982 -8.92948 -2.42325 255 191 0
8.47153 -12.8584 -4.22618 255 191 0
8.03082 -10.2901 -11.95 255 191 0
13.303 42.656 -3.38076 255 191 0
13.2962 19.0208 4.36194 255 191 0
15.4761 38.5741 -1.94196 255 191 0
3.83605 3.11868 -6.06483 255 191 0
7.11289 -25.4142 -9.28082 255 191 0
14.5937 -22.7951 -8.55886 255 191 0
3.53409 -20.1905 -4.42629 255 191 0
22.311 48.4105 -6.67151 255 191 0
14.3642 -33.5757 -9.33803 255 191 0
10.7088 32.6847 -3.82509 255 191 0
21.0659 3.72633 6.85734 255 191 0
23.5431 45.1632 -6.17358 255 191 0
12.7942 36.3572 -1.16741 255 191 0
23.0271 49.2209 -7.5386 255 191 0
23.0925 35.6836 -6.6032 255 191 0
19.0635 3.75704 9.84466 255 191 0
24.1313 37.2712 -6.09931 255 191 0
15.9348 -24.2348 -8.77245 255 191 0
11.4188 -10.3812 -11.1544 255 191 0
18.0361 43.6805 -7.04192 255 191 0
16.4629 30.6595 0.733091 255 191 0
14.2137 10.4264 2.09605 255 191 0
11.9369 -9.46944 -10.1137 255 191 0
15.3969 -2.80564 6.16819 255 191 0
3.41758 -7.85327 -5.91844 255 191 0
10.98 -24.9012 -11.8802 255 191 0
6.03343 11.7099 -0.0783834 255 191 0
13.7708 45.1629 -7.78077 255 191 0
10.5059 30.3009 -2.94491 255 191 0
15.3982 -1.54417 8.5507 255 191 0
20.0632 24.4112 2.75942 255 191 0
3.80923 -2.61953 -3.40041 255 191 0
16.4893 25.84 -1.2797 255 191 0
22.9109 20.1126 1.16674 255 191 0
9.96778 5.34345 -1.26472 255 191 0
8.56576 -17.0682 -0.506684 255 191 0
11.4309 25.4071 1.21245 255 191 0
11.4206 30.6339 -5.12632 255 191 0
22.713 33.003 -0.89474 255 191 0
15.1441 42.5379 -3.27892 255 191 0
23.8913 27.4138 -2.25347 255 191 0
24.1693 38.0843 -4.47152 255 191 0
19.0581 2.23945 6.39955 255 191 0
14.2669 -32.6152 -10.4275 255 191 0
21.6109 8.37199 5.38203 255 191 0
9.57076 -25.171 -4.6168 255 191 0
8.31288 -12.6486 -12.2715 255 191 0
18.7529 -1.83871 10.3568 255 191 0
5.34526 6.06564 -0.379542 255 191 0
4.26855 -21.7633 -7.11959 255 191 0
14.442 -29.0986 -12.4139 255 191 0
8.88336 12.3472 -4.79407 255 191 0
16.4833 5.74485 4.53115 255 191 0
14.0078 49.1156 -8.89489 255 191 0
12.1311 -20.7486 -12.9749 255 191 0
9.09815 -4.34032 6.54498 255 191 0
7.26835 -16.5324 -10.8274 255 191 0
8.52376 17.501 -5.62305 255 191 0
3.54423 -5.72381 -4.6026 255 191 0
13.4858 31.8714 -4.10231 255 191 0
14.4156 -2.41435 5.50307 255 191 0
16.5095 -18.2389 -13.2329 255 191 0
10.5049 -1.85416 1.46021 255 191 0
9.04817 23.4798 -4.27816 255 191 0
12.9751 -19.8009 -13.3477 255 191 0
21.9083 26.9389 1.49912 255 191 0
7.91088 8.12426 -6.67813 255 191 0
8.65302 1.60171 -3.08244 255 191 0
15.6783 44.0505 -3.68469 255 191 0
13.0691 49.1383 -5.84934 255 191 0
22.7335 18.3269 1.81955 255 191 0
6.43259 -13.9092 -10.987 255 191 0
9.89566 -8.37623 6.16347 255 191 0
5.83536 -25.2718 -7.51828 255 191 0
12.8047 13.3751 6.43083 255 191 0
21.5938 15.3252 1.79432 255 191 0
8.55644 -26.9786 -8.45447 255 191 0
17.4737 55.1733 -8.2483 255 191 0
14.1557 41.755 -3.23767 255 191 0
11.5529 36.1066 -6.34115 255 191 0
21.6586 31.6363 0.00777287 255 191 0
14.5607 21.2811 -0.571422 255 191 0
13.5186 -6.14895 5.68645 255 191 0
14.5462 48.5244 -5.34707 255 191 0
5.65753 12.4339 -0.824469 255 191 0
19.5571 13.5233 2.86275 255 191 0
9.64101 4.12098 -1.53544 255 191 0
17.9131 41.1063 -6.1439 255 191 0
4.15983 -13.2945 -0.969688 255 191 0
13.7409 1.38827 4.00405 255 191 0
11.9988 42.0437 -4.52889 255 191 0
18.6628 38.8447 -5.54345 255 191 0
6.24442 3.73379 1.5682 255 191 0
6.52604 19.1489 -1.21988 255 191 0
6.16481 15.4308 -0.477864 255 191 0
19.4291 29.7784 1.09872 255 191 0
24.0639 38.4196 -5.66513 255 191 0
6.07052 -2.06108 2.1633 255 191 0
10.2086 18.123 -3.58176 255 191 0
13.3825 33.9739 -4.73433 255 191 0
19.5504 50.6919 -6.33389 255 191 0
6.62673 8.11947 -6.27046 255 191 0
13.9462 22.2566 -1.18411 255 191 0
13.1998 17.0641 -0.332644 255 191 0
15.0278 23.2498 2.75212 255 191 0
7.53991 15.108 -5.51438 255 191 0
16.3837 34.6123 -4.24727 255 191 0
8.33566 -3.9988 -6.93232 255 191 0
4.16807 -23.7326 -6.44692 255 191 0
3.83419 -2.861 -6.59371 255 191 0
10.4083 -9.82553 -8.37352 255 191 0
11.9605 2.48963 7.34175 255 191 0
15.1425 -15.4531 -10.1964 255 191 0
8.21187 2.95878 4.46144 255 191 0
11.3641 31.9518 -5.45355 255 191 0
21.2712 5.15605 5.55994 255 191 0
16.3813 -27.0722 -9.92834 255 191 0
8.6861 -14.5753 -0.559039 255 191 0
8.23043 -18.1469 -2.87966 255 191 0
11.3438 3.9703 0.895781 255 191 0
18.0478 -31.7751 -11.8367 255 191 0
8.18008 6.4691 -5.43109 255 191 0
6.2905 5.25743 1.40048 255 191 0
11.4053 5.12664 0.676248 255 191 0
9.58999 -7.6605 -8.0252 255 191 0
21.9827 24.2628 -1.8433 255 191 0
6.78702 14.7439 -3.63043 255 191 0
4.62731 8.9594 -2.30154 255 191 0
7.15478 2.60312 -7.49339 255 191 0
22.3652 26.4376 -2.59069 255 191 0
15.6255 -3.78416 6.54233 255 191 0
8.2868 7.68072 -5.30839 255 191 0
11.7667 21.3396 -2.62526 255 191 0
19.4613 10.0769 7.26629 255 191 0
3.62162 -6.72159 -4.05032 255 191 0
8.76851 -27.0378 -9.54482 255 191 0
5.7033 -8.5616 2.48633 255 191 0
17.756 5.31686 9.03096 255 191 0
18.1576 -6.13598 8.65524 255 191 0
19.8906 49.3771 -5.92827 255 191 0
19.37 39.7082 -6.00044 255 191 0
10.4215 10.1309 5.39591 255 191 0
3.49784 -9.89667 -4.99448 255 191 0
4.15233 -16.2638 -0.504223 255 191 0
13.1998 52.3649 -9.85279 255 191 0
9.67753 -1.94449 6.7005 255 191 0
23.0602 31.8138 -5.15688 255 191 0
8.68758 -13.2302 -0.480735 255 191 0
15.7666 48.7455 -5.28679 255 191 0
14.1116 56.0233 -9.57319 255 191 0
9.72932 -0.671097 -0.311814 255 191 0
20.8982 4.38221 7.81346 255 191 0
6.46322 16.9149 -0.293476 255 191 0
17.3196 36.9799 -1.19255 255 191 0
10.8538 -12.3067 -8.16098 255 191 0
16.0538 -32.831 -10.6829 255 191 0
12.8118 50.1128 -6.63879 255 191 0
17.2544 -22.2365 -13.5013 255 191 0
20.6557 38.3182 -2.01073 255 191 0
6.98903 10.2181 1.55838 255 191 0
14.4153 -21.6125 -8.70535 255 191 0
8.74445 -1.33885 -2.0046 255 191 0
15.3256 -17.1019 -9.92884 255 191 0
22.6676 18.4824 0.766423 255 191 0
8.48684 -5.57461 -6.85574 255 191 0
11.4682 -22.3828 -6.75442 255 191 0
11.6157 -19.953 -7.23079 255 191 0
13.7075 51.4233 -6.38641 255 191 0
17.0728 28.2379 -2.00564 255 191 0
17.8276 -29.101 -11.4791 255 191 0
11.2882 -0.693175 2.10892 255 191 0
11.0437 -11.6172 -12.0173 255 191 0
13.3034 11.0288 7.19741 255 191 0
6.60424 13.2303 0.560408 255 191 0
16.4871 -23.5241 -9.54842 255 191 0
17.4318 44.7493 -3.84369 255 191 0
18.971 51.1154 -9.98661 255 191 0
13.9819 16.7687 5.22039 255 191 0
9.39328 -9.88259 -11.8403 255 191 0
18.9408 22.4703 3.46364 255 191 0
20.3981 0.175603 8.94287 255 191 0
22.4494 44.105 -4.96926 255 191 0
20.6711 49.9862 -6.46017 255 191 0
3.43075 -6.78357 -5.56502 255 191 0
15.6624 49.9987 -8.99076 255 191 0
20.694 1.01881 8.00192 255 191 0
3.41806 -8.76207 -6.86548 255 191 0
12.2823 19.6554 4.46891 255 191 0
22.0511 32.1415 -4.66298 255 191 0
16.7353 -17.1863 -12.2315 255 191 0
11.0842 37.5155 -4.66105 255 191 0
11.0815 -10.3022 4.12599 255 191 0
5.06997 -12.9701 -10.4458 255 191 0
5.39401 -16.8656 -9.84301 255 191 0
10.9422 -13.8755 -7.88861 255 191 0
9.30751 15.455 3.26229 255 191 0
11.8496 17.435 4.87882 255 191 0
6.75654 -21.939 -9.61348 255 191 0
19.5574 47.5579 -5.12632 255 191 0
5.972 -2.12573 -8.39245 255 191 0
7.31596 15.7005 1.061 255 191 0
10.7916 10.3431 -1.12828 255 191 0
14.6149 -31.5923 -11.8749 255 191 0
4.2392 -2.09812 -1.9797 255 191 0
16.2825 43.0603 -3.29078 255 191 0
17.089 -19.8714 -10.7728 255 191 0
18.9604 18.7548 4.64947 255 191 0
15.3244 -31.078 -8.39374 255 191 0
13.5092 -24.5943 -12.7886 255 191 0
8.57733 -3.35016 6.085 255 191 0
12.3664 46.6578 -5.85999 255 191 0
13.7243 17.9341 4.77804 255 191 0
11.3313 35.0159 -3.05189 255 191 0
14.5541 -31.4625 -7.45231 255 191 0
10.1791 -25.5916 -11.2815 255 191 0
9.97407 5.32813 5.91677 255 191 0
14.8013 18.4464 4.59346 255 191 0
11.3171 18.2876 4.3152 255 191 0
10.9312 -5.91574 7.13544 255 191 0
10.0212 -27.7242 -10.8193 255 191 0
7.97891 -23.8051 -2.79468 255 191 0
17.0016 -18.9711 -10.1746 255 191 0
10.5538 23.7764 0.209919 255 191 0
18.7617 1.15515 10.1005 255 191 0
9.12758 6.75736 -3.07456 255 191 0
15.3802 55.6594 -7.65451 255 191 0
22.4574 17.5412 3.9961 255 191 0
16.1471 41.8304 -6.53895 255 191 0
14.9335 20.313 3.90422 255 191 0
11.6904 -2.74052 3.18795 255 191 0
6.05184 -21.6097 -3.08029 255 191 0
12.9961 41.5864 -7.00709 255 191 0
12.2824 -12.1736 -12.0644 255 191 0
9.37136 22.3517 1.84561 255 191 0
17.7504 50.7848 -9.4553 255 191 0
21.6193 36.0412 -1.51734 255 191 0
19.7566 2.09315 10.1316 255 191 0
13.3312 -18.0473 -13.7213 255 191 0
19.8521 21.5299 3.70338 255 191 0
18.4981 -24.4081 -13.0389 255 191 0
13.7418 -5.04978 5.61064 255 191 0
17.7202 17.1522 5.03183 255 191 0
18.1842 0.97085 6.50945 255 191 0
11.0046 5.4629 6.82688 255 191 0
17.6601 -28.0329 -11.5788 255 191 0
21.1592 32.539 -4.33709 255 191 0
8.31717 -13.9495 -3.0816 255 191 0
14.1636 34.6133 -0.977722 255 191 0
10.2597 31.1279 -5.03121 255 191 0
7.63904 -7.82763 5.69138 255 191 0
11.535 0.280526 7.49332 255 191 0
6.52209 11.035 0.790703 255 191 0
14.6934 -26.4529 -12.7493 255 191 0
6.4481 -14.3665 1.92403 255 191 0
15.7088 -5.71832 8.59277 255 191 0
12.8779 -18.0817 -8.40388 255 191 0
3.54105 -16.7741 -5.6981 255 191 0
11.5235 43.5885 -7.7765 255 191 0
8.70325 19.0047 -4.63822 255 191 0
8.35377 -17.5759 -1.55575 255 191 0
17.1596 -30.7465 -12.2905 255 191 0
8.35943 -3.88448 -2.59591 255 191 0
8.87444 -4.71851 -7.70197 255 191 0
17.3706 -18.2099 -12.5085 255 191 0
11.9364 9.29613 0.392997 255 191 0
19.9956 -4.9451 9.69595 255 191 0
10.7476 33.1828 -6.26853 255 191 0
19.0689 53.0161 -8.81609 255 191 0
15.8123 2.68542 5.04894 255 191 0
23.5746 38.9886 -8.02317 255 191 0
13.2488 -28.3443 -6.78743 255 191 0
9.65054 7.51297 -2.21738 255 191 0
18.8005 36.6733 -4.85351 255 191 0
3.57233 -10.7341 -4.17703 255 191 0
10.2567 3.63248 -0.368665 255 191 0
8.10968 -3.26797 -6.10039 255 191 0
12.8658 -23.4188 -12.794 255 191 0
16.1075 1.56971 5.47569 255 191 0
8.17107 -2.39026 -7.24803 255 191 0
8.30313 -24.4263 -4.02789 255 191 0
17.4573 -0.0511793 6.53618 255 191 0
8.98069 10.5292 -4.16998 255 191 0
20.7293 9.90886 7.52151 255 191 0
23.9122 38.6174 -6.76331 255 191 0
10.6283 -8.70946 -8.80073 255 191 0
11.7652 -7.70914 4.53719 255 191 0
14.925 15.5305 1.1678 255 191 0
18.5905 42.2115 -6.62725 255 191 0
23.1566 22.0334 0.934507 255 191 0
18.5581 30.6159 0.890382 255 191 0
8.06278 -6.62052 6.02551 255 191 0
11.7115 0.499131 2.19258 255 191 0
5.25014 -11.9965 2.00565 255 191 0
9.14625 13.6777 -4.49896 255 191 0
16.1755 56.1504 -10.2946 255 191 0
4.50121 -7.51533 -9.79878 255 191 0
18.0728 29.8259 -2.56645 255 191 0
11.0043 -27.8521 -11.5116 255 191 0
7.83475 -23.2693 -10.0718 255 191 0
7.11859 -1.82565 3.86479 255 191 0
20.9245 8.7613 7.85998 255 191 0
19.2777 28.6086 1.49238 255 191 0
11.1836 33.0403 -2.53109 255 191 0
13.0068 -23.2654 -7.59126 255 191 0
23.5869 47.9763 -8.95635 255 191 0
12.6635 4.67374 7.32858 255 191 0
16.7575 38.4057 -5.38772 255 191 0
22.9823 24.3259 1.95902 255 191 0
10.9305 -29.3178 -8.77418 255 191 0
9.44952 -27.1587 -7.36378 255 191 0
7.76693 3.99139 -7.25599 255 191 0
8.51145 -2.95194 -8.90127 255 191 0
18.6416 44.8336 -3.95017 255 191 0
12.2089 -3.05131 7.59231 255 191 0
10.0003 27.7482 -5.99499 255 191 0
6.92995 -8.31497 4.67534 255 191 0
21.5333 46.7985 -9.49853 255 191 0
9.41422 12.7286 -3.79669 255 191 0
3.90661 -15.79 -1.63313 255 191 0
17.0779 -32.6799 -11.7969 255 191 0
23.5339 30.6285 -0.483531 255 191 0
5.72298 7.34975 -5.53049 255 191 0
14.1679 45.2138 -4.3559 255 191 0
8.90663 -9.90954 0.155895 255 191 0
8.69255 -3.59284 -1.50165 255 191 0
8.91682 -12.7113 -5.52331 255 191 0
16.1803 -31.7515 -10.2272 255 191 0
15.5969 -1.50422 6.05308 255 191 0
9.5449 6.06902 -2.08445 255 191 0
7.86735 -3.16019 5.14839 255 191 0
12.5286 -7.23898 5.1581 255 191 0
12.2729 32.8758 -0.413902 255 191 0
17.7472 29.7223 1.14788 255 191 0
6.47721 -20.46 -9.63991 255 191 0
3.65256 1.22943 -4.32339 255 191 0
18.2584 51.4636 -6.32274 255 191 0
14.5724 -20.3834 -13.583 255 191 0
12.3703 -31.3241 -9.23509 255 191 0
23.0998 35.7955 -2.09595 255 191 0
14.7298 28.347 1.0875 255 191 0
20.2411 35.0662 -0.796221 255 191 0
3.97262 -1.18808 -6.9171 255 191 0
21.2016 41.7716 -3.44714 255 191 0
14.9479 5.92924 7.69318 255 191 0
8.10672 1.39018 -5.17957 255 191 0
10.8961 36.5352 -4.99127 255 191 0
7.41785 -18.7599 -0.716962 255 191 0
17.1795 1.28957 6.04317 255 191 0
9.90261 -2.50776 0.658896 255 191 0
18.1547 13.7559 2.66641 255 191 0
12.3729 29.3144 0.9977 255 191 0
6.69826 1.41784 -7.54537 255 191 0
6.19169 -19.373 -9.72175 255 191 0
16.0654 -15.4491 -10.965 255 191 0
16.1259 28.5323 1.33233 255 191 0
9.69014 14.172 3.87974 255 191 0
15.3656 -7.14959 7.98066 255 191 0
10.8235 -23.6545 -11.9778 255 191 0
6.01845 0.324725 -7.46002 255 191 0
17.4665 50.4607 -5.87449 255 191 0
13.7607 38.3855 -2.05179 255 191 0
9.30009 -17.284 -5.55875 255 191 0
24.1497 30.7857 -4.94287 255 191 0
8.66582 -23.1321 -3.73523 255 191 0
18.2112 48.0311 -5.05543 255 191 0
10.8242 -12.2433 4.25234 255 191 0
13.998 43.9676 -3.99271 255 191 0
18.4403 34.905 -4.26629 255 191 0
11.5107 23.902 -3.46432 255 191 0
19.5291 -2.76781 10.4948 255 191 0
3.63481 -2.23524 -5.60662 255 191 0
12.9958 -16.5328 -8.80355 255 191 0
17.0472 26.7688 -1.52881 255 191 0
18.8479 33.3405 -0.013499 255 191 0
18.1426 35.2055 -0.604324 255 191 0
23.111 24.5272 -2.36318 255 191 0
3.6525 -19.3239 -5.89043 255 191 0
20.8625 16.7787 5.24107 255 191 0
23.7491 26.2019 -1.95497 255 191 0
19.0564 5.90036 5.30699 255 191 0
10.8844 23.9113 2.74992 255 191 0
24.3669 31.9217 -2.78535 255 191 0
23.9066 39.4516 -4.06923 255 191 0
5.82111 2.61108 1.01369 255 191 0
13.0785 48.1529 -5.48362 255 191 0
4.16364 7.14441 -3.22213 255 191 0
15.1898 4.25629 4.29643 255 191 0
8.78796 -17.5247 -4.67248 255 191 0
8.92384 -10.9962 -5.78025 255 191 0
14.6518 29.3457 0.787588 255 191 0
5.19677 7.08311 -0.803082 255 191 0
18.0046 49.6503 -9.09111 255 191 0
11.4318 28.3767 -0.209804 255 191 0
15.5221 46.1616 -7.81966 255 191 0
9.73393 25.6224 -5.95403 255 191 0
16.1191 -28.2768 -12.6144 255 191 0
18.5703 -23.2706 -12.8453 255 191 0
3.57011 4.64354 -4.95102 255 191 0
22.422 17.4565 0.92621 255 191 0
23.0021 28.3037 0.607384 255 191 0
12.452 -13.0474 -9.29025 255 191 0
21.4967 47.7533 -5.93283 255 191 0
4.97238 13.8462 -2.35771 255 191 0
9.78983 9.20855 4.9907 255 191 0
17.2908 18.7445 0.990172 255 191 0
20.8428 35.8735 -5.32108 255 191 0
6.9954 4.89721 -7.04193 255 191 0
16.138 4.67093 4.63647 255 191 0
15.4571 -16.9507 -13.2418 255 191 0
19.0836 14.6187 2.54497 255 191 0
5.47562 -4.86546 1.41628 255 191 0
15.2132 -26.7734 -8.16804 255 191 0
16.9186 7.82466 4.12657 255 191 0
12.842 14.8524 6.08944 255 191 0
6.95035 14.4337 -4.63499 255 191 0
16.0199 5.57669 8.23201 255 191 0
24.421 33.6322 -3.14503 255 191 0
24.2037 37.056 -5.00639 255 191 0
13.0495 46.4301 -8.18738 255 191 0
11.3058 -18.7134 -7.20596 255 191 0
16.7641 -29.0694 -10.6279 255 191 0
22.5817 48.662 -9.15103 255 191 0
9.4292 20.0597 2.43786 255 191 0
11.2035 39.8174 -5.64618 255 191 0
15.6665 12.9924 6.81059 255 191 0
23.2718 26.6051 1.05047 255 191 0
13.9056 -27.2176 -12.5462 255 191 0
4.62111 9.66216 -3.85953 255 191 0
6.44231 -3.99071 3.14178 255 191 0
16.5523 1.52844 8.99541 255 191 0
6.13735 3.34811 -6.92008 255 191 0
11.5534 -13.1789 -8.54624 255 191 0
8.7239 -4.28249 -9.38826 255 191 0
10.5735 -8.75164 3.1811 255 191 0
11.7887 46.3172 -7.63318 255 191 0
14.5809 25.5773 -1.80338 255 191 0
11.7283 -23.0799 -12.4853 255 191 0
17.0182 23.8609 2.89374 255 191 0
6.28305 -5.305 3.05621 255 191 0
22.2027 16.6754 4.91657 255 191 0
21.1629 21.2937 3.56081 255 191 0
9.9985 22.6881 0.301494 255 191 0
4.06528 -19.1067 -7.41313 255 191 0
9.66828 -26.5979 -10.764 255 191 0
13.9713 15.6914 5.62708 255 191 0
21.5906 40.8517 -7.53045 255 191 0
15.9769 -23.9223 -13.2056 255 191 0
17.2002 -19.5141 -13.5082 255 191 0
14.971 11.5297 2.26711 255 191 0
10.3162 25.2801 -1.24894 255 191 0
15.9552 36.9163 -4.98387 255 191 0
6.76655 7.01385 -6.55459 255 191 0
18.3593 12.5982 3.09162 255 191 0
23.8478 47.2494 -8.03349 255 191 0
7.48664 7.32329 2.77663 255 191 0
9.48456 22.4107 -0.90842 255 191 0
19.4052 26.1115 2.27334 255 191 0
16.2621 46.5236 -4.4852 255 191 0
20.4957 -3.24142 8.00137 255 191 0
12.5519 53.2664 -9.03782 255 191 0
11.9784 48.5024 -8.4625 255 191 0
8.34764 -12.5263 -2.32665 255 191 0
11.0964 16.2478 4.63139 255 191 0
14.2387 16.7286 0.475778 255 191 0
9.90388 -23.9119 -4.9009 255 191 0
12.3676 51.6339 -8.63641 255 191 0
7.9937 -10.0743 4.91582 255 191 0
8.19734 -7.45034 -2.38858 255 191 0
13.9569 -33.2164 -7.46379 255 191 0
10.1476 15.1239 4.11944 255 191 0
19.6407 15.304 5.68887 255 191 0
16.0562 -26.0952 -12.9027 255 191 0
22.463 34.7371 -1.38411 255 191 0
23.5134 24.5921 -0.298402 255 191 0
7.81594 -0.332854 4.5766 255 191 0
4.41057 -0.78774 -1.65555 255 191 0
14.1657 37.3553 -5.38872 255 191 0
10.6848 21.6039 3.11198 255 191 0
10.7897 7.6473 6.20027 255 191 0
6.04974 11.1961 -4.6053 255 191 0
4.75189 1.22413 -1.01526 255 191 0
10.2713 26.7755 -2.28113 255 191 0
4.33846 1.62006 -2.11872 255 191 0
4.73586 6.67436 -4.90427 255 191 0
10.9218 -8.10626 6.57004 255 191 0
19.9855 38.6019 -5.90332 255 191 0
16.8328 2.69902 5.51668 255 191 0
4.77574 2.41338 -1.11007 255 191 0
16.1386 -6.03129 7.39925 255 191 0
9.87144 -11.5729 2.35748 255 191 0
13.9713 13.9317 6.47368 255 191 0
24.4576 34.2671 -4.72568 255 191 0
8.92116 -9.01476 -11.4883 255 191 0
9.74386 7.84092 5.20094 255 191 0
3.70318 -14.2404 -7.59691 255 191 0
20.5506 14.4682 2.32564 255 191 0
5.39868 8.71659 -0.714876 255 191 0
7.62618 -21.1493 -10.2186 255 191 0
19.9121 33.3022 -4.0972 255 191 0
4.78097 -11.8722 -10.4672 255 191 0
17.4887 -4.38858 9.18333 255 191 0
14.0969 -27.8181 -7.43655 255 191 0
18.0899 -21.3885 -12.4489 255 191 0
20.8677 14.7456 5.95344 255 191 0
16.3813 -3.76442 8.99125 255 191 0
4.79665 -9.93424 -10.7381 255 191 0
9.74983 21.8451 -5.1426 255 191 0
10.3811 16.3785 -2.98211 255 191 0
18.5703 19.944 4.27074 255 191 0
4.72036 10.0751 -2.25391 255 191 0
10.688 24.2953 1.78778 255 191 0
24.3713 32.0541 -4.70165 255 191 0
7.03213 4.45892 2.62802 255 191 0
11.1086 22.8969 -3.72924 255 191 0
3.46914 -11.0429 -5.28583 255 191 0
20.8377 26.4944 -2.12096 255 191 0
12.1426 43.7821 -5.16927 255 191 0
14.551 48.1988 -8.59783 255 191 0
21.5261 39.5076 -2.71547 255 191 0
17.1109 42.7455 -6.65763 255 191 0
10.6278 -23.8974 -5.71123 255 191 0
18.5138 -25.4574 -12.508 255 191 0
10.3455 32.4957 -5.42163 255 191 0
20.147 44.2643 -4.04474 255 191 0
4.30585 -5.92878 -1.36895 255 191 0
7.60573 17.6747 1.05932 255 191 0
7.98942 -25.4719 -5.85561 255 191 0
17.9834 6.11814 5.05873 255 191 0
17.5779 6.99766 4.69388 255 191 0
12.8981 -3.68279 7.97163 255 191 0
15.3685 -29.6786 -8.23241 255 191 0
21.9011 37.6694 -6.57067 255 191 0
23.9493 31.9843 -1.21115 255 191 0
4.46042 0.394527 -1.67429 255 191 0
9.15666 20.0791 -5.30824 255 191 0
11.624 -29.3116 -7.56267 255 191 0
9.76717 -20.9653 -5.36521 255 191 0
8.47362 5.29853 -4.3822 255 191 0
13.3493 -13.8524 -12.6181 255 191 0
4.85218 -9.30786 0.558014 255 191 0
23.0097 20.9916 0.314015 255 191 0
13.1203 -15.3172 -9.073 255 191 0
8.47033 6.83394 4.03548 255 191 0
12.5144 22.2294 -2.13342 255 191 0
15.7773 27.4854 1.59045 255 191 0
3.45519 -6.80609 -8.10002 255 191 0
3.79561 -12.628 -8.42196 255 191 0
14.1163 13.3887 1.27766 255 191 0
5.36773 -24.8397 -6.55409 255 191 0
21.8719 28.6984 0.926175 255 191 0
3.6665 -12.709 -3.35043 255 191 0
5.11673 -1.6748 0.217625 255 191 0
16.9496 -20.989 -10.4465 255 191 0
17.5651 41.9552 -2.86104 255 191 0
12.0183 11.4203 -0.0280115 255 191 0
6.05892 6.00943 -6.24603 255 191 0
22.0815 18.4748 4.91415 255 191 0
18.0994 46.1095 -7.87427 255 191 0
3.50471 -14.8289 -5.54212 255 191 0
13.2134 -12.2041 -9.82673 255 191 0
15.0133 23.7872 -1.12416 255 191 0
10.89 25.8513 -0.223599 255 191 0
16.7351 40.1451 -2.28228 255 191 0
17.3963 19.4116 4.33294 255 191 0
16.3381 9.33624 7.85267 255 191 0
24.344 31.3673 -3.72795 255 191 0
5.86167 5.72813 0.605763 255 191 0
4.75176 6.59173 -1.68651 255 191 0
4.9016 -22.831 -4.40015 255 191 0
20.0586 3.21656 9.68654 255 191 0
20.9699 51.3694 -8.33433 255 191 0
9.52392 4.28938 5.6737 255 191 0
13.6427 -2.13463 4.86564 255 191 0
16.5516 49.6477 -5.57473 255 191 0
21.6977 9.47999 5.5367 255 191 0
20.4431 -1.00256 8.65444 255 191 0
12.1311 -10.5124 -9.63619 255 191 0
8.06618 1.61136 4.53414 255 191 0
8.39838 -1.29167 -8.2473 255 191 0
3.50534 -15.951 -4.92031 255 191 0
19.1279 22.5771 -0.236033 255 191 0
16.7116 4.53904 8.6676 255 191 0
8.12187 -1.46796 -4.68089 255 191 0
16.4539 54.7968 -7.34954 255 191 0
17.261 15.8938 1.89168 255 191 0
15.1306 49.826 -5.70742 255 191 0
10.3223 12.941 4.73638 255 191 0
10.2066 -5.91217 -9.10027 255 191 0
15.7649 19.264 4.20451 255 191 0
16.4695 32.6872 -3.55249 255 191 0
15.7359 27.7097 -2.03663 255 191 0
13.2098 -7.61949 6.15028 255 191 0
21.375 21.2069 -0.160336 255 191 0
8.73945 9.5445 -4.52612 255 191 0
7.1014 19.8772 -0.5254 255 191 0
11.3129 -26.6322 -11.8307 255 191 0
24.4048 35.1565 -5.65085 255 191 0
21.6357 11.7004 6.35022 255 191 0
21.9237 25.539 -2.269 255 191 0
5.44321 -14.9661 -10.2379 255 191 0
22.037 29.5268 -3.41377 255 191 0
8.92869 -7.27145 -7.02111 255 191 0
16.8805 51.5192 -9.54067 255 191 0
9.80578 -14.1965 -6.63644 255 191 0
8.7344 -8.85074 -0.463789 255 191 0
17.7963 24.783 2.68307 255 191 0
10.6834 -1.51987 7.06635 255 191 0
11.7362 -10.7768 5.13499 255 191 0
19.5204 26.2897 -1.61945 255 191 0
15.4138 35.1794 -4.47437 255 191 0
20.1428 40.3293 -2.61084 255 191 0
15.7407 24.7599 -1.20185 255 191 0
18.7941 33.7641 -3.94454 255 191 0
9.12628 -6.83129 6.27294 255 191 0
17.7194 -20.9836 -13.7093 255 191 0
19.8132 45.6828 -4.47519 255 191 0
18.1101 40.0055 -2.21807 255 191 0
13.0123 -8.16491 7.2438 255 191 0
12.8969 43.5796 -3.73963 255 191 0
15.1078 -6.38066 6.97685 255 191 0
11.9497 11.648 6.27031 255 191 0
7.83608 16.5395 -5.21953 255 191 0
21.3226 13.7203 2.41547 255 191 0
16.7794 -5.88269 8.78871 255 191 0
10.2852 17.9304 3.61689 255 191 0
10.9489 37.9272 -5.68864 255 191 0
17.2056 46.7095 -7.95352 255 191 0
10.1581 15.2001 -3.11024 255 191 0
19.0418 34.6942 -0.483996 255 191 0
16.6344 -30.7394 -10.3142 255 191 0
10.8615 17.3094 -2.68005 255 191 0
4.90674 -19.2398 -1.87165 255 191 0
9.16757 -8.4811 -7.19897 255 191 0
13.2338 3.1755 3.12921 255 191 0
17.4663 8.10074 8.21008 255 191 0
18.5708 -26.4936 -12.6975 255 191 0
18.5905 2.73158 9.82601 255 191 0
3.34843 -4.82646 -6.55998 255 191 0
3.50603 -12.6424 -4.72236 255 191 0
17.3775 48.6644 -5.23639 255 191 0
12.4454 -8.40613 5.3967 255 191 0
7.68096 11.6979 -6.46997 255 191 0
9.9128 28.1607 -4.5911 255 191 0
11.372 8.15086 0.00413686 255 191 0
9.70961 3.10165 -1.21833 255 191 0
14.5224 39.1824 -2.34426 255 191 0
16.0187 47.7133 -8.24853 255 191 0
14.1334 -30.1783 -7.16361 255 191 0
10.9597 -2.80314 7.2189 255 191 0
23.5004 43.7382 -5.53135 255 191 0
14.943 40.261 -6.22614 255 191 0
18.9961 25.0048 2.64959 255 191 0
17.8573 54.4085 -8.95026 255 191 0
14.5492 -2.11771 8.44919 255 191 0
13.1554 -7.06464 7.58834 255 191 0
8.06498 -7.27308 -4.66494 255 191 0
24.3711 33.0328 -5.29639 255 191 0
16.7521 -25.0331 -13.0636 255 191 0
20.772 33.6356 -0.43299 255 191 0
18.9338 25.2454 -1.16677 255 191 0
9.80599 -10.5636 2.09566 255 191 0
21.7836 22.8488 2.89155 255 191 0
12.3824 28.2209 1.39773 255 191 0
22.5182 30.794 -0.0248409 255 191 0
12.3423 -30.1359 -7.41114 255 191 0
6.19484 8.30229 0.745987 255 191 0
11.3853 -10.9801 -8.8885 255 191 0
15.4632 36.7988 -1.38222 255 191 0
15.5636 -20.5466 -9.18544 255 191 0
12.2582 -29.9847 -11.5517 255 191 0
4.3851 -17.3444 -0.81461 255 191 0
21.8237 24.3901 2.37465 255 191 0
9.39634 11.5623 -3.55206 255 191 0
20.7917 43.1313 -3.82293 255 191 0
12.7746 36.0211 -5.58004 255 191 0
12.0516 -19.3251 -13.1544 255 191 0
3.58123 -17.5438 -3.46958 255 191 0
14.3488 35.8153 -1.30843 255 191 0
8.30959 15.9501 -6.10504 255 191 0
21.7933 50.4407 -7.89284 255 191 0
16.7311 11.7273 7.17977 255 191 0
17.8256 39.6384 -5.70194 255 191 0
8.94513 -21.5445 -4.39235 255 191 0
12.024 10.5732 6.55903 255 191 0
3.71301 -10.6527 -8.64358 255 191 0
18.2347 -3.70423 7.77753 255 191 0
5.45454 -20.6194 -9.0779 255 191 0
19.4596 35.8596 -4.77901 255 191 0
23.1851 43.5646 -9.26649 255 191 0
20.9789 25.3235 2.29605 255 191 0
7.69271 10.3444 2.475 255 191 0
5.31248 -13.7537 2.13373 255 191 0
9.63342 26.8066 -5.83345 255 191 0
7.18866 16.0984 -2.78797 255 191 0
23.6363 33.8325 -1.71524 255 191 0
8.12138 -9.55161 -3.50763 255 191 0
4.20124 5.88813 -2.95675 255 191 0
16.4206 31.7865 0.385994 255 191 0
6.5094 13.5846 -3.84479 255 191 0
17.2994 -28.3447 -12.5855 255 191 0
9.48823 -5.74129 -8.29119 255 191 0
23.6012 45.2151 -8.39503 255 191 0
14.9044 36.3315 -4.89771 255 191 0
4.42791 -14.7003 0.181458 255 191 0
8.54008 19.3146 1.7372 255 191 0
4.93938 -20.167 -2.69527 255 191 0
21.6595 49.8784 -9.14545 255 191 0
8.83291 3.49597 5.08564 255 191 0
23.8727 46.1405 -7.49404 255 191 0
7.07364 10.1263 -6.28198 255 191 0
8.29109 -12.1292 -3.31911 255 191 0
20.7304 5.63365 8.35873 255 191 0
9.53691 8.58213 -2.57876 255 191 0
8.01358 -4.94419 -9.91215 255 191 0
6.74028 -11.2613 4.10653 255 191 0
7.85581 14.3792 1.92293 255 191 0
12.0642 12.9892 -0.352418 255 191 0
23.9858 39.7539 -5.22303 255 191 0
8.43096 -13.2893 -1.54974 255 191 0
8.44089 -11.1865 -1.34817 255 191 0
8.67152 20.8992 -2.61206 255 191 0
16.5555 -1.31262 6.51965 255 191 0
11.7407 39.4215 -3.68523 255 191 0
23.3161 41.7048 -8.48495 255 191 0
10.9199 29.8522 -1.77644 255 191 0
20.8555 1.81868 7.29842 255 191 0
7.86684 -14.9113 2.20119 255 191 0
6.9905 -5.35962 -10.1344 255 191 0
16.15 31.1219 -3.04147 255 191 0
6.95984 -15.4826 -10.9629 255 191 0
13.9894 22.5445 3.21309 255 191 0
11.4571 15.0555 5.17312 255 191 0
8.97339 -11.3297 0.370834 255 191 0
12.2924 47.7321 -6.56837 255 191 0
19.4074 27.4414 1.8573 255 191 0
11.2455 29.1838 -0.896731 255 191 0
14.9201 7.67384 3.10756 255 191 0
13.3099 -0.177027 3.98942 255 191 0
21.7667 10.6943 5.65801 255 191 0
8.13429 -0.363239 -7.31506 255 191 0
17.1792 -23.7515 -13.2548 255 191 0
10.5675 13.5345 -2.24422 255 191 0
21.2218 44.9284 -4.66792 255 191 0
6.08974 -16.0378 -10.3479 255 191 0
21.3342 10.7983 7.22782 255 191 0
9.25458 25.218 -4.67227 255 191 0
14.9195 38.0623 -5.5079 255 191 0
6.81832 -7.32997 4.3237 255 191 0
9.66937 18.9045 2.89105 255 191 0
8.26554 13.3753 2.58428 255 191 0
11.3388 38.6721 -4.45423 255 191 0
10.1163 -1.16751 0.526556 255 191 0
10.1689 0.154725 0.295665 255 191 0
13.4939 42.6165 -7.22217 255 191 0
9.28219 4.78383 -2.27666 255 191 0
14.5808 10.5355 7.36225 255 191 0
11.7171 -29.7288 -10.6699 255 191 0
11.9591 -17.9844 -7.86358 255 191 0
9.45354 -9.47225 1.25799 255 191 0
18.9521 16.1823 2.04027 255 191 0
4.59523 -20.2529 -8.36676 255 191 0
3.58996 -18.6463 -3.18695 255 191 0
5.61912 4.10623 0.409781 255 191 0
7.61997 16.8834 -3.807 255 191 0
17.6731 18.2081 4.71632 255 191 0
19.2781 -5.92281 9.113 255 191 0
17.4745 33.8722 -0.177731 255 191 0
4.54617 4.4873 -1.90967 255 191 0
12.7899 24.5045 -2.52208 255 191 0
23.6321 43.4403 -7.91724 255 191 0
5.58858 -1.85472 1.22521 255 191 0
18.5152 4.63079 9.5067 255 191 0
7.49931 12.9992 1.77348 255 191 0
15.5943 -2.7241 8.65938 255 191 0
10.955 -4.34056 2.83532 255 191 0
11.8822 37.0425 -2.61094 255 191 0
3.79304 6.0632 -4.16077 255 191 0
3.63019 -0.581809 -5.39253 255 191 0
11.8454 27.1491 0.915318 255 191 0
22.8877 38.0655 -7.42908 255 191 0
14.2606 43.9625 -7.42116 255 191 0
8.39932 -6.5873 -1.61489 255 191 0
8.49599 -9.74578 -5.10781 255 191 0
11.2751 -26.4938 -5.67441 255 191 0
14.5193 8.14892 7.6609 255 191 0
12.4997 -16.3314 -13.4156 255 191 0
9.28956 -10.4824 1.03277 255 191 0
14.2572 9.02342 2.51441 255 191 0
17.2196 20.5147 3.97265 255 191 0
4.80227 -8.50022 -10.2786 255 191 0
15.4929 53.7703 -6.99621 255 191 0
16.6835 56.0025 -7.8788 255 191 0
18.5094 52.5159 -6.76596 255 191 0
19.6998 20.4506 4.05752 255 191 0
19.9717 1.00687 9.90928 255 191 0
24.3298 36.4368 -3.68376 255 191 0
19.2323 49.6282 -9.52107 255 191 0
12.1256 25.5481 -3.27721 255 191 0
4.02938 -0.0345934 -2.83524 255 191 0
3.52944 -7.80701 -4.64809 255 191 0
16.5037 11.2772 3.04887 255 191 0
13.4626 25.5406 -2.40477 255 191 0
19.3901 4.36656 5.79067 255 191 0
21.8362 12.9206 5.88432 255 191 0
11.838 17.3993 -1.57125 255 191 0
11.2185 41.0357 -6.50554 255 191 0
13.4718 38.7088 -6.0475 255 191 0
11.6724 2.13957 1.73695 255 191 0
6.36512 9.85958 0.74549 255 191 0
16.792 6.97341 8.18368 255 191 0
13.2631 13.6645 0.55428 255 191 0
13.1035 2.05965 7.66956 255 191 0
7.62682 20.7343 -1.45596 255 191 0
11.8022 22.7565 -2.93136 255 191 0
4.44448 -7.20334 -0.808753 255 191 0
6.99621 -22.0717 -2.55335 255 191 0
17.665 -22.5921 -12.1102 255 191 0
5.33536 10.4747 -3.95516 255 191 0
20.6449 28.5849 1.30023 255 191 0
4.65212 -4.01919 -0.59103 255 191 0
11.9246 -30.4539 -8.4176 255 191 0
14.0505 -23.339 -13.064 255 191 0
11.0808 9.56087 -0.46067 255 191 0
11.8575 -9.20832 4.97509 255 191 0
23.1569 38.8254 -3.27297 255 191 0
14.9466 5.32139 3.78721 255 191 0
13.305 47.9815 -8.63491 255 191 0
16.3681 -2.55697 6.75795 255 191 0
15.9633 21.6089 -0.149467 255 191 0
3.76113 -17.0273 -7.00178 255 191 0
14.0516 33.1096 -4.23006 255 191 0
20.7736 2.39075 6.30237 255 191 0
10.2549 -28.4149 -9.70918 255 191 0
4.95117 0.957832 -6.67486 255 191 0
8.88884 -9.28295 -6.08103 255 191 0
9.14565 22.5064 -2.41759 255 191 0
14.2173 6.55592 2.81413 255 191 0
15.8798 44.0194 -7.17184 255 191 0
23.213 40.3229 -8.47864 255 191 0
6.62084 -17.1921 -10.3138 255 191 0
10.017 24.3537 -1.96313 255 191 0
12.3415 -13.0478 -12.5956 255 191 0
12.8413 12.4171 0.498347 255 191 0
8.82635 -18.7614 -4.62104 255 191 0
11.7808 29.322 0.0844841 255 191 0
14.1482 46.1415 -8.02426 255 191 0
8.03257 -0.737458 -6.33308 255 191 0
23.0775 22.7003 1.95956 255 191 0
9.45714 16.0798 -4.54984 255 191 0
12.2822 -26.7908 -6.32051 255 191 0
15.2489 45.6307 -4.27538 255 191 0
15.3336 10.2718 2.79407 255 191 0
9.35972 -9.59806 -7.20488 255 191 0
8.07181 -2.19172 -6.19712 255 191 0
12.4115 41.9289 -3.56948 255 191 0
23.8823 37.7892 -3.3566 255 191 0
7.51823 -5.44045 5.0806 255 191 0
8.47438 12.7898 -5.68458 255 191 0
21.2332 27.4767 -2.61618 255 191 0
14.3244 30.6436 0.309006 255 191 0
15.1075 -32.3876 -11.0991 255 191 0
18.3939 20.9236 3.95437 255 191 0
8.81364 -5.78372 6.22361 255 191 0
18.1471 53.3045 -9.73368 255 191 0
19.9101 14.0122 6.08535 255 191 0
10.6663 27.0514 -5.14719 255 191 0
10.9501 -21.022 -12.4632 255 191 0
21.3676 8.5299 6.77774 255 191 0
8.40706 -18.5497 -0.416068 255 191 0
16.7099 39.7282 -5.80628 255 191 0
15.5307 25.8489 2.01251 255 191 0
16.5135 37.5671 -1.45226 255 191 0
8.04045 4.89034 3.89347 255 191 0
4.1769 -11.3036 -9.73061 255 191 0
8.95424 -25.8068 -5.45039 255 191 0
17.25 53.696 -7.00845 255 191 0
11.7068 13.6034 5.6773 255 191 0
17.5814 34.036 -3.98267 255 191 0
3.85037 -10.2978 -2.65382 255 191 0
13.3792 -25.7478 -7.33239 255 191 0
8.63986 6.74003 -4.17461 255 191 0
10.4157 -10.173 3.11291 255 191 0
24.237 30.6083 -2.35941 255 191 0
8.01787 20.7745 0.200659 255 191 0
3.66761 -0.55687 -4.13807 255 191 0
18.1732 -2.3331 7.38889 255 191 0
17.1956 28.2847 1.56456 255 191 0
12.0123 32.8628 -5.18118 255 191 0
20.2394 43.2873 -7.62794 255 191 0
16.3701 26.4563 2.00161 255 191 0
8.60406 -7.39519 -10.7791 255 191 0
12.3916 -26.0044 -12.3204 255 191 0
12.6165 -22.0269 -12.9266 255 191 0
13.5322 -2.65595 8.20706 255 191 0
21.3912 22.4517 -0.692728 255 191 0
13.8649 23.8771 2.84324 255 191 0
14.9751 17.2853 4.99344 255 191 0
10.7083 25.7708 -4.82722 255 191 0
12.3339 49.0063 -7.11283 255 191 0
11.7416 -21.0159 -7.20162 255 191 0
8.1266 10.2657 -6.02614 255 191 0
14.2717 4.15633 3.71211 255 191 0
21.0996 9.00064 4.07234 255 191 0
8.05192 -6.89143 -3.43737 255 191 0
13.8102 2.5128 3.78053 255 191 0
15.0077 22.1658 3.02912 255 191 0
11.6465 -25.147 -6.14831 255 191 0
4.72304 11.983 -2.50021 255 191 0
11.5409 -27.5717 -6.15305 255 191 0
6.35846 -6.49877 3.39682 255 191 0
17.7855 36.3036 -4.67303 255 191 0
11.653 44.7937 -7.49497 255 191 0
18.4893 -20.4015 -13.1116 255 191 0
13.4001 52.5884 -7.11366 255 191 0
17.1705 43.5995 -3.42765 255 191 0
11.7008 40.9098 -4.78305 255 191 0
12.0482 26.6219 -3.61146 255 191 0
3.52295 -8.44485 -8.17206 255 191 0
13.6399 -13.7611 -9.70867 255 191 0
12.966 53.9995 -8.29718 255 191 0
8.36109 -6.72494 -5.94975 255 191 0
8.06343 -0.197193 -5.40642 255 191 0
7.99843 1.91607 -7.60796 255 191 0
13.5701 -15.1647 -13.1756 255 191 0
23.6509 25.2294 -1.31395 255 191 0
14.2492 50.2706 -9.16991 255 191 0
11.4215 29.1316 -4.80551 255 191 0
13.8412 51.5038 -9.56027 255 191 0
7.37325 0.447366 3.821 255 191 0
21.5267 40.6491 -3.1478 255 191 0
19.7997 18.2471 1.35329 255 191 0
8.93109 -25.7442 -10.3498 255 191 0
20.6388 31.5856 0.290337 255 191 0
5.12796 -4.00632 0.547899 255 191 0
8.96094 -26.4232 -6.59829 255 191 0
20.2556 20.2846 0.539298 255 191 0
11.7878 -16.6176 -8.05453 255 191 0
12.4354 30.5258 0.606024 255 191 0
12.4567 31.7263 -4.61556 255 191 0
9.90439 6.61146 5.5961 255 191 0
13.2908 -31.2885 -7.19239 255 191 0
18.9801 52.1426 -9.79418 255 191 0
6.54925 -1.21987 2.85756 255 191 0
13.797 50.0811 -5.98876 255 191 0
12.6717 43.8939 -7.82521 255 191 0
19.1295 -0.155958 7.01307 255 191 0
4.04175 0.00130435 -6.79515 255 191 0
9.93764 28.8479 -5.73998 255 191 0
6.40237 -25.5583 -8.45863 255 191 0
23.8186 27.6904 -0.807594 255 191 0
18.6676 38.9333 -1.892 255 191 0
19.1103 -1.49303 7.39433 255 191 0
13.681 33.7113 -0.548167 255 191 0
19.6335 41.8517 -6.87978 255 191 0
8.2542 -20.9156 -2.34896 255 191 0
11.2748 -9.10289 6.27086 255 191 0
3.60873 -4.73239 -4.16586 255 191 0
6.52344 -6.60759 -10.4487 255 191 0
7.91838 -16.0549 1.44785 255 191 0
17.7076 12.9268 6.24906 255 191 0
10.274 2.36124 -0.128716 255 191 0
16.6448 48.8951 -8.6379 255 191 0
11.8919 24.1105 3.08813 255 191 0
12.8235 4.21936 2.47296 255 191 0
23.6841 42.3441 -7.40962 255 191 0
5.85423 -4.08194 2.06176 255 191 0
11.0561 12.8234 -1.4142 255 191 0
16.4015 8.60365 3.7006 255 191 0
8.82141 21.1809 -5.45618 255 191 0
22.8992 46.0902 -6.06958 255 191 0
16.4599 47.7528 -4.91385 255 191 0
7.02808 0.331724 -7.86029 255 191 0
15.0993 -18.0592 -13.7072 255 191 0
10.5037 2.29185 6.99119 255 191 0
22.9826 21.2275 2.00673 255 191 0
8.76646 15.2502 -5.48181 255 191 0
4.66442 -8.22675 -0.0622461 255 191 0
23.5834 41.0728 -7.73956 255 191 0
18.7072 9.14875 4.13803 255 191 0
10.4462 -11.5165 4.98183 255 191 0
4.09647 -3.47391 -2.28104 255 191 0
13.5245 -29.6644 -12.1912 255 191 0
4.79997 -12.6593 0.955464 255 191 0
22.6904 18.8706 2.81326 255 191 0
10.9289 34.1142 -3.6266 255 191 0
12.8723 1.6236 3.17483 255 191 0
5.77522 -19.7761 -1.88971 255 191 0
22.2267 13.2946 3.01199 255 191 0
4.31692 -14.4282 -9.27241 255 191 0
7.74295 5.70657 -7.11524 255 191 0
13.3874 -0.269227 7.93867 255 191 0
14.6677 52.5567 -6.64542 255 191 0
4.502 -2.84125 -1.15136 255 191 0
16.6234 -21.7894 -9.53378 255 191 0
15.6524 -28.0032 -8.27949 255 191 0
11.4511 34.8206 -6.12135 255 191 0
3.90068 -14.496 -1.87773 255 191 0
17.1313 35.3812 -4.4512 255 191 0
10.0425 -7.657 -10.3961 255 191 0
11.168 11.7948 -1.06062 255 191 0
20.5077 3.58346 8.71802 255 191 0
16.5436 25.3696 2.36161 255 191 0
3.55217 -8.89079 -4.40181 255 191 0
19.5717 5.27048 9.19274 255 191 0
13.1665 20.0815 -1.087 255 191 0
12.3968 -30.607 -10.4548 255 191 0
8.95274 1.70934 5.56758 255 191 0
6.41587 -0.66479 -7.83834 255 191 0
10.4847 11.3092 -1.81184 255 191 0
11.9474 34.5248 -1.52608 255 191 0
16.125 0.323039 8.94382 255 191 0
10.3054 16.7299 3.9072 255 191 0
15.1391 -23.1559 -13.245 255 191 0
3.54787 -16.4304 -3.97439 255 191 0
17.4711 31.3572 0.626913 255 191 0
17.97 23.6073 -0.451028 255 191 0
9.40753 -3.14775 6.6535 255 191 0
13.756 5.14379 7.42148 255 191 0
22.1062 20.6612 3.92598 255 191 0
17.3 -21.3744 -11.5233 255 191 0
5.0262 4.07709 -0.766801 255 191 0
10.697 31.3236 -6.01515 255 191 0
22.5569 16.9872 2.75004 255 191 0
19.3713 -4.02435 8.07928 255 191 0
10.6096 -15.222 -7.30773 255 191 0
8.71199 -13.8765 -5.02678 255 191 0
15.395 14.0599 6.34636 255 191 0
12.7574 -19.4518 -8.11972 255 191 0
9.63173 -18.4713 -5.69971 255 191 0
10.4653 -25.7144 -5.08448 255 191 0
18.0772 54.1432 -7.70243 255 191 0
17.8163 3.62655 5.70211 255 191 0
18.9863 43.1338 -7.10008 255 191 0
13.2998 -5.76168 7.71431 255 191 0
15.2376 1.44394 8.42861 255 191 0
22.8245 37.5841 -2.59886 255 191 0
16.0743 2.60749 8.65027 255 191 0
12.6588 15.6253 -0.43995 255 191 0
9.65467 10.781 -2.93625 255 191 0
7.55221 2.46256 3.70531 255 191 0
6.75134 7.73197 1.68086 255 191 0
4.58952 -15.8988 0.483113 255 191 0
9.3996 -21.6774 -11.2694 255 191 0
8.54129 -21.8297 -3.43102 255 191 0
17.759 37.6591 -5.11783 255 191 0
21.4283 7.11426 4.9506 255 191 0
4.04894 -15.1528 -8.55469 255 191 0
4.82125 -14.1664 1.2583 255 191 0
9.91766 -8.64861 2.01399 255 191 0
5.17547 -7.08698 1.12204 255 191 0
12.011 6.60479 7.35464 255 191 0
9.42822 -4.70655 0.467039 255 191 0
8.89205 10.9867 3.7389 255 191 0
9.67222 -6.3174 1.27188 255 191 0
7.79363 18.5948 -2.01714 255 191 0
4.36134 10.8518 -3.15285 255 191 0
22.1568 20.0764 0.0872131 255 191 0
9.05544 -5.71878 -0.186135 255 191 0
12.1214 9.43796 6.86905 255 191 0
11.2477 31.2025 -1.59862 255 191 0
12.6503 -9.22197 6.50275 255 191 0
8.62557 8.08115 -4.43165 255 191 0
14.7801 37.6826 -1.80606 255 191 0
23.5685 34.6655 -6.33966 255 191 0
6.618 13.0793 -4.83155 255 191 0
8.67091 20.7034 1.58683 255 191 0
4.48563 -9.61826 -0.418189 255 191 0
11.9067 -7.82646 6.99781 255 191 0
18.9263 53.1903 -7.44275 255 191 0
23.7832 40.6648 -6.45913 255 191 0
7.48272 -8.94908 5.3082 255 191 0
20.3643 28.0549 -2.45015 255 191 0
12.413 42.8385 -7.63888 255 191 0
16.8042 55.93 -9.01104 255 191 0
24.0601 33.5093 -6.24086 255 191 0
4.30511 -4.60989 -1.514 255 191 0
14.3806 -16.3214 -13.3956 255 191 0
16.5612 -20.5366 -13.7712 255 191 0
14.9786 -14.8255 -11.5252 255 191 0
22.4953 40.9517 -3.71624 255 191 0
23.9478 36.5433 -7.04996 255 191 0
20.301 -5.0413 8.65561 255 191 0
22.2673 36.8451 -2.04734 255 191 0
12.5816 51.5276 -9.70656 255 191 0
13.4763 15.8043 0.212226 255 191 0
20.0056 16.3315 1.81093 255 191 0
17.4247 -30.1665 -11.0514 255 191 0
12.2311 -15.1621 -13.193 255 191 0
17.8026 52.0159 -9.93501 255 191 0
9.39339 14.8694 -4.39185 255 191 0
19.587 31.1895 0.621392 255 191 0
15.3577 47.5528 -4.90789 255 191 0
16.1217 51.6737 -6.26299 255 191 0
20.2709 52.1026 -7.87131 255 191 0
9.81514 21.4854 2.46308 255 191 0
17.8674 3.65051 9.36057 255 191 0
10.5089 -11.1924 3.38394 255 191 0
23.1599 21.9576 -0.35241 255 191 0
4.91563 5.34344 -1.14971 255 191 0
4.49689 -17.5469 -8.98687 255 191 0
20.7697 22.4091 3.2782 255 191 0
16.1522 36.0511 -1.01086 255 191 0
17.8112 8.45978 4.3405 255 191 0
6.77444 -18.5532 -10.1427 255 191 0
9.09292 -13.3016 0.664271 255 191 0
10.7602 36.7577 -6.38439 255 191 0
11.6788 42.0402 -5.55729 255 191 0
20.8667 2.95866 7.72867 255 191 0
8.27897 -2.07399 -3.58861 255 191 0
20.4395 29.2416 -2.89197 255 191 0
6.27755 -8.9816 3.64925 255 191 0
9.76602 -27.9748 -8.46711 255 191 0
14.3497 35.0147 -4.61367 255 191 0
19.6727 51.8347 -6.82527 255 191 0
22.0714 14.0354 4.97203 255 191 0
9.00192 -15.1097 0.652014 255 191 0
15.0892 33.8724 -4.06111 255 191 0
21.2308 12.6054 6.89803 255 191 0
6.98473 -25.0716 -6.15042 255 191 0
7.43704 17.3159 -2.16357 255 191 0
8.07259 -8.30364 -3.71456 255 191 0
15.0666 -27.7376 -12.6287 255 191 0
22.6669 31.9861 -0.50205 255 191 0
11.9876 -27.6339 -11.9874 255 191 0
8.53373 -12.2732 -0.93166 255 191 0
21.3562 17.6656 5.19034 255 191 0
20.1818 11.0594 6.96907 255 191 0
18.3773 23.6762 3.07968 255 191 0
7.91407 17.5966 -4.62507 255 191 0
18.521 -3.99393 9.59988 255 191 0
3.80195 -8.69244 -9.44006 255 191 0
20.5197 44.3147 -8.15481 255 191 0
7.88278 6.64069 -6.67693 255 191 0
9.43316 0.742611 6.26566 255 191 0
9.90581 -13.9035 3.08921 255 191 0
14.9524 28.787 -2.65085 255 191 0
9.43975 24.2141 -3.11228 255 191 0
18.5316 36.1938 -0.944694 255 191 0
6.23947 -23.9686 -3.81645 255 191 0
10.9588 -2.4823 2.36575 255 191 0
20.9991 46.0479 -5.01632 255 191 0
20.4301 30.1316 0.824615 255 191 0
12.236 7.70043 7.29824 255 191 0
9.98009 -0.487445 6.99767 255 191 0
13.3567 -24.5106 -7.53203 255 191 0
16.9772 21.9895 -0.0113813 255 191 0
3.93421 -22.6156 -4.99276 255 191 0
16.7968 49.9624 -9.00095 255 191 0
5.81818 16.4882 -1.19886 255 191 0
4.11769 -9.99087 -1.56177 255 191 0
17.0837 2.71718 9.09678 255 191 0
22.5151 27.7986 -2.82324 255 191 0
3.53448 -13.5494 -6.76843 255 191 0
13.709 -18.7114 -8.97878 255 191 0
7.28627 15.5755 -4.31181 255 191 0
14.411 52.8557 -9.90203 255 191 0
23.3904 29.3344 0.0606252 255 191 0
14.6027 9.35794 7.57755 255 191 0
9.59695 -10.3138 5.34526 255 191 0
15.2208 4.58751 8.01088 255 191 0
18.4318 -27.732 -12.5885 255 191 0
11.0836 -7.13019 6.88425 255 191 0
22.5836 45.2502 -5.52026 255 191 0
5.0666 -18.5067 -9.29088 255 191 0
20.9386 45.6444 -8.95786 255 191 0
3.65394 -17.791 -6.28021 255 191 0
11.6772 41.5181 -7.34553 255 191 0
11.9172 -12.1098 -9.11999 255 191 0
7.17901 -0.75105 3.77829 255 191 0
10.191 -13.239 -7.3281 255 191 0
13.2598 9.00816 1.67304 255 191 0
19.0893 37.7251 -5.32475 255 191 0
16.0258 23.6946 -0.774184 255 191 0
4.02991 -10.2047 -9.69215 255 191 0
17.5795 22.5708 3.37129 255 191 0
5.59295 -10.8919 2.61237 255 191 0
20.4227 1.42212 8.90684 255 191 0
4.00407 -20.3626 -3.42071 255 191 0
24.4731 34.6724 -3.34689 255 191 0
11.8813 -1.83029 7.4602 255 191 0
9.09975 -0.262557 -1.39375 255 191 0
11.5194 22.673 3.44492 255 191 0
18.0548 10.1465 7.49642 255 191 0
10.0741 -22.5454 -11.7124 255 191 0
22.1857 15.3516 4.67947 255 191 0
14.3577 -16.6417 -9.69008 255 191 0
3.5737 1.94357 -6.14307 255 191 0
10.9732 18.9074 -2.94904 255 191 0
19.6456 35.8699 -0.961754 255 191 0
23.2181 44.9252 -9.43736 255 191 0
13.923 54.958 -10.5713 255 191 0
7.26604 -19.828 -10.2074 255 191 0
14.1445 -14.7351 -9.91796 255 191 0
12.2142 40.3611 -6.94116 255 191 0
10.9306 -15.4469 -13.0738 255 191 0
8.17662 -19.6407 -2.53938 255 191 0
19.8207 30.418 -3.11185 255 191 0
16.3073 -28.3633 -9.97968 255 191 0
8.56224 2.83204 -3.66505 255 191 0
3.67086 -16.0083 -2.91195 255 191 0
15.0797 19.0911 0.305264 255 191 0
13.4516 26.9168 1.77357 255 191 0
8.76484 4.55006 4.82097 255 191 0
12.6538 -31.4794 -8.0973 255 191 0
14.5444 -24.4352 -8.24772 255 191 0
18.2267 -4.89049 8.05212 255 191 0
19.8617 46.5554 -8.67035 255 191 0
8.01764 0.751613 -7.14118 255 191 0
16.3919 29.1992 -2.38772 255 191 0
19.3535 19.7793 0.82467 255 191 0
9.42795 12.9112 3.89813 255 191 0
9.67367 -10.7285 -7.43479 255 191 0
12.7645 -22.1187 -7.6106 255 191 0
9.2761 -15.7807 -12.3974 255 191 0
5.1931 -3.93627 -9.31409 255 191 0
23.711 26.4036 -0.85991 255 191 0
3.54673 -14.7939 -4.08991 255 191 0
17.3363 45.858 -4.22893 255 191 0
3.80013 -7.54211 -3.07756 255 191 0
7.3305 -6.60762 5.00946 255 191 0
22.6158 49.5825 -8.44614 255 191 0
10.1435 27.9809 -3.23531 255 191 0
12.226 -4.72465 7.64847 255 191 0
9.53989 -12.8238 1.82911 255 191 0
12.8496 16.4394 5.60494 255 191 0
10.9036 -19.6247 -12.6563 255 191 0
20.4058 10.763 3.66785 255 191 0
16.8186 -22.3381 -10.5406 255 191 0
10.3049 -6.33953 2.36102 255 191 0
10.2363 9.09197 -1.49424 255 191 0
10.4899 29.9098 -5.95009 255 191 0
8.29238 -16.4452 -2.08802 255 191 0
13.5934 -25.961 -12.6289 255 191 0
20.4913 41.1102 -7.00961 255 191 0
18.1712 -19.4198 -12.5856 255 191 0
18.3893 -30.4208 -11.7287 255 191 0
3.53554 -3.70925 -4.69064 255 191 0
14.5695 -1.19936 5.30682 255 191 0
21.2522 17.8836 1.15332 255 191 0
4.9631 7.91334 -1.42077 255 191 0
19.9678 4.29204 9.54682 255 191 0
3.65617 -14.0361 -3.23211 255 191 0
17.9577 6.92466 8.56234 255 191 0
24.2015 30.2653 -3.57865 255 191 0
12.0256 19.3128 -1.89763 255 191 0
18.6344 44.8844 -7.63139 255 191 0
20.2133 32.1691 -3.82137 255 191 0
20.6999 23.7441 -1.08117 255 191 0
10.3211 20.224 3.14368 255 191 0
16.6072 9.76983 3.5044 255 191 0
17.9132 2.56509 6.02566 255 191 0
3.49739 3.46679 -5.05836 255 191 0
10.4694 11.5334 5.15168 255 191 0
5.57936 10.6569 -0.653134 255 191 0
5.29512 1.31167 0.175984 255 191 0
9.27542 -3.83677 -8.49916 255 191 0
21.804 9.71933 4.36793 255 191 0
15.8321 -28.9011 -8.79763 255 191 0
15.5443 -30.7382 -12.3068 255 191 0
23.5689 25.8321 0.306013 255 191 0
15.2006 -21.8199 -13.4489 255 191 0
5.83129 -21.7924 -9.00603 255 191 0
6.70637 0.461055 2.83287 255 191 0
8.86084 -2.3829 -1.45348 255 191 0
22.6989 42.6252 -8.97663 255 191 0
14.4475 3.0477 7.93149 255 191 0
8.26021 11.4492 2.95638 255 191 0
24.0971 29.056 -3.16241 255 191 0
7.40257 -12.2305 3.69913 255 191 0
12.1397 6.25762 1.08535 255 191 0
17.6327 13.9928 5.92 255 191 0
9.17166 1.83197 -1.79482 255 191 0
21.1036 7.9716 4.41855 255 191 0
3.52389 -9.54064 -7.85209 255 191 0
9.4789 24.4604 -5.95677 255 191 0
10.5563 14.1179 4.68238 255 191 0
22.0748 42.4647 -4.09228 255 191 0
19.4164 40.9345 -6.44238 255 191 0
12.4517 0.956471 7.60244 255 191 0
20.2088 23.3305 3.08589 255 191 0
7.15738 -2.75174 -8.87809 255 191 0
17.1545 30.2505 -2.71375 255 191 0
11.3456 -14.3118 -13.038 255 191 0
9.88772 -14.5132 -12.7709 255 191 0
23.8972 34.8134 -2.235 255 191 0
23.2121 47.9351 -7.1185 255 191 0
10.2774 -7.58648 2.49266 255 191 0
10.2808 -9.49552 5.8452 255 191 0
4.58263 4.41267 -5.57908 255 191 0
16.5288 54.2365 -10.4392 255 191 0
11.0581 35.5569 -3.96744 255 191 0
10.117 12.1277 -2.42769 255 191 0
3.52911 -18.9062 -4.37874 255 191 0
5.41914 8.47717 -4.92347 255 191 0
3.78044 3.06818 -3.95593 255 191 0
11.7922 44.2162 -6.21963 255 191 0
18.9376 48.5885 -8.9721 255 191 0
8.5331 8.96029 3.71027 255 191 0
4.96724 -23.8634 -5.02871 255 191 0
4.96035 -18.2201 -1.19132 255 191 0
7.5527 -20.4836 -1.55429 255 191 0
11.986 -6.59267 7.45244 255 191 0
11.6343 10.3799 -0.171985 255 191 0
10.5616 -20.4377 -6.26251 255 191 0
15.3958 56.4529 -9.03093 255 191 0
23.7772 44.768 -7.45427 255 191 0
6.65987 11.0188 -5.6835 255 191 0
5.26596 5.55767 -5.67992 255 191 0
3.55264 -4.3927 -7.46075 255 191 0
16.1198 6.8829 3.99928 255 191 0
6.04191 -8.89942 -10.8526 255 191 0
8.33044 -22.6999 -2.67929 255 191 0
15.4276 31.8652 -3.40362 255 191 0
10.1225 -4.38152 1.68154 255 191 0
4.39818 -12.1208 -0.315142 255 191 0
9.36634 -5.68819 -9.73923 255 191 0
5.80889 9.71819 -4.92827 255 191 0
17.5864 -18.5352 -11.5081 255 191 0
11.5095 4.46742 7.3171 255 191 0
10.0571 -6.73055 6.70957 255 191 0
7.73175 19.7954 0.801513 255 191 0
13.5758 -21.2365 -13.2775 255 191 0
10.9784 -17.2859 -13.0686 255 191 0
13.3766 -16.9699 -13.5405 255 191 0
11.6664 32.5642 -1.30281 255 191 0
8.15438 8.99546 -6.02173 255 191 0
8.63751 -14.9447 -12.0935 255 191 0
9.62732 -17.1054 -12.3751 255 191 0
4.29869 -13.3499 -9.47809 255 191 0
9.15215 -7.70715 0.284579 255 191 0
16.422 14.4685 6.17085 255 191 0
21.5448 11.1448 3.31358 255 191 0
24.41 32.6237 -3.73392 255 191 0
5.2663 2.27309 -6.65813 255 191 0
15.332 55.8983 -10.8633 255 191 0
4.0165 -1.2655 -2.79648 255 191 0
22.1061 12.0474 3.48874 255 191 0
14.4602 -15.0632 -12.5678 255 191 0
6.7745 -15.323 1.363 255 191 0
12.9659 -29.4332 -6.57485 255 191 0
13.0591 -31.6298 -10.0752 255 191 0
23.3406 23.7209 0.313955 255 191 0
7.52785 -24.2237 -9.70469 255 191 0
7.54084 12.7632 -6.24473 255 191 0
22.2317 35.7287 -5.96748 255 191 0
17.4311 -3.22105 9.28655 255 191 0
8.17846 -5.59514 -5.72033 255 191 0
18.4401 47.2558 -8.36547 255 191 0
11.9879 39.116 -6.71905 255 191 0
22.5291 21.068 -0.767499 255 191 0
9.87115 -8.84938 -8.11647 255 191 0
13.2799 6.29064 2.12507 255 191 0
11.7642 43.0992 -5.86008 255 191 0
9.65741 11.5238 4.40458 255 191 0
23.8405 43.8501 -6.68405 255 191 0
8.71789 -1.9078 5.96694 255 191 0
4.39128 -18.85 -8.3774 255 191 0
5.24536 3.02002 -0.153446 255 191 0
17.0576 52.563 -6.58184 255 191 0
10.4886 8.67446 5.7357 255 191 0
14.1825 -13.6301 -11.3279 255 191 0
4.62527 -2.59058 -8.22692 255 191 0
3.68731 -7.52266 -9.16494 255 191 0
14.3792 -3.41607 8.55682 255 191 0
13.3999 -28.5777 -12.2947 255 191 0
9.22445 5.77846 5.08365 255 191 0
16.8579 -26.0262 -10.9637 255 191 0
23.9544 41.3015 -5.32929 255 191 0
6.44144 2.03401 2.15405 255 191 0
9.8616 -8.81858 -11.0658 255 191 0
12.2629 40.4627 -3.12704 255 191 0
10.4029 -19.3084 -6.2482 255 191 0
20.2167 37.0913 -5.48342 255 191 0
23.8716 37.7029 -7.38863 255 191 0
3.4356 -10.1469 -6.48316 255 191 0
8.43616 -4.90328 -1.88811 255 191 0
12.4457 8.06043 1.02038 255 191 0
11.232 1.39478 7.32469 255 191 0
17.068 24.2546 -0.704429 255 191 0
15.6894 52.0952 -9.62353 255 191 0
15.6451 -4.88912 6.85565 255 191 0
12.9761 45.3194 -4.45356 255 191 0
8.1199 -17.099 -11.2142 255 191 0
22.8782 42.9845 -4.76032 255 191 0
8.34047 -0.973798 -3.58966 255 191 0
20.1492 3.41364 6.02859 255 191 0
16.9673 5.97153 8.49605 255 191 0
6.6028 -23.5588 -9.22258 255 191 0
18.7263 49.6981 -5.74144 255 191 0
8.68624 19.8898 -4.08969 255 191 0
8.71481 0.31135 -2.55208 255 191 0
11.4538 -0.74255 7.35338 255 191 0
10.9532 38.6837 -6.40838 255 191 0
18.7505 37.1818 -1.30379 255 191 0
18.5213 -29.4257 -12.2218 255 191 0
12.3161 14.2592 -0.421474 255 191 0
9.4624 -12.9926 -6.52578 255 191 0
10.3313 -12.5403 3.30297 255 191 0
15.3775 11.7654 7.17387 255 191 0
23.8781 42.7698 -6.2218 255 191 0
8.92634 5.38667 -3.22334 255 191 0
16.4949 -17.675 -10.0124 255 191 0
23.4651 23.6371 -1.04083 255 191 0
11.8193 -1.37709 2.84278 255 191 0
5.54954 -15.0677 1.37242 255 191 0
5.09939 -10.8171 1.44413 255 191 0
8.16104 -3.59387 -3.74031 255 191 0
19.0376 24.0091 -0.798216 255 191 0
19.889 7.56377 4.69875 255 191 0
13.3959 40.1785 -6.47512 255 191 0
17.529 21.5085 3.70638 255 191 0
8.83546 -7.00267 -0.604438 255 191 0
24.3874 35.7457 -4.6282 255 191 0
11.8519 3.2621 1.67106 255 191 0
20.9123 37.8017 -6.02066 255 191 0
12.7698 -5.49773 4.88997 255 191 0
10.4279 23.7789 -4.62226 255 191 0
21.7939 33.9226 -0.839103 255 191 0
19.3221 39.6583 -2.22236 255 191 0
13.4801 -33.0166 -9.44005 255 191 0
3.54481 2.34146 -4.81298 255 191 0
24.2932 36.2667 -5.98896 255 191 0
5.28504 -6.65911 -10.1709 255 191 0
3.57309 -15.0293 -6.60822 255 191 0
11.2984 -23.3503 -6.41923 255 191 0
13.8237 17.8318 -0.0616427 255 191 0
12.0897 45.1841 -5.84694 255 191 0
10.5366 26.4806 -1.27055 255 191 0
10.7867 14.5902 -2.18617 255 191 0
16.3354 -25.184 -9.33064 255 191 0
21.7927 44.4319 -9.00905 255 191 0
9.60471 17.1751 3.19484 255 191 0
18.3817 17.2122 1.65792 255 191 0
15.2648 31.6066 0.231025 255 191 0
12.5499 22.3481 3.37869 255 191 0
3.61124 0.775559 -5.80538 255 191 0
10.9037 24.8715 0.1662 255 191 0
4.99594 -0.292292 -0.257412 255 191 0
17.2905 5.26531 5.04081 255 191 0
6.30988 -4.06108 -9.76753 255 191 0
4.43522 -10.8211 -0.40122 255 191 0
16.9861 35.108 -0.622204 255 191 0
16.0911 21.6399 3.3957 255 191 0
20.1364 1.53464 6.60424 255 191 0
14.871 41.6325 -6.62612 255 191 0
8.5232 -13.1916 3.38869 255 191 0
13.1555 5.27523 2.50533 255 191 0
20.8104 26.4525 1.97832 255 191 0
18.695 13.7399 6.15164 255 191 0
4.01396 2.20134 -3.10273 255 191 0
22.2782 14.5779 3.71188 255 191 0
13.0445 32.9436 -4.63969 255 191 0
15.4628 32.6759 -0.0511606 255 191 0
20.6961 47.2186 -5.35936 255 191 0
15.8395 -22.6753 -8.94907 255 191 0
13.314 7.18743 7.46343 255 191 0
14.5519 27.3123 1.36312 255 191 0
15.0879 50.9609 -9.24473 255 191 0
5.5529 -0.29633 0.917877 255 191 0
12.3659 18.4198 -1.38723 255 191 0
11.4136 -3.9566 7.3881 255 191 0
16.7194 12.39 2.80611 255 191 0
6.34157 14.9156 -2.64056 255 191 0
6.80145 -4.97119 3.90892 255 191 0
3.98705 7.65926 -4.39315 255 191 0
21.0607 4.18882 5.77851 255 191 0
15.4055 39.6852 -2.30864 255 191 0
18.8689 16.5598 5.31411 255 191 0
15.8606 34.98 -0.712616 255 191 0
15.1752 6.43631 3.52615 255 191 0
10.4707 -22.4007 -5.83797 255 191 0
9.94328 -12.014 -12.4822 255 191 0
9.36852 -1.74488 -0.502307 255 191 0
14.9349 -25.1525 -12.9352 255 191 0
3.89011 -11.703 -2.33445 255 191 0
13.1579 6.07897 7.39845 255 191 0
7.94339 2.98745 -6.39548 255 191 0
14.8812 40.8509 -2.78849 255 191 0
14.9605 47.2306 -8.23556 255 191 0
11.3267 27.6055 -4.51918 255 191 0
14.3322 0.72226 8.17935 255 191 0
20.9376 13.5897 6.41223 255 191 0
15.3544 53.39 -10.0563 255 191 0
17.4147 27.1149 1.94235 255 191 0
15.8257 -19.1363 -13.8852 255 191 0
11.5611 -4.98557 3.72246 255 191 0
23.6722 36.7366 -2.8063 255 191 0
21.3701 6.45268 5.94384 255 191 0
11.8937 -14.2346 -8.64654 255 191 0
7.00833 5.5798 2.41188 255 191 0
8.16292 -8.85913 -2.71214 255 191 0
4.56854 -16.4251 -9.2984 255 191 0
20.2154 51.794 -8.97954 255 191 0
12.0913 -11.221 -11.3137 255 191 0
15.8054 30.1279 -2.79711 255 191 0
24.3621 32.9275 -2.28209 255 191 0
16.0026 -27.197 -12.7578 255 191 0
14.2915 54.8331 -7.52322 255 191 0
9.01825 7.71914 4.49256 255 191 0
18.0086 20.5877 0.5696 255 191 0
10.7699 19.1204 3.72744 255 191 0
5.29867 -23.9747 -8.14926 255 191 0
10.8294 6.48788 6.46398 255 191 0
14.1885 25.8937 2.05446 255 191 0
7.84106 -1.63771 4.82107 255 191 0
19.966 17.5498 4.96156 255 191 0
14.8607 30.8149 -3.27243 255 191 0
8.25165 3.3546 -4.72245 255 191 0
5.12764 9.581 -1.35619 255 191 0
11.9435 47.1034 -8.54908 255 191 0
13.6753 -19.9237 -8.75278 255 191 0
18.0881 27.3906 -1.78093 255 191 0
19.8042 43.2299 -3.57677 255 191 0
6.12077 -12.3403 3.23771 255 191 0
16.1482 16.2353 1.51703 255 191 0
23.0563 22.577 -1.5713 255 191 0
15.9875 23.8914 2.69591 255 191 0
10.0551 20.6734 -4.44519 255 191 0
5.14509 -8.38455 1.20031 255 191 0
9.71323 -4.84519 -9.00951 255 191 0
16.4589 15.5426 5.70553 255 191 0
29.297 15.4576 -11.3936 0 166 255
30.7527 18.3002 -8.59527 0 166 255
30.1807 3.02763 -5.09303 0 166 255
28.117 -49.1744 15.346 0 166 255
21.6644 -51.3514 3.11507 0 166 255
30.9448 17.1697 -1.49579 0 166 255
17.7847 -38.5574 -4.01428 0 166 255
27.388 4.11797 -10.3508 0 166 255
26.0943 -9.79946 3.07745 0 166 255
24.6116 24.1738 4.20677 0 166 255
25.8265 17.1231 -7.65298 0 166 255
23.9968 -11.0519 10.106 0 166 255
20.0079 3.04828 -9.89822 0 166 255
14.7928 -26.2245 22.1226 0 166 255
26.6726 27.2648 2.15219 0 166 255
30.9615 8.06605 1.36679 0 166 255
22.3514 -65.0792 21.6145 0 166 255
10.876 -57.4933 29.2352 0 166 255
30.073 -11.4456 0.865183 0 166 255
29.6391 -22.996 4.50766 0 166 255
28.8703 34.8519 -3.43781 0 166 255
16.0563 -55.394 29.7172 0 166 255
27.3857 -55.235 13.3683 0 166 255
24.8791 2.03065 4.78891 0 166 255
29.4694 -13.9512 11.2886 0 166 255
27.5693 5.77909 -10.7541 0 166 255
25.0302 -57.5371 26.3404 0 166 255
17.672 -42.2518 1.59716 0 166 255
31.1368 32.1029 -11.3223 0 166 255
31.0992 5.04187 1.01191 0 166 255
26.0721 19.9236 -7.47521 0 166 255
29.0232 10.0711 5.51708 0 166 255
30.5037 17.7358 -0.133343 0 166 255
25.1189 16.8398 -13.051 0 166 255
19.3007 -58.6221 30.5035 0 166 255
21.1585 -22.0916 -7.21449 0 166 255
18.5726 -18.7983 20.7107 0 166 255
31.0128 3.67122 -2.23446 0 166 255
13.4192 -33.1576 -1.70557 0 166 255
13.4247 -35.4295 -1.27812 0 166 255
28.173 -22.1632 15.4615 0 166 255
29.2515 -35.4452 12.6751 0 166 255
21.3748 -23.9658 16.2333 0 166 255
26.7306 -59.7182 22.5912 0 166 255
26.635 -46.2159 6.17773 0 166 255
27.517 -45.8913 19.9956 0 166 255
28.7949 -30.5478 15.5484 0 166 255
12.9066 -18.529 -4.82919 0 166 255
21.3735 -35.9204 24.5939 0 166 255
26.2612 4.87314 -1.79701 0 166 255
23.4482 -0.0310287 -10.4995 0 166 255
26.2599 -31.2304 20.003 0 166 255
24.5517 -20.0635 18.8909 0 166 255
29.3179 -9.44786 10.6406 0 166 255
26.6061 -19.3917 -3.20116 0 166 255
27.7718 -42.1621 7.55479 0 166 255
26.7565 -52.9775 9.59362 0 166 255
21.8796 -50.9964 19.6485 0 166 255
22.9452 -40.1256 -0.869114 0 166 255
25.8431 -23.8727 -2.77306 0 166 255
24.0549 -54.8961 6.78047 0 166 255
21.2687 -32.9368 -4.04576 0 166 255
13.7598 -28.9188 22.4009 0 166 255
19.2005 -19.487 15.9562 0 166 255
30.8047 0.730927 3.71992 0 166 255
12.4597 -51.1586 23.1139 0 166 255
28.3308 -45.5354 12.3032 0 166 255
27.0956 -13.2589 -4.52872 0 166 255
21.0626 -37.4406 19.0793 0 166 255
22.5926 -53.8861 7.12536 0 166 255
14.3518 -11.2188 -6.75391 0 166 255
22.0563 -11.3693 -10.0608 0 166 255
22.612 -51.0628 10.3206 0 166 255
15.2272 -42.5217 20.9273 0 166 255
28.721 -41.1146 15.3308 0 166 255
12.4346 -42.4589 25.3581 0 166 255
22.4587 -63.8558 20.4514 0 166 255
25.8093 27.4072 -7.70792 0 166 255
31.2237 12.485 -1.6845 0 166 255
23.1822 -51.6461 12.9902 0 166 255
14.8903 -23.0889 -7.83363 0 166 255
14.7247 -59.349 30.3189 0 166 255
30.2862 -14.6689 3.19713 0 166 255
26.3048 4.48183 -0.282361 0 166 255
20.0214 -29.458 -0.163355 0 166 255
17.6934 -4.27748 -8.54958 0 166 255
25.5753 18.3927 6.19943 0 166 255
14.2495 -28.1467 20.4163 0 166 255
21.475 -1.96573 15.0732 0 166 255
20.4632 -45.3827 20.7579 0 166 255
30.5513 36.0946 -7.82513 0 166 255
19.6289 -33.2947 19.3089 0 166 255
30.8366 26.5731 -11.3491 0 166 255
28.6136 -21.2709 0.920427 0 166 255
21.7227 -6.45827 -10.565 0 166 255
26.6302 -14.8968 -4.63374 0 166 255
28.3461 -41.3785 17.363 0 166 255
23.7182 -35.5311 23.2988 0 166 255
22.1103 -10.9544 -3.98153 0 166 255
26.2794 12.1363 -3.83157 0 166 255
25.7817 26.112 -10.6562 0 166 255
25.1359 24.3949 -4.48181 0 166 255
18.6102 -24.1265 17.1719 0 166 255
19.277 -61.6747 28.7149 0 166 255
16.627 -23.6555 17.2131 0 166 255
25.366 34.0733 -2.40309 0 166 255
18.2627 -32.5779 24.1703 0 166 255
14.2891 -27.3966 -6.99823 0 166 255
24.9543 -65.9471 20.809 0 166 255
24.9517 16.6118 -0.448624 0 166 255
31.1262 27.5702 -10.3082 0 166 255
24.5001 15.6432 -10.1622 0 166 255
26.841 -25.4976 18.0844 0 166 255
19.6982 -12.0236 -5.4231 0 166 255
29.6837 0.0322266 -5.0591 0 166 255
15.458 -4.11782 -9.03848 0 166 255
23.8347 -25.3375 2.84888 0 166 255
18.234 -13.5281 -10.1312 0 166 255
23.7091 -43.234 10.429 0 166 255
27.858 -22.7906 -0.0387783 0 166 255
26.9567 1.70968 10.6699 0 166 255
27.5525 -32.7386 3.1685 0 166 255
24.8513 38.3004 -7.41168 0 166 255
17.4055 -37.3905 0.261113 0 166 255
27.1789 -23.2583 17.1629 0 166 255
25.9881 20.97 -4.71808 0 166 255
12.203 -34.4638 -1.43927 0 166 255
17.7938 -43.1446 26.6561 0 166 255
26.8584 -44.4971 6.05903 0 166 255
22.65 -31.702 -3.49487 0 166 255
19.3887 -31.5823 -0.0242133 0 166 255
22.8775 -10.1378 11.0264 0 166 255
28.3329 4.77061 8.17718 0 166 255
22.0203 -66.8498 24.5665 0 166 255
27.9111 15.0083 -13.4008 0 166 255
20.3955 -56.8282 29.7634 0 166 255
23.4096 -31.61 22.6226 0 166 255
26.4872 5.2671 -11.7479 0 166 255
25.1495 4.42015 -11.3334 0 166 255
22.9781 -1.78342 -10.4206 0 166 255
23.7231 -14.1601 11.4161 0 166 255
23.6222 -29.4851 14.6965 0 166 255
25.3698 1.83505 -3.20011 0 166 255
23.5872 -14.0714 17.8557 0 166 255
11.7632 -59.5534 26.8545 0 166 255
16.9759 -8.2707 -7.44616 0 166 255
19.705 -41.2003 26.1454 0 166 255
25.5843 -59.0524 11.84 0 166 255
24.7884 -42.1483 23.8056 0 166 255
23.4939 -2.63506 8.00004 0 166 255
24.2319 -45.2967 24.93 0 166 255
24.1392 -12.7077 -8.20192 0 166 255
21.6647 8.73717 9.33779 0 166 255
24.9477 -27.3776 20.4292 0 166 255
25.3624 -22.664 -3.73058 0 166 255
30.0359 22.4811 -0.576995 0 166 255
20.3118 -34.7692 19.1953 0 166 255
25.8554 -13.9097 7.00714 0 166 255
24.4447 0.921444 5.88333 0 166 255
19.7883 -22.7908 -2.1679 0 166 255
17.4071 -32.5439 19.1953 0 166 255
23.9198 3.49435 5.7053 0 166 255
24.6504 -20.1261 -5.29141 0 166 255
12.1139 -43.8012 23.0087 0 166 255
20.754 -51.711 5.067 0 166 255
28.2211 -46.0028 16.8949 0 166 255
26.6885 38.1215 -8.05485 0 166 255
23.8505 11.9414 -9.81233 0 166 255
24.5075 -62.5381 27.4619 0 166 255
29.5823 -21.0985 3.42622 0 166 255
14.951 -32.685 -1.54426 0 166 255
22.3579 -20.0883 14.24 0 166 255
25.7941 1.40374 -1.75281 0 166 255
23.0228 -41.0428 7.02295 0 166 255
11.9338 -52.4727 25.1716 0 166 255
26.9363 -32.6403 1.66812 0 166 255
24.1005 -49.4478 2.90176 0 166 255
29.4988 -26.1551 5.76177 0 166 255
27.8957 -14.3034 14.147 0 166 255
25.7252 32.8565 -8.93201 0 166 255
14.8513 -14.7932 -8.98784 0 166 255
29.3652 36.5752 -9.00289 0 166 255
18.7602 -11.6127 13.7289 0 166 255
26.5424 -50.4203 7.71863 0 166 255
15.4229 -25.6553 -3.00532 0 166 255
25.4772 -61.0892 15.2647 0 166 255
22.8963 -3.09846 -5.36768 0 166 255
22.6582 -47.8054 17.8287 0 166 255
25.4888 -16.7334 3.53646 0 166 255
24.5447 -25.8449 4.58208 0 166 255
21.7407 -53.7739 9.0068 0 166 255
28.7079 -21.1837 14.3547 0 166 255
16.0473 -42.7928 26.41 0 166 255
26.0103 -11.7793 5.47804 0 166 255
11.999 -39.3651 -2.48176 0 166 255
26.9635 -47.3788 21.4539 0 166 255
20.4851 -12.2205 13.477 0 166 255
31.0333 0.465143 1.9087 0 166 255
22.494 -34.3558 4.02593 0 166 255
27.8258 -52.4947 16.6579 0 166 255
13.8818 -39.6253 25.017 0 166 255
23.8852 -40.2234 9.35466 0 166 255
24.2881 -57.8273 11.2731 0 166 255
20.8654 3.36004 9.95979 0 166 255
23.9495 -56.0349 8.42384 0 166 255
26.6712 31.5448 -12.5198 0 166 255
16.8386 -61.3144 26.2993 0 166 255
24.6426 12.7728 -8.92696 0 166 255
27.736 -39.1574 6.13392 0 166 255
31.1558 32.0821 -9.72126 0 166 255
12.8918 -44.1189 26.047 0 166 255
23.2056 -29.8395 22.3262 0 166 255
29.4596 10.4075 -9.21622 0 166 255
28.0017 -47.6894 11.8958 0 166 255
28.6167 -43.4419 14.3323 0 166 255
21.4024 -28.678 17.3186 0 166 255
27.0664 29.0197 1.11602 0 166 255
30.457 -5.86841 6.62035 0 166 255
22.3444 -62.3007 27.4101 0 166 255
15.4907 -32.8054 -5.76905 0 166 255
24.9952 25.6271 1.82684 0 166 255
16.2007 -58.4394 30.5734 0 166 255
27.674 -28.1051 1.51013 0 166 255
29.9146 26.2902 -14.0172 0 166 255
27.6646 38.7258 -3.48925 0 166 255
20.6338 -53.2275 28.7845 0 166 255
28.3054 8.07311 7.14414 0 166 255
14.6579 -20.22 19.5577 0 166 255
25.1271 -50.1192 24.8623 0 166 255
14.202 -31.7641 21.5793 0 166 255
16.621 -32.0909 -1.24113 0 166 255
24.7481 -20.9531 11.4284 0 166 255
21.7582 5.86009 -11.8104 0 166 255
29.538 11.853 -9.62239 0 166 255
29.1464 -29.9267 6.46127 0 166 255
24.6477 4.31422 4.38305 0 166 255
29.0419 -24.3576 14.1599 0 166 255
20.8291 -15.7395 14.359 0 166 255
24.2945 18.8944 -13.0268 0 166 255
19.8303 -49.9462 5.03197 0 166 255
23.4766 -52.7477 3.50784 0 166 255
28.0444 -36.4553 5.86717 0 166 255
23.5812 12.0783 9.55253 0 166 255
29.423 -32.5235 12.7777 0 166 255
25.8261 -32.5174 -0.0854139 0 166 255
16.3088 -16.2532 -9.3583 0 166 255
30.5968 30.4268 -5.3812 0 166 255
27.493 -30.9274 2.21553 0 166 255
22.2044 -24.9267 21.5717 0 166 255
26.075 -14.0267 16.0759 0 166 255
14.1743 -29.926 20.9143 0 166 255
13.6403 -36.2353 23.5707 0 166 255
10.5489 -53.8479 27.8922 0 166 255
30.0914 17.7695 -10.5944 0 166 255
17.2153 -33.0752 -5.45089 0 166 255
17.8668 -27.2597 -6.80535 0 166 255
24.5711 -4.26689 -2.84032 0 166 255
22.432 16.267 8.13427 0 166 255
31.2416 17.7968 -5.74394 0 166 255
26.3339 2.62185 -10.9461 0 166 255
28.0034 -26.4564 16.61 0 166 255
29.6265 16.4102 2.43861 0 166 255
21.3806 -8.49058 17.1755 0 166 255
22.2779 10.342 -10.8522 0 166 255
22.9926 -21.0291 20.1462 0 166 255
13.3595 -46.1362 26.7552 0 166 255
21.0492 -15.8327 -3.48452 0 166 255
24.2739 -35.4845 8.01773 0 166 255
25.9511 -7.74355 1.74701 0 166 255
11.0519 -59.8419 29.6068 0 166 255
23.4418 -33.8799 23.1089 0 166 255
19.1723 -30.6406 18.7407 0 166 255
22.7088 -39.7222 6.0656 0 166 255
30.5013 13.9412 -8.30493 0 166 255
21.7403 -4.63355 -6.03735 0 166 255
18.1569 -21.9665 -8.17932 0 166 255
12.1402 -55.9896 25.1672 0 166 255
20.0696 -35.259 24.7437 0 166 255
16.7911 -39.4254 0.502559 0 166 255
26.9944 -33.625 19.4578 0 166 255
24.1706 -60.0177 14.9143 0 166 255
11.6511 -61.7418 26.6918 0 166 255
29.5597 22.9162 -13.6679 0 166 255
27.9425 -49.1458 12.625 0 166 255
22.7146 6.43369 11.8402 0 166 255
14.5037 -31.2351 -6.21786 0 166 255
18.0378 -46.4172 22.1391 0 166 255
21.8818 -48.1604 19.2956 0 166 255
27.1377 -60.6038 15.5437 0 166 255
24.8349 6.10785 -11.5979 0 166 255
13.7786 -31.8039 23.254 0 166 255
30.3846 19.3018 -10.3685 0 166 255
21.1225 2.47915 8.32448 0 166 255
25.2813 -22.0516 5.23824 0 166 255
27.8013 26.6783 1.23712 0 166 255
18.0143 -31.2018 -5.75787 0 166 255
21.0947 -48.5871 6.32682 0 166 255
18.7899 -1.34438 15.003 0 166 255
29.0039 -25.7126 3.6622 0 166 255
22.6524 -57.8617 18.3756 0 166 255
25.7397 -44.7316 3.79281 0 166 255
25.1419 -22.713 19.103 0 166 255
24.3807 19.3434 -1.01718 0 166 255
17.3264 -6.31238 -10.1289 0 166 255
26.1083 7.86222 -0.729526 0 166 255
28.3983 38.1826 -8.15034 0 166 255
26.9836 -22.4739 -1.63238 0 166 255
30.6913 19.401 -1.30084 0 166 255
25.6329 12.9331 -6.9376 0 166 255
20.9684 -28.3342 -5.49117 0 166 255
22.8606 -56.1378 16.5569 0 166 255
26.5488 9.49873 8.5044 0 166 255
15.8849 -16.2545 19.7684 0 166 255
30.5108 5.36537 -5.16461 0 166 255
28.7274 -14.3451 -1.4597 0 166 255
25.9843 8.1011 -4.08817 0 166 255
26.9981 37.9459 -6.09927 0 166 255
19.1125 -48.51 2.0524 0 166 255
26.2025 -1.28769 0.304042 0 166 255
18.0796 -5.30802 15.5498 0 166 255
23.4477 -67.2902 24.018 0 166 255
25.3324 31.1535 -0.813304 0 166 255
22.8291 11.0067 -12.4073 0 166 255
28.0477 -31.3378 3.61003 0 166 255
30.7695 14.8136 -0.0704198 0 166 255
27.0899 -58.4846 20.899 0 166 255
27.1442 -61.5491 16.9931 0 166 255
18.0273 -41.0243 26.1526 0 166 255
27.2776 -48.987 9.38403 0 166 255
29.9168 33.9574 -4.98011 0 166 255
27.8145 -44.9428 9.23048 0 166 255
20.8856 -31.3935 18.2294 0 166 255
22.4889 -33.5205 -3.09341 0 166 255
22.3591 -32.685 3.26841 0 166 255
16.8737 -51.5676 23.6461 0 166 255
20.0072 -24.8485 17.0441 0 166 255
13.2674 -26.9429 21.5016 0 166 255
18.1736 -12.1993 18.8213 0 166 255
21.8843 13.435 9.16034 0 166 255
30.9681 31.2495 -7.38855 0 166 255
14.697 -57.0937 30.0073 0 166 255
22.2341 -47.2686 7.88444 0 166 255
30.3418 -2.68455 6.44705 0 166 255
29.078 -36.1888 14.2527 0 166 255
23.8833 18.2294 0.155062 0 166 255
25.9826 -10.7143 15.2695 0 166 255
30.0977 24.2755 -1.4327 0 166 255
30.0534 -15.0684 9.78168 0 166 255
20.0817 -62.4026 24.2319 0 166 255
22.7187 -43.9185 -0.0256133 0 166 255
26.0752 14.7941 -2.18254 0 166 255
26.0102 6.98195 0.836594 0 166 255
30.0201 -23.1969 7.22622 0 166 255
30.0067 13.1303 2.79384 0 166 255
25.5581 -2.62365 13.2154 0 166 255
25.0118 1.64742 -11.6242 0 166 255
17.1086 -33.8181 24.3577 0 166 255
25.9102 13.0284 -0.95685 0 166 255
22.3272 -4.4027 15.5507 0 166 255
26.2237 -43.1707 4.15124 0 166 255
22.9511 -13.9952 -8.72774 0 166 255
26.6136 -65.2636 22.7536 0 166 255
10.0023 -38.4593 -3.00837 0 166 255
19.7414 2.12571 13.4168 0 166 255
25.9314 15.3147 -6.87337 0 166 255
23.0111 17.2646 6.34109 0 166 255
22.4385 -49.2989 27.0694 0 166 255
27.6861 -54.2242 16.076 0 166 255
26.069 -21.2379 -3.2975 0 166 255
28.0596 18.9185 3.74813 0 166 255
20.4335 -43.7826 20.4739 0 166 255
30.031 -20.438 4.96482 0 166 255
13.0826 -48.5368 22.0022 0 166 255
22.3317 -49.6407 18.573 0 166 255
27.3518 -58.2866 18.6441 0 166 255
30.9097 10.9761 -5.70846 0 166 255
29.1367 6.22101 6.58189 0 166 255
26.2498 17.2659 -4.59832 0 166 255
23.833 -3.24403 -4.18488 0 166 255
19.3383 -36.7372 25.1462 0 166 255
27.771 -38.6518 18.9039 0 166 255
16.951 -25.242 17.5628 0 166 255
31.0455 0.931284 -0.441946 0 166 255
24.8429 -59.5535 13.4449 0 166 255
22.2115 10.1208 4.9118 0 166 255
22.6162 13.8625 7.26727 0 166 255
20.0952 3.82799 12.8802 0 166 255
24.042 -1.5212 -4.52926 0 166 255
19.365 -17.6387 -9.16934 0 166 255
21.0237 -21.5557 21.1366 0 166 255
23.1843 -50.6816 26.884 0 166 255
15.5334 -9.60792 -7.13028 0 166 255
14.8734 -43.8515 26.4939 0 166 255
21.4355 -5.27365 10.774 0 166 255
20.4804 -11.3882 -10.4222 0 166 255
29.5372 37.1705 -5.60611 0 166 255
28.8045 -11.0993 -2.40514 0 166 255
22.8805 -55.1778 13.5856 0 166 255
28.9233 -16.793 13.0507 0 166 255
24.516 -27.2651 12.4638 0 166 255
26.8348 -62.2295 21.892 0 166 255
25.7643 -18.1777 5.06972 0 166 255
27.4806 -50.0619 10.8129 0 166 255
24.8646 -16.1223 1.65069 0 166 255
30.1273 -6.97793 -1.14811 0 166 255
22.4764 -40.239 17.5739 0 166 255
28.6289 31.1033 -1.54436 0 166 255
30.4573 -16.4505 7.02321 0 166 255
25.7461 -55.5357 7.80126 0 166 255
26.7804 -28.305 18.7598 0 166 255
24.6774 -27.1082 5.6598 0 166 255
17.7586 -29.3721 23.3479 0 166 255
28.6574 -34.0673 16.3184 0 166 255
20.5231 5.29146 12.8111 0 166 255
28.0576 -48.486 17.2601 0 166 255
26.0331 10.8444 -5.01924 0 166 255
24.3662 22.473 0.427942 0 166 255
22.3163 -55.929 11.0095 0 166 255
25.9809 3.51635 -2.68065 0 166 255
24.8095 -7.057 -1.6906 0 166 255
13.2997 -23.3762 -6.52093 0 166 255
24.356 -32.8137 13.2367 0 166 255
30.9419 35.3541 -9.59426 0 166 255
25.8746 -5.02675 4.74776 0 166 255
15.5484 -40.8258 20.5326 0 166 255
25.2624 -25.387 19.6598 0 166 255
19.5518 -19.9269 -3.11156 0 166 255
17.8266 -42.8157 -2.99566 0 166 255
27.595 -48.37 19.7469 0 166 255
26.6058 -4.31034 12.8685 0 166 255
20.8112 -40.2681 25.7358 0 166 255
25.8892 -16.0767 4.97613 0 166 255
24.407 -15.3065 10.8129 0 166 255
24.2419 3.52067 -6.06951 0 166 255
27.4827 -56.5916 18.215 0 166 255
21.5701 -7.03195 -5.57638 0 166 255
24.1136 -23.4896 2.80705 0 166 255
14.3975 -54.6078 24.2739 0 166 255
25.6192 -53.4201 6.65799 0 166 255
29.0329 19.1373 2.37474 0 166 255
23.443 -47.4279 14.5155 0 166 255
21.8542 -3.79573 9.98997 0 166 255
21.306 7.35802 10.3047 0 166 255
21.2139 -17.4236 -8.58755 0 166 255
29.3699 -27.637 13.4555 0 166 255
25.5856 39.1981 -5.93686 0 166 255
19.1998 -16.1309 -4.52964 0 166 255
25.598 2.10743 3.36742 0 166 255
17.9139 -27.997 -1.72405 0 166 255
27.6166 -44.4298 19.6354 0 166 255
31.276 21.9498 -5.83007 0 166 255
18.5695 -39.96 20.6788 0 166 255
24.4305 23.2663 -2.03403 0 166 255
19.7513 -23.2152 16.7378 0 166 255
27.817 -33.4886 18.1852 0 166 255
14.3249 -37.2747 -0.712248 0 166 255
25.9729 14.4083 7.30344 0 166 255
30.517 -12.0594 7.21007 0 166 255
16.7421 -33.7533 -0.773771 0 166 255
28.7041 -28.8936 15.6511 0 166 255
25.3951 29.7557 -6.95769 0 166 255
25.4447 32.9228 -1.26566 0 166 255
22.6567 -42.0785 17.4043 0 166 255
19.1207 -59.5556 24.5108 0 166 255
23.5473 -11.2323 -9.1841 0 166 255
28.2507 -44.6372 11.1014 0 166 255
26.4432 17.6687 -13.3167 0 166 255
16.6757 -24.1168 -7.77398 0 166 255
26.8415 -11.9048 -5.25939 0 166 255
25.4187 -13.9265 2.14274 0 166 255
17.9909 -12.3713 15.0035 0 166 255
22.8284 -18.7068 -7.32094 0 166 255
24.3341 -30.0275 13.1554 0 166 255
22.8114 -49.4302 10.2658 0 166 255
23.3885 -26.9071 -4.34603 0 166 255
20.0797 -48.1925 4.91525 0 166 255
24.1146 -6.66109 15.4002 0 166 255
10.9986 -29.7583 -3.92204 0 166 255
20.6359 -6.70338 16.8222 0 166 255
18.5735 -38.107 1.15034 0 166 255
27.9611 6.63822 8.03005 0 166 255
25.2466 21.8943 -13.4357 0 166 255
23.5265 7.33156 -8.51604 0 166 255
16.6036 -30.6862 18.6302 0 166 255
20.4286 1.78097 -11.1962 0 166 255
24.5752 11.2636 -8.52975 0 166 255
25.7874 -11.6978 2.47086 0 166 255
20.4569 -20.6798 -7.93147 0 166 255
19.1596 -1.04051 -10.7633 0 166 255
29.2055 27.6987 -1.09267 0 166 255
22.9503 -28.6144 2.67628 0 166 255
12.7691 -30.3477 22.1534 0 166 255
27.8423 -18.2743 -1.68417 0 166 255
22.7951 -47.4995 9.26857 0 166 255
27.4303 36.8471 -9.75735 0 166 255
22.6605 2.86783 7.14484 0 166 255
28.5295 -13.4673 13.0035 0 166 255
25.8069 24.3978 -6.24582 0 166 255
14.4439 -49.8516 27.9678 0 166 255
20.7843 -48.7463 21.0415 0 166 255
16.501 -53.6716 29.2949 0 166 255
26.258 -22.1821 17.9833 0 166 255
20.3422 -36.9878 -3.45375 0 166 255
16.0458 -62.5367 27.0629 0 166 255
27.1088 11.7464 7.22773 0 166 255
29.182 3.41397 7.3936 0 166 255
14.0387 -37.5161 19.7633 0 166 255
30.5193 -10.804 2.52019 0 166 255
25.7175 8.17571 9.59517 0 166 255
15.2549 -60.6353 26.1627 0 166 255
29.3296 8.21591 5.61244 0 166 255
25.8894 -47.3026 23.3618 0 166 255
26.3298 -54.5038 8.93162 0 166 255
28.2196 -23.6803 15.6962 0 166 255
30.8544 8.16279 -5.11135 0 166 255
30.6093 6.73967 3.02453 0 166 255
18.0743 -26.1528 22.577 0 166 255
24.008 -32.5622 6.05261 0 166 255
29.3941 -15.3278 0.438068 0 166 255
11.4504 -42.8182 23.9006 0 166 255
30.5232 -8.81254 1.15128 0 166 255
14.5169 -26.4461 20.1383 0 166 255
25.1325 18.1085 -1.36952 0 166 255
28.5496 -8.06847 11.6859 0 166 255
21.7621 -44.0001 5.85617 0 166 255
23.6642 20.5052 6.21393 0 166 255
28.2927 35.0261 -11.5954 0 166 255
28.4714 -35.5324 16.935 0 166 255
22.3532 -6.1781 16.1036 0 166 255
27.4155 -31.3339 18.4671 0 166 255
14.3806 -54.1728 29.1294 0 166 255
22.368 -56.5316 19.5918 0 166 255
14.434 -21.4434 20.8373 0 166 255
27.3503 18.0396 4.84197 0 166 255
31.0666 6.00864 -1.48319 0 166 255
28.743 -42.0605 13.5668 0 166 255
25.0063 7.31963 2.63668 0 166 255
24.08 -60.6659 28.2629 0 166 255
21.9021 4.38564 12.8456 0 166 255
25.4518 29.0179 -13.7464 0 166 255
22.0701 -14.4398 -2.92915 0 166 255
26.631 -39.8526 21.1175 0 166 255
21.4566 10.0016 10.2381 0 166 255
24.441 -0.0217571 -4.19484 0 166 255
23.1424 -26.2641 14.7785 0 166 255
16.1609 -16.3273 18.2517 0 166 255
25.2815 -26.2507 7.85775 0 166 255
20.5475 -43.9679 4.25566 0 166 255
27.9889 -50.0868 13.9249 0 166 255
22.206 -47.0236 26.7034 0 166 255
18.1545 -44.7959 27.0613 0 166 255
25.4851 31.3174 0.821249 0 166 255
25.4978 -24.4825 8.71627 0 166 255
28.187 -25.1991 1.48577 0 166 255
23.8065 -32.1158 14.6795 0 166 255
11.1606 -27.8323 -2.88081 0 166 255
22.5312 -51.942 18.2053 0 166 255
22.0913 11.5991 10.0775 0 166 255
14.1994 -47.2774 21.893 0 166 255
24.7783 26.7649 -2.83673 0 166 255
24.6083 36.3598 -6.26028 0 166 255
23.0703 -1.00028 7.88585 0 166 255
29.6386 13.4262 -10.0266 0 166 255
25.1758 -30.4523 20.9746 0 166 255
23.856 -42.1792 11.8986 0 166 255
24.8997 -27.9514 6.84466 0 166 255
10.3954 -37.1784 -0.987104 0 166 255
26.91 -48.5153 7.9588 0 166 255
17.6223 -59.5172 30.9137 0 166 255
23.6309 -42.0866 15.2381 0 166 255
19.9075 -30.208 23.6077 0 166 255
29.2199 -31.5461 14.204 0 166 255
24.6067 -25.4083 12.3638 0 166 255
29.8684 5.33152 5.4777 0 166 255
23.0941 -42.1694 -0.188674 0 166 255
26.1227 12.8917 -5.48471 0 166 255
19.5863 -3.28902 11.3288 0 166 255
23.2997 -22.9734 13.8888 0 166 255
27.1922 33.8946 -0.927627 0 166 255
19.8228 -11.1423 18.3702 0 166 255
14.1729 -12.4533 -8.13199 0 166 255
12.534 -27.0719 -5.84975 0 166 255
28.5848 37.9677 -4.36735 0 166 255
27.689 3.79642 9.26765 0 166 255
25.282 -19.5929 10.1646 0 166 255
26.9771 -39.8871 4.53828 0 166 255
28.2019 -47.9325 13.9279 0 166 255
30.7922 4.31177 -3.74105 0 166 255
28.3998 -27.0343 2.66114 0 166 255
26.0337 32.1372 -10.813 0 166 255
29.6708 1.50529 -5.7712 0 166 255
21.6863 -44.9783 -0.533596 0 166 255
27.782 22.6612 -14.0212 0 166 255
25.4047 20.1767 -13.4434 0 166 255
30.0985 -16.7139 3.28185 0 166 255
12.5318 -60.9191 29.5504 0 166 255
14.558 -21.6703 -4.16219 0 166 255
23.8904 17.4278 -11.3907 0 166 255
19.1359 -57.7656 24.157 0 166 255
29.9059 5.74332 -6.80689 0 166 255
13.0721 -33.541 23.4198 0 166 255
26.1739 6.13104 -2.73284 0 166 255
24.0598 22.0821 5.31144 0 166 255
27.0108 -50.8301 9.38052 0 166 255
13.7382 -29.055 -6.57169 0 166 255
29.4875 -11.4575 -0.615553 0 166 255
25.6275 -21.2682 9.33076 0 166 255
27.0977 -38.6193 20.2168 0 166 255
28.582 -43.1756 12.1472 0 166 255
28.9499 -36.2654 9.11067 0 166 255
31.1714 11.5121 -4.01012 0 166 255
28.7355 -41.4571 11.9283 0 166 255
29.9235 38.0013 -8.2486 0 166 255
12.9721 -19.7412 -6.13845 0 166 255
26.8032 -43.7656 21.4115 0 166 255
22.0897 10.2009 7.24782 0 166 255
21.6602 -7.58752 11.326 0 166 255
23.4299 -44.813 10.3217 0 166 255
25.0605 -49.5952 4.20389 0 166 255
21.4871 -47.9114 0.100926 0 166 255
27.9841 -13.7884 -3.07512 0 166 255
25.2862 -26.4847 9.47581 0 166 255
22.742 13.8201 5.10993 0 166 255
29.5383 -31.5393 11.2671 0 166 255
20.1804 -59.9734 30.66 0 166 255
25.4406 -59.6495 26.0288 0 166 255
23.3194 -43.5784 9.01566 0 166 255
23.0452 -54.3489 15.264 0 166 255
30.4048 16.2714 0.726636 0 166 255
22.6266 -55.8507 18.072 0 166 255
18.5903 3.51341 -10.974 0 166 255
26.7849 13.9346 -13.1024 0 166 255
30.3336 -12.7101 2.58048 0 166 255
27.2762 -52.0787 11.0684 0 166 255
12.0086 -37.1408 -4.48603 0 166 255
16.9087 -13.2128 -5.9917 0 166 255
23.8039 -34.6163 -1.67753 0 166 255
19.0096 -24.1487 -2.24508 0 166 255
19.104 -25.8658 -6.87282 0 166 255
11.8212 -51.0162 27.6487 0 166 255
31.2278 15.67 -5.47793 0 166 255
30.6522 24.6109 -11.5274 0 166 255
25.5856 19.903 -9.56936 0 166 255
26.7409 -16.8764 16.1536 0 166 255
22.6472 -28.6138 -4.40477 0 166 255
18.8311 -5.57925 14.2633 0 166 255
27.0455 -6.58551 -7.10552 0 166 255
11.9234 -26.2804 -2.91574 0 166 255
21.6805 -39.5011 -2.00595 0 166 255
22.3955 -45.2547 18.1657 0 166 255
25.8369 -14.3179 -5.74849 0 166 255
24.3465 14.1617 -9.89523 0 166 255
29.452 -22.9496 12.6684 0 166 255
25.9195 23.1669 -9.55367 0 166 255
24.8779 -23.7062 4.6072 0 166 255
15.938 -41.3372 -1.19211 0 166 255
26.0959 30.4873 -13.4613 0 166 255
20.8408 -19.3336 15.2888 0 166 255
25.08 -12.3071 8.90078 0 166 255
26.5697 -57.1041 10.8203 0 166 255
23.0738 -23.651 -5.56684 0 166 255
24.7423 15.8674 7.61515 0 166 255
24.1372 -7.13825 8.73427 0 166 255
26.7237 -45.6449 21.805 0 166 255
24.1693 -18.0215 -6.47137 0 166 255
25.5549 37.3406 -3.76801 0 166 255
24.2277 9.07748 -8.16611 0 166 255
19.7349 -49.0943 22.1782 0 166 255
28.9727 -33.0627 15.1929 0 166 255
25.1654 -52.5382 5.36898 0 166 255
16.8323 -42.523 -1.58214 0 166 255
27.4506 -2.88603 -7.86331 0 166 255
21.1141 -21.3735 -1.60359 0 166 255
23.3287 18.8118 5.69232 0 166 255
24.5134 -51.7956 25.8917 0 166 255
19.1248 -21.3871 21.3853 0 166 255
28.6949 -16.1813 -0.82382 0 166 255
14.1254 -56.3571 24.8035 0 166 255
16.7222 -37.5184 25.2103 0 166 255
18.0473 -2.28999 -10.4146 0 166 255
21.8597 8.97606 6.33906 0 166 255
24.707 -1.37275 -11.3052 0 166 255
19.4978 -0.994955 13.3675 0 166 255
29.8857 -24.9729 9.96969 0 166 255
16.4404 -22.1043 17.7296 0 166 255
28.2932 -31.9217 16.9854 0 166 255
30.8755 -4.60533 3.45454 0 166 255
20.3371 -21.6429 16.0445 0 166 255
29.6916 -19.5879 3.07913 0 166 255
23.278 -52.2177 27.1552 0 166 255
30.6892 21.016 -10.1906 0 166 255
21.063 -61.8187 28.9155 0 166 255
18.3707 -54.2033 24.0787 0 166 255
25.2687 -18.3141 3.49682 0 166 255
23.2958 9.66041 10.5091 0 166 255
24.8474 -13.9304 -7.0574 0 166 255
23.7111 -16.6629 12.1686 0 166 255
26.9825 27.325 -13.4187 0 166 255
25.9753 16.5452 6.5569 0 166 255
26.5155 -61.5618 23.4196 0 166 255
30.5391 29.0593 -4.56011 0 166 255
24.5003 -22.4516 12.3251 0 166 255
25.0106 -16.7078 10.1126 0 166 255
20.4889 1.69881 10.6454 0 166 255
27.0287 0.905609 -9.70201 0 166 255
19.0185 -39.777 -3.30643 0 166 255
20.9772 -3.30212 15.6579 0 166 255
21.4746 -13.0262 -9.83097 0 166 255
29.299 -32.9568 9.2451 0 166 255
22.9044 -50.342 1.93178 0 166 255
29.2595 -34.3906 10.0734 0 166 255
22.4535 -25.1076 0.983493 0 166 255
23.0463 -4.29903 9.10638 0 166 255
15.2992 -7.38832 -9.4137 0 166 255
17.4239 -61.6164 27.8569 0 166 255
26.1003 21.6012 -7.52361 0 166 255
24.2847 -20.6754 2.14498 0 166 255
19.066 -37.4603 20.1335 0 166 255
26.2974 1.9576 0.275922 0 166 255
19.3819 -30.4594 -5.5687 0 166 255
25.4372 -40.3695 22.7649 0 166 255
17.0132 -20.7707 16.7278 0 166 255
28.0662 12.4455 5.96099 0 166 255
24.9718 17.5601 -10.0344 0 166 255
26.8339 19.3981 -13.5501 0 166 255
21.8305 -43.3963 26.1131 0 166 255
22.0433 -51.1505 8.85655 0 166 255
28.6728 12.0822 -11.0834 0 166 255
25.5872 -16.0476 8.63291 0 166 255
22.2776 -23.3878 15.0981 0 166 255
20.7164 -30.0282 -5.13622 0 166 255
25.2355 3.21458 -4.33866 0 166 255
17.5056 -35.7432 19.8849 0 166 255
31.1295 10.6152 -0.49059 0 166 255
26.5999 -2.22792 -9.17889 0 166 255
21.6365 -36.0802 18.3622 0 166 255
14.8865 -30.5665 19.3422 0 166 255
14.8759 -40.3489 -3.23707 0 166 255
28.9358 25.5814 0.105893 0 166 255
30.3381 23.0339 -11.9395 0 166 255
22.729 -10.0274 17.1146 0 166 255
20.8353 -61.3503 30.5494 0 166 255
15.4464 -29.8635 -6.44415 0 166 255
17.6786 -49.9239 23.1856 0 166 255
19.448 -54.5322 29.3752 0 166 255
28.7037 -7.10261 -4.3798 0 166 255
13.3281 -24.1962 -3.48767 0 166 255
20.1602 -50.3232 3.13872 0 166 255
22.3704 -53.415 10.3391 0 166 255
22.6166 -57.3054 12.2106 0 166 255
28.455 -23.5715 1.4447 0 166 255
25.8016 -9.45536 1.58218 0 166 255
22.7208 -36.6127 16.6981 0 166 255
24.1852 -55.8151 27.0749 0 166 255
25.7756 11.968 -12.6625 0 166 255
18.124 -10.6067 15.1594 0 166 255
22.2112 -4.12534 -10.313 0 166 255
19.2345 -36.1979 1.15707 0 166 255
18.0391 -51.0247 28.618 0 166 255
21.871 -46.3478 19.1731 0 166 255
24.3086 -58.856 27.5718 0 166 255
24.1947 9.25168 -12.2183 0 166 255
19.1965 -5.39533 12.55 0 166 255
29.743 -24.3179 6.0774 0 166 255
25.8309 -11.9662 -6.57377 0 166 255
29.3014 21.1634 -13.4293 0 166 255
31.141 14.0835 -1.39713 0 166 255
20.493 -31.5944 23.8621 0 166 255
23.6707 -8.06668 -10.1181 0 166 255
21.9898 -65.9117 22.9233 0 166 255
21.9429 -60.0973 29.9479 0 166 255
25.7907 -49.2942 5.42532 0 166 255
24.5878 -32.6055 21.9699 0 166 255
15.5915 -14.7472 18.6473 0 166 255
29.6712 -27.825 11.7723 0 166 255
22.5084 -1.07432 14.4062 0 166 255
24.7128 -19.1352 2.40765 0 166 255
19.5106 -49.3577 28.0924 0 166 255
24.4976 -18.5239 11.4077 0 166 255
27.6147 -29.8898 17.9291 0 166 255
15.1047 -51.5608 28.5443 0 166 255
23.7151 -53.8131 5.06783 0 166 255
23.799 -40.3983 14.2461 0 166 255
12.5172 -47.0926 22.8728 0 166 255
12.5311 -59.5747 30.1275 0 166 255
29.8322 -1.32157 -4.02666 0 166 255
25.8788 -3.12305 4.20771 0 166 255
24.5957 32.5097 -4.9122 0 166 255
15.6739 -9.44895 -9.6337 0 166 255
26.652 -63.6139 22.8043 0 166 255
11.5907 -41.2908 23.9896 0 166 255
24.752 -14.6559 0.833533 0 166 255
29.0556 2.48212 -7.36424 0 166 255
29.2399 -29.2651 14.0664 0 166 255
31.2834 19.6572 -5.5168 0 166 255
20.1544 -19.9957 20.8933 0 166 255
24.6458 25.0682 -3.24936 0 166 255
17.171 -17.0478 20.173 0 166 255
25.7991 -5.51311 0.533228 0 166 255
16.4705 -40.9182 -3.80171 0 166 255
14.49 -18.5283 -8.36176 0 166 255
25.4834 -0.542675 -1.90094 0 166 255
23.3245 -7.98577 9.9924 0 166 255
29.6921 -24.8098 11.6657 0 166 255
15.0386 -34.437 19.0787 0 166 255
13.4262 -61.3269 26.1332 0 166 255
23.9074 -21.6735 -5.54769 0 166 255
14.4939 -32.8377 19.8363 0 166 255
17.0092 -19.0831 -9.04405 0 166 255
26.8135 -57.1635 22.2819 0 166 255
24.6157 -23.9237 19.8418 0 166 255
21.5728 -13.5048 13.2651 0 166 255
22.9409 15.6312 6.41515 0 166 255
27.6046 -53.4348 18.6831 0 166 255
25.3117 -12.5887 1.37206 0 166 255
25.1129 32.7834 -3.22343 0 166 255
22.6186 4.69748 6.53245 0 166 255
24.3698 33.6572 -6.42202 0 166 255
25.1613 32.2327 -7.32794 0 166 255
22.7554 -20.3057 -0.346357 0 166 255
18.0916 -17.648 -4.45187 0 166 255
27.0646 -38.1315 4.06829 0 166 255
31.0764 24.7385 -5.04941 0 166 255
19.9666 -2.2548 15.5399 0 166 255
24.0927 -61.0154 16.2486 0 166 255
23.9865 12.7141 2.26703 0 166 255
23.4994 17.0146 1.18913 0 166 255
18.8595 -33.8191 -4.8854 0 166 255
22.3848 12.0951 7.45194 0 166 255
18.915 -25.908 17.6212 0 166 255
29.3574 32.2034 -12.0338 0 166 255
24.1549 -1.32643 13.7066 0 166 255
21.2909 11.4794 -12.0546 0 166 255
28.7314 -31.2855 5.57255 0 166 255
15.9131 -32.937 18.9539 0 166 255
13.0758 -44.0292 21.4924 0 166 255
29.6704 -4.90788 -3.20482 0 166 255
24.4062 -31.1981 6.60577 0 166 255
16.9907 -8.60394 -9.98082 0 166 255
26.6167 16.0463 -13.1763 0 166 255
22.4295 -30.6288 2.60434 0 166 255
23.9641 7.79288 4.17006 0 166 255
25.4923 -7.45881 14.7306 0 166 255
29.7067 -29.3987 10.5301 0 166 255
26.5738 -31.2974 0.578861 0 166 255
26.2303 23.2686 -13.5407 0 166 255
17.7513 -35.4164 0.0594535 0 166 255
24.8188 -31.6848 9.88299 0 166 255
25.076 26.6751 -0.46486 0 166 255
29.1576 -37.0235 12.5772 0 166 255
30.3638 -17.3706 5.46712 0 166 255
27.9062 -9.54336 12.9169 0 166 255
14.7285 -20.3567 -8.22009 0 166 255
15.1115 -21.7877 19.4341 0 166 255
12.7293 -38.7875 22.57 0 166 255
25.4964 -62.9038 26.4197 0 166 255
23.7191 -4.47207 14.9345 0 166 255
23.5403 -45.843 14.2752 0 166 255
23.9066 -34.153 6.34865 0 166 255
16.4092 -16.851 -5.09184 0 166 255
28.2057 -6.54571 11.7508 0 166 255
29.0213 -0.642324 -6.2873 0 166 255
24.6426 13.757 8.40868 0 166 255
24.6817 -2.67847 -3.01651 0 166 255
25.0563 -66.9063 23.9121 0 166 255
19.485 -28.942 -5.92673 0 166 255
23.2129 8.51792 -9.36478 0 166 255
29.2615 -17.931 1.17539 0 166 255
13.7494 -42.9957 20.7191 0 166 255
11.5962 -28.4119 -4.89948 0 166 255
19.602 -17.5624 20.2822 0 166 255
28.6671 -19.6285 0.446691 0 166 255
19.9976 -0.857502 11.7353 0 166 255
16.9349 -44.7593 21.729 0 166 255
26.644 -66.2097 20.3019 0 166 255
27.1992 -59.6506 19.5924 0 166 255
15.9747 -28.1843 -6.7925 0 166 255
22.6988 -40.3284 25.0034 0 166 255
31.0146 19.914 -2.76552 0 166 255
28.1331 -1.14027 -7.59657 0 166 255
18.4913 -60.8783 25.556 0 166 255
25.284 7.32863 -5.67954 0 166 255
22.8314 -60.0305 16.3636 0 166 255
18.4346 -14.3387 14.6109 0 166 255
12.3127 -37.363 22.9075 0 166 255
22.2913 11.6732 5.30091 0 166 255
13.5886 -45.8699 21.3633 0 166 255
19.8621 -13.3905 -10.1771 0 166 255
30.1747 32.0358 -4.78664 0 166 255
24.9129 26.223 -4.73444 0 166 255
13.6121 -36.8407 -5.13212 0 166 255
25.8982 33.7897 -10.1078 0 166 255
25.6366 22.6776 4.66756 0 166 255
27.4388 35.3868 -1.82393 0 166 255
11.0132 -51.5177 26.429 0 166 255
16.4208 -28.8386 -1.99658 0 166 255
18.5912 -7.84938 -7.1993 0 166 255
25.2348 -64.3949 25.3815 0 166 255
25.3142 6.60659 10.3929 0 166 255
16.7888 -60.9295 30.9145 0 166 255
25.7822 25.705 -7.07005 0 166 255
26.059 30.6768 -9.95241 0 166 255
15.5443 -27.4258 -2.57159 0 166 255
15.907 -30.4231 -1.77665 0 166 255
24.5268 10.2824 2.42911 0 166 255
28.6799 -33.3649 6.35378 0 166 255
24.709 26.1047 -13.5533 0 166 255
23.6941 -44.1207 11.8259 0 166 255
23.6689 -12.6478 17.3995 0 166 255
23.0445 -21.6198 0.444418 0 166 255
30.6493 -11.1333 5.08928 0 166 255
30.296 0.987047 5.5721 0 166 255
26.168 34.4303 -11.667 0 166 255
25.1235 -5.0763 -1.6488 0 166 255
22.2833 -27.5851 16.0596 0 166 255
30.3634 -15.3868 8.37285 0 166 255
27.1609 -35.2543 3.13635 0 166 255
26.447 7.01559 -12.1488 0 166 255
28.5861 13.8118 4.87821 0 166 255
11.9568 -32.6355 -1.73967 0 166 255
18.2189 -56.0888 24.5713 0 166 255
21.9714 -0.770735 -7.04533 0 166 255
26.5082 6.59531 9.50788 0 166 255
25.2138 -61.4309 26.7349 0 166 255
22.0697 -23.1803 21.1775 0 166 255
20.6796 -59.5222 22.8906 0 166 255
30.7638 -5.67493 0.640337 0 166 255
30.2569 -19.8303 6.50622 0 166 255
19.5476 0.523104 14.6741 0 166 255
20.4125 -62.7469 27.3612 0 166 255
24.0486 21.0944 3.88108 0 166 255
25.0603 10.47 -7.36774 0 166 255
27.986 -47.1602 18.1826 0 166 255
22.8538 -45.7028 8.56507 0 166 255
24.6408 -13.7536 9.95663 0 166 255
13.5931 -39.1109 -0.494816 0 166 255
25.7812 8.6191 0.599723 0 166 255
13.8387 -35.5653 20.4633 0 166 255
28.0696 -11.732 -3.52161 0 166 255
27.3301 -1.85636 11.4227 0 166 255
22.1434 -27.0454 -5.20946 0 166 255
23.7677 20.6195 -12.8294 0 166 255
27.5009 -56.2183 15.3956 0 166 255
29.9909 -23.6186 9.18692 0 166 255
26.1473 -8.35862 4.17667 0 166 255
17.6549 -14.5959 -5.47422 0 166 255
28.8441 36.4086 -10.5047 0 166 255
13.173 -36.7907 21.3202 0 166 255
16.8033 -56.983 30.2033 0 166 255
19.5747 -64.404 25.1254 0 166 255
30.834 -5.92351 4.21824 0 166 255
21.9843 -45.7642 6.82498 0 166 255
23.5896 5.17663 -11.6201 0 166 255
20.4835 4.71475 -10.1647 0 166 255
16.8721 -26.6889 17.8775 0 166 255
30.7247 24.368 -3.29331 0 166 255
22.4729 -15.3508 18.7934 0 166 255
13.1926 -34.6016 -5.5237 0 166 255
27.6777 -47.4546 10.1272 0 166 255
16.1004 -14.5809 -5.69829 0 166 255
21.8642 -62.2618 21.842 0 166 255
24.7029 7.72521 -11.9535 0 166 255
28.5292 29.5261 -0.758636 0 166 255
18.5895 -8.11069 -10.3795 0 166 255
27.6675 -5.10126 12.0149 0 166 255
26.9536 37.6905 -2.29771 0 166 255
31.2902 14.7619 -3.98238 0 166 255
21.1836 -19.0555 -8.09595 0 166 255
23.4951 -56.7816 10.0224 0 166 255
21.2673 -18.9303 20.3158 0 166 255
31.1545 22.7936 -4.58015 0 166 255
26.2923 -12.4817 15.4651 0 166 255
16.2742 -61.1372 29.3168 0 166 255
12.7335 -31.3298 -1.98341 0 166 255
23.5795 -22.665 20.2463 0 166 255
13.2573 -41.1633 21.2252 0 166 255
30.4731 8.31056 3.0061 0 166 255
30.1866 -10.8335 8.3795 0 166 255
27.3776 0.122297 10.7527 0 166 255
22.8617 14.9411 3.8632 0 166 255
20.9985 5.44504 10.8013 0 166 255
23.3888 -43.5754 15.5936 0 166 255
28.8881 -40.3906 13.6974 0 166 255
30.7814 5.16504 2.62314 0 166 255
23.7199 -12.7674 -1.5991 0 166 255
30.9589 -2.44187 1.11509 0 166 255
20.5265 -27.4803 -0.351246 0 166 255
19.9994 -0.048996 -8.86489 0 166 255
28.376 -29.6382 3.62388 0 166 255
22.6813 16.4926 -12.4799 0 166 255
26.3712 19.6583 5.14838 0 166 255
27.5247 -55.113 18.6293 0 166 255
22.0023 -36.559 3.99728 0 166 255
25.0036 21.0466 -10.9353 0 166 255
25.8116 -20.2395 17.9274 0 166 255
24.3022 -21.4167 19.4356 0 166 255
10.1137 -33.0673 -1.77622 0 166 255
26.9973 -16.574 -3.59239 0 166 255
23.2753 -6.35115 -10.7889 0 166 255
22.1902 -37.2917 -2.26451 0 166 255
25.8409 24.6342 -9.9587 0 166 255
29.6981 -26.434 7.20688 0 166 255
19.5838 0.327974 -11.0078 0 166 255
22.6812 -5.45506 -4.89664 0 166 255
30.2678 27.9089 -3.28028 0 166 255
22.6154 -48.0833 1.03302 0 166 255
14.4421 -39.4322 19.9935 0 166 255
26.0017 -14.159 5.05154 0 166 255
18.6238 -13.2882 -5.55962 0 166 255
23.5031 -20.7043 13.2598 0 166 255
26.3839 -34.6115 1.42978 0 166 255
26.2061 -59.9847 24.3666 0 166 255
18.0709 -8.71287 15.6387 0 166 255
18.4001 -29.7924 -1.03371 0 166 255
30.6156 -7.29516 0.789425 0 166 255
19.111 -44.5786 21.3685 0 166 255
23.2376 -27.8058 21.786 0 166 255
22.2227 8.85071 11.2015 0 166 255
18.3219 -38.4201 25.5433 0 166 255
29.105 -23.7664 3.08936 0 166 255
18.7843 -44.6568 2.83715 0 166 255
21.0031 -55.6343 21.8007 0 166 255
17.2164 -47.5873 27.7151 0 166 255
26.0261 23.4671 -7.84282 0 166 255
19.7729 -53.0696 23.0479 0 166 255
25.1761 0.0774975 4.87445 0 166 255
30.3729 11.5457 -7.81941 0 166 255
23.4755 17.7474 4.09047 0 166 255
23.8054 -41.7769 13.5379 0 166 255
27.0515 31.0835 0.330337 0 166 255
26.7664 24.6123 3.06123 0 166 255
24.4359 -9.75295 9.15971 0 166 255
20.1836 -0.134136 10.354 0 166 255
29.1127 4.29196 -7.88686 0 166 255
28.0063 -16.0821 14.3888 0 166 255
26.0229 -12.7768 4.34894 0 166 255
22.533 -34.945 17.0169 0 166 255
26.9918 -48.9097 21.498 0 166 255
23.2255 -51.5469 14.8723 0 166 255
29.4317 -31.1798 8.97077 0 166 255
30.8925 -3.88596 2.09928 0 166 255
23.0018 4.01814 -7.77353 0 166 255
29.1772 8.21672 -9.10721 0 166 255
29.936 -25.1316 8.21344 0 166 255
24.985 -29.3404 9.90157 0 166 255
30.7587 2.32345 -2.88657 0 166 255
14.2333 -16.8575 -8.36931 0 166 255
16.5904 -13.1891 19.0104 0 166 255
30.6185 -9.50619 6.23582 0 166 255
15.7321 -18.0457 20.2349 0 166 255
20.4235 -50.4813 21.8667 0 166 255
27.0404 -19.1407 16.3605 0 166 255
20.6985 -41.62 19.9229 0 166 255
29.8011 3.815 -6.32689 0 166 255
18.974 -49.096 3.56253 0 166 255
23.5429 15.5679 -11.2793 0 166 255
15.4506 -30.7465 23.369 0 166 255
25.655 -18.5332 17.6146 0 166 255
19.0944 -51.0825 23.071 0 166 255
28.6967 17.1082 3.59515 0 166 255
21.0829 0.674562 8.97433 0 166 255
24.7066 -32.7004 11.5352 0 166 255
29.808 -13.0282 10.2085 0 166 255
31.2702 16.8096 -4.27245 0 166 255
28.5529 -35.6673 7.03585 0 166 255
29.1368 18.5849 -12.6864 0 166 255
27.4821 -7.8214 12.9685 0 166 255
27.9345 36.579 -2.88686 0 166 255
12.6101 -20.7577 -4.297 0 166 255
21.8148 -30.7166 -4.34213 0 166 255
11.6415 -54.3223 26.521 0 166 255
19.8036 -17.727 -3.75297 0 166 255
26.801 -60.2481 13.3731 0 166 255
22.3884 12.4372 -11.3857 0 166 255
22.5386 5.24575 -8.71529 0 166 255
24.8531 -41.5079 1.48984 0 166 255
24.551 -9.5209 -1.32248 0 166 255
13.6836 -15.5962 -7.46523 0 166 255
20.0418 -45.245 -1.49247 0 166 255
15.9723 -48.6121 27.8833 0 166 255
21.6457 3.89484 -9.05556 0 166 255
26.2819 9.8509 -2.60701 0 166 255
29.8393 20.035 0.704635 0 166 255
26.0009 -65.8055 24.335 0 166 255
29.5231 -9.38689 -1.70451 0 166 255
28.2835 -47.0241 15.6525 0 166 255
18.944 -3.74454 14.2833 0 166 255
27.4646 -12.5621 14.2824 0 166 255
28.4229 -37.2714 7.39964 0 166 255
30.3571 2.50544 4.93175 0 166 255
26.9728 22.0502 3.80683 0 166 255
31.0654 7.21894 -2.73115 0 166 255
15.8945 -17.9488 18.5819 0 166 255
24.5349 -24.0962 -4.18484 0 166 255
24.6383 -11.5558 16.5021 0 166 255
25.2184 -55.5208 25.646 0 166 255
13.3022 -21.4115 -6.69306 0 166 255
25.6905 -44.5233 23.1731 0 166 255
26.286 -52.708 8.02274 0 166 255
25.4607 -3.33264 -10.0717 0 166 255
23.2136 -38.3461 16.0244 0 166 255
19.8171 -9.46042 17.8413 0 166 255
28.9471 -38.0134 14.6431 0 166 255
29.4931 -6.81837 -2.90008 0 166 255
22.8467 -9.01559 -3.79654 0 166 255
27.2627 -54.2568 20.5734 0 166 255
26.8082 -8.11829 -6.81753 0 166 255
23.4797 -41.9307 8.65555 0 166 255
23.2492 6.77943 -11.9676 0 166 255
22.8629 -31.6083 16.1628 0 166 255
22.9755 -7.35996 -4.07254 0 166 255
21.7117 13.0838 -12.6851 0 166 255
28.5684 -38.9004 8.94817 0 166 255
22.9838 -36.5529 5.32621 0 166 255
31.1052 33.7225 -9.7527 0 166 255
23.1679 -47.9124 16.4189 0 166 255
25.4523 14.2227 -7.99447 0 166 255
30.7012 -6.88724 5.4562 0 166 255
26.0336 29.1993 -10.5874 0 166 255
27.198 9.30531 -12.3432 0 166 255
30.8824 -6.46789 2.62225 0 166 255
28.3151 -46.5666 13.3867 0 166 255
17.9953 -4.29351 -10.2852 0 166 255
27.6605 8.09509 -11.3931 0 166 255
17.9543 -45.7837 2.21632 0 166 255
13.6158 -55.4576 29.3498 0 166 255
24.0166 5.52014 4.90576 0 166 255
17.9632 -29.0041 18.4443 0 166 255
22.7686 -29.5843 15.9432 0 166 255
30.9908 -1.10891 2.7886 0 166 255
14.9733 -44.6176 21.4428 0 166 255
27.0027 -60.2069 21.1427 0 166 255
11.0767 -39.0629 -0.912447 0 166 255
19.3408 -6.56383 -7.27269 0 166 255
29.9186 6.73917 4.93106 0 166 255
15.2851 -52.204 23.4763 0 166 255
30.7231 0.580959 -2.13767 0 166 255
30.743 32.7454 -7.09294 0 166 255
27.6031 10.1707 7.2706 0 166 255
23.1089 -52.7748 15.8967 0 166 255
24.779 31.1685 -6.28472 0 166 255
28.8058 -36.5727 15.7653 0 166 255
29.3043 -4.15218 9.32983 0 166 255
31.2045 21.0986 -4.2778 0 166 255
23.7071 12.6072 -12.531 0 166 255
17.7795 -54.7101 29.5951 0 166 255
13.9893 -42.4868 25.9788 0 166 255
16.5697 -14.2093 -9.67259 0 166 255
19.6096 -2.35451 12.6226 0 166 255
22.7822 -45.566 26.0787 0 166 255
21.1073 4.50102 8.86535 0 166 255
20.5871 -15.0376 -9.54908 0 166 255
18.5688 -48.0785 22.4338 0 166 255
19.2746 -64.0999 26.5802 0 166 255
18.7271 -35.2767 -4.55399 0 166 255
26.2508 -63.116 24.5341 0 166 255
28.028 -43.2804 18.3586 0 166 255
31.2591 22.3979 -7.24011 0 166 255
20.0555 0.833479 12.3695 0 166 255
30.649 -3.92362 5.33681 0 166 255
17.2895 -10.9738 16.781 0 166 255
22.3676 -16.0777 -8.42664 0 166 255
20.1543 -39.1476 19.9103 0 166 255
27.0808 -43.0234 6.01893 0 166 255
24.672 23.8033 1.19685 0 166 255
24.5472 -33.4771 8.09724 0 166 255
31.2175 28.1335 -8.87383 0 166 255
26.1119 -9.95039 4.86272 0 166 255
30.1904 25.6945 -2.20694 0 166 255
30.9893 30.192 -12.0022 0 166 255
21.5903 4.1214 7.51293 0 166 255
27.8329 -10.9801 13.4183 0 166 255
16.661 -6.63014 -8.00526 0 166 255
23.4157 -57.1936 28.152 0 166 255
25.9361 -26.997 19.4366 0 166 255
26.2813 11.4711 -2.22726 0 166 255
25.416 -64.9662 19.3747 0 166 255
15.4026 -22.5462 21.3474 0 166 255
25.9302 -15.4315 6.82964 0 166 255
18.249 -41.1471 -3.25187 0 166 255
14.4015 -50.7736 22.9264 0 166 255
20.22 -38.5692 2.51109 0 166 255
25.0832 14.1948 -12.749 0 166 255
16.1709 -24.1009 21.8669 0 166 255
28.6174 -19.4583 14.133 0 166 255
22.5062 -37.0686 24.391 0 166 255
18.0687 -40.6202 1.45703 0 166 255
25.6471 18.0714 -8.82853 0 166 255
25.7453 5.61004 1.93626 0 166 255
16.045 -50.3447 28.3553 0 166 255
27.4033 -58.1795 16.7194 0 166 255
30.5988 22.8425 -2.22179 0 166 255
23.4682 -47.938 13.1328 0 166 255
20.3169 -45.6797 27.0949 0 166 255
18.2555 -52.8076 29.0728 0 166 255
14.5645 -30.9808 -1.99555 0 166 255
19.427 -42.6452 26.5089 0 166 255
12.2484 -40.3661 -0.626399 0 166 255
20.9143 -9.50618 -10.6001 0 166 255
22.0082 -48.8183 7.86084 0 166 255
27.1689 -58.8345 14.4625 0 166 255
30.2545 0.596876 -3.74961 0 166 255
15.1452 -39.9157 -0.442725 0 166 255
29.2737 36.0397 -4.62029 0 166 255
21.8238 0.571627 -10.9161 0 166 255
28.848 0.809612 -7.16606 0 166 255
27.2353 -0.351425 -9.05042 0 166 255
18.032 -32.5171 -0.522095 0 166 255
21.2272 -25.3648 -0.308998 0 166 255
20.6274 -4.87415 16.2553 0 166 255
29.8191 -26.8355 10.5571 0 166 255
23.9322 -40.1221 24.1512 0 166 255
30.3441 9.07464 -7.01457 0 166 255
24.8799 27.6662 -13.678 0 166 255
17.3516 -43.7664 1.62104 0 166 255
23.2923 -33.1571 4.74802 0 166 255
24.0285 -40.4085 12.1317 0 166 255
20.5569 -24.1051 -1.28761 0 166 255
26.9191 -58.6075 12.7212 0 166 255
11.95 -45.6348 23.6686 0 166 255
27.9636 -50.7035 16.5942 0 166 255
30.1463 -8.5262 -0.448767 0 166 255
30.0838 -21.8955 9.54297 0 166 255
23.4104 -18.4196 12.9073 0 166 255
25.0217 23.5998 -11.7807 0 166 255
24.7127 -33.7077 10.0572 0 166 255
22.8598 1.40253 -6.90917 0 166 255
25.5077 -14.2187 8.41163 0 166 255
17.0909 -14.8757 19.5561 0 166 255
20.6471 -51.4084 28.3349 0 166 255
17.8246 -10.7465 -10.2945 0 166 255
30.6091 29.3477 -13.3312 0 166 255
15.7009 -17.9556 -8.92453 0 166 255
23.7933 -63.9935 19.2909 0 166 255
30.5212 -14.8962 5.43531 0 166 255
24.8703 -30.101 7.87821 0 166 255
28.3602 -4.06976 -6.14707 0 166 255
26.387 -24.9852 -1.68848 0 166 255
16.6031 -22.4153 -8.22838 0 166 255
23.3684 9.46251 4.17073 0 166 255
15.5028 -26.4203 18.7781 0 166 255
19.375 -3.71895 16.0902 0 166 255
25.3308 26.4379 -12.2697 0 166 255
26.2795 -23.6532 18.3103 0 166 255
17.281 -24.9224 -2.80822 0 166 255
28.969 -34.7556 8.2627 0 166 255
25.7343 -12.3456 7.24929 0 166 255
24.4632 7.29876 -7.16601 0 166 255
30.4641 -0.858345 5.55396 0 166 255
14.7029 -48.8229 22.4837 0 166 255
26.7578 -55.4518 22.4519 0 166 255
20.19 -27.1308 -6.16841 0 166 255
22.9241 -46.5036 17.1299 0 166 255
31.2752 12.7867 -3.33173 0 166 255
21.8712 -18.4264 14.2562 0 166 255
21.1362 -33.6521 18.4505 0 166 255
26.9275 -41.3856 5.02433 0 166 255
13.6765 -25.6754 -3.14871 0 166 255
30.4433 25.8817 -12.6351 0 166 255
24.0877 -37.0143 23.3562 0 166 255
12.908 -35.4416 21.842 0 166 255
20.2862 -54.615 22.7214 0 166 255
22.9517 -17.3399 19.1082 0 166 255
18.5676 -16.4139 15.1724 0 166 255
18.2097 -35.6395 24.8874 0 166 255
23.9968 -29.3612 4.79324 0 166 255
25.0978 -25.2545 -3.2185 0 166 255
25.279 28.0205 2.75651 0 166 255
22.2833 -53.2711 19.1315 0 166 255
20.9646 -64.3057 24.015 0 166 255
12.4262 -23.7945 -5.03125 0 166 255
20.3758 -2.55948 -10.4951 0 166 255
25.7081 -15.1289 3.71535 0 166 255
27.261 -59.9329 17.217 0 166 255
24.0168 5.13785 -6.93042 0 166 255
25.0716 -3.08404 6.30857 0 166 255
29.0507 -8.1746 -3.26664 0 166 255
28.4534 -44.8848 15.0878 0 166 255
24.0136 -5.14996 8.24241 0 166 255
27.0439 13.4437 6.7339 0 166 255
29.1926 22.8494 0.776671 0 166 255
23.1889 -63.6842 26.1306 0 166 255
14.2579 -48.1098 27.4681 0 166 255
22.5152 -59.8373 19.2037 0 166 255
27.6836 -53.48 14.3414 0 166 255
10.8768 -56.1831 28.2201 0 166 255
28.2193 27.8807 0.263337 0 166 255
25.6543 -38.447 22.1424 0 166 255
30.271 -7.00372 7.65336 0 166 255
16.9001 -14.528 17.3998 0 166 255
24.6025 29.1261 -4.92788 0 166 255
24.0271 -8.62225 -2.4354 0 166 255
12.3467 -58.0597 25.1166 0 166 255
25.7468 4.79384 -3.53573 0 166 255
16.0035 -40.312 25.7965 0 166 255
19.8443 -38.4335 -3.30684 0 166 255
26.0851 -46.0701 4.86208 0 166 255
11.9184 -48.1296 26.7718 0 166 255
10.6922 -33.7244 -3.80684 0 166 255
24.8777 5.33278 11.1124 0 166 255
13.667 -32.7024 -5.94477 0 166 255
19.7121 -14.6383 -4.71484 0 166 255
20.7399 6.69559 -10.7402 0 166 255
26.5427 -10.3679 -6.29439 0 166 255
24.5895 -35.8231 -0.506026 0 166 255
10.9331 -46.5443 25.066 0 166 255
25.8046 -19.4763 6.48941 0 166 255
19.5592 -42.9955 -2.26898 0 166 255
16.9603 -55.2042 24.6022 0 166 255
26.9799 -41.9395 20.8558 0 166 255
15.0956 -33.5246 23.9703 0 166 255
27.7597 11.7957 -12.4251 0 166 255
11.6245 -38.7399 -3.91292 0 166 255
16.0241 -36.7581 -0.427098 0 166 255
21.8228 7.30976 6.17096 0 166 255
19.6845 -22.7065 21.7104 0 166 255
20.311 -4.55444 -7.27691 0 166 255
26.0019 -49.1564 23.4567 0 166 255
22.7932 -18.6461 -0.6952 0 166 255
18.577 -41.552 20.931 0 166 255
19.0327 -16.1134 19.919 0 166 255
26.3633 -0.66407 11.9631 0 166 255
29.3451 -27.9216 6.03801 0 166 255
30.9255 -2.72834 3.3428 0 166 255
29.9776 -22.0406 5.81254 0 166 255
31.0631 21.4947 -8.75197 0 166 255
12.3152 -54.1923 24.5188 0 166 255
31.2569 11.1542 -2.30544 0 166 255
23.346 11.1154 3.54378 0 166 255
27.9141 -51.3528 14.8522 0 166 255
14.1669 -20.0016 -4.54869 0 166 255
30.8573 34.6678 -11.5677 0 166 255
28.3486 22.0137 2.30647 0 166 255
27.2953 -57.1587 14.048 0 166 255
19.7686 -4.12279 -10.3202 0 166 255
30.1007 -5.41419 -1.92428 0 166 255
30.3754 14.4888 1.42278 0 166 255
18.6168 -7.77543 14.3019 0 166 255
26.0313 19.0842 -3.79214 0 166 255
26.8565 25.1398 -13.6106 0 166 255
23.3021 -40.4241 16.0737 0 166 255
29.4265 11.7438 4.33185 0 166 255
28.6234 -9.81945 -3.33143 0 166 255
24.0916 -18.5323 18.7935 0 166 255
30.978 15.319 -7.0051 0 166 255
12.2543 -49.7904 23.855 0 166 255
30.8889 12.9582 -6.57448 0 166 255
23.9416 -9.54664 16.3548 0 166 255
28.9577 -12.0357 11.9444 0 166 255
21.2348 -41.7919 4.49514 0 166 255
25.3273 0.297226 12.4643 0 166 255
29.3093 -7.73475 10.269 0 166 255
28.5383 6.72071 -9.67991 0 166 255
25.6511 -9.62076 7.00701 0 166 255
31.1946 15.5886 -2.4057 0 166 255
22.3681 -58.5047 19.9354 0 166 255
28.9029 2.10735 8.22452 0 166 255
30.2763 36.0396 -11.1746 0 166 255
20.6056 -61.0147 23.4479 0 166 255
21.1691 -50.3879 1.97289 0 166 255
23.2245 0.0393867 -6.02037 0 166 255
23.7261 -5.38622 -3.61315 0 166 255
22.0439 14.7359 -12.5678 0 166 255
30.9844 27.5636 -5.72653 0 166 255
30.9858 16.956 -7.35687 0 166 255
20.9404 -48.2949 27.5254 0 166 255
23.1909 -48.3426 11.3636 0 166 255
25.3606 26.8625 -6.02995 0 166 255
29.0075 20.6876 1.84962 0 166 255
28.305 4.26808 -9.20234 0 166 255
16.429 -48.0576 22.5077 0 166 255
23.1994 16.1259 4.89768 0 166 255
24.5278 23.705 -0.539894 0 166 255
26.0993 -58.3938 24.456 0 166 255
26.0541 -6.66427 4.47492 0 166 255
27.706 -51.295 12.7688 0 166 255
22.906 -56.1253 15.0682 0 166 255
18.7614 -47.159 1.02812 0 166 255
13.8853 -53.1905 23.4052 0 166 255
31.1757 28.0593 -7.33066 0 166 255
12.5293 -22.2863 -5.02772 0 166 255
19.6151 -9.3572 -6.25552 0 166 255
18.8945 -5.119 -7.88268 0 166 255
29.4336 -21.0227 12.6461 0 166 255
17.3658 -20.4956 21.106 0 166 255
21.329 -51.9355 20.9278 0 166 255
25.633 -68.0144 22.4991 0 166 255
28.5181 33.582 -2.39083 0 166 255
13.0384 -15.7196 -5.78723 0 166 255
24.2421 -15.6053 17.8771 0 166 255
25.8013 3.31969 2.48401 0 166 255
25.251 -35.5665 22.017 0 166 255
29.8211 -20.5855 11.2048 0 166 255
8.62388 -39.434 -1.39138 0 166 255
13.2629 -29.9144 -2.31764 0 166 255
23.8071 -31.151 -2.7036 0 166 255
12.4909 -40.2555 22.3437 0 166 255
25.1146 -8.74751 15.3843 0 166 255
21.7103 1.79685 13.7746 0 166 255
27.9638 31.8745 -13.336 0 166 255
29.9515 14.9007 -9.98508 0 166 255
30.4141 27.5548 -13.3474 0 166 255
11.8949 -24.9117 -4.15887 0 166 255
23.5448 -47.1227 25.8685 0 166 255
17.0873 -3.04129 -9.10543 0 166 255
25.1442 37.4937 -8.8812 0 166 255
26.9502 -63.3476 20.7592 0 166 255
21.521 -39.4345 18.9075 0 166 255
30.9332 -0.920839 -0.347089 0 166 255
23.4289 -24.6861 14.0904 0 166 255
19.0024 -35.5604 19.8413 0 166 255
23.5573 -45.3667 12.6217 0 166 255
17.4332 -57.6548 25.1038 0 166 255
21.679 -38.5449 25.0846 0 166 255
11.1105 -48.3567 25.3388 0 166 255
23.8128 19.267 3.5444 0 166 255
31.0909 1.85905 0.740718 0 166 255
20.9593 -53.4118 21.7176 0 166 255
25.9302 30.4721 -11.5246 0 166 255
23.653 -27.9804 14.4078 0 166 255
25.8621 -37.1005 21.6017 0 166 255
28.9436 -39.6144 12.2383 0 166 255
28.2322 -6.23051 -5.51271 0 166 255
23.9338 -10.9908 -1.85319 0 166 255
15.233 -38.3918 -0.289217 0 166 255
27.6316 33.5298 -10.9572 0 166 255
16.6578 -26.0891 -7.26542 0 166 255
28.7535 -25.7476 15.0616 0 166 255
29.0374 -12.9649 -1.17252 0 166 255
21.6859 -11.5278 12.6328 0 166 255
24.837 9.55032 9.72403 0 166 255
25.1504 -36.9986 0.497877 0 166 255
25.7826 21.6289 -9.49031 0 166 255
30.2298 -16.7968 9.13102 0 166 255
26.797 -63.1913 16.9343 0 166 255
25.7019 -28.2477 -1.56221 0 166 255
18.6145 -48.1913 27.8814 0 166 255
21.7239 1.14056 -8.00655 0 166 255
22.2297 -11.9405 17.9292 0 166 255
17.8721 -22.5181 21.6586 0 166 255
25.67 -19.0639 -4.49022 0 166 255
25.6482 28.7691 -12.1837 0 166 255
18.5983 -36.9066 -4.18648 0 166 255
12.7449 -40.5633 24.9571 0 166 255
21.0868 -46.8118 5.80659 0 166 255
26.0716 27.8802 -9.46696 0 166 255
22.7079 -20.9251 -6.68475 0 166 255
27.2624 -55.959 20.3346 0 166 255
20.8576 -8.37856 -5.7518 0 166 255
18.3474 1.49594 -11.0839 0 166 255
14.9844 -7.81028 -7.75612 0 166 255
25.2942 -5.98835 14.4408 0 166 255
21.291 0.422726 14.3562 0 166 255
30.5128 15.9275 -8.82797 0 166 255
28.491 37.5832 -6.72172 0 166 255
27.7742 36.2758 -8.3678 0 166 255
19.7126 -46.6108 21.585 0 166 255
25.0679 -28.5478 8.36259 0 166 255
26.2505 18.794 -5.54124 0 166 255
28.492 19.3571 -13.8861 0 166 255
27.3067 29.412 -13.7648 0 166 255
22.7205 -13.2739 12.1407 0 166 255
13.821 -27.3114 -2.81841 0 166 255
27.8792 -20.5625 -0.776515 0 166 255
25.7216 -18.2387 8.04958 0 166 255
30.7625 34.3908 -7.89075 0 166 255
28.775 -27.2688 15.2361 0 166 255
22.9222 -33.3563 16.2897 0 166 255
27.8529 23.4005 2.40768 0 166 255
22.0549 -32.5693 23.5967 0 166 255
28.23 -42.5416 9.63968 0 166 255
22.8133 -9.48436 -10.2167 0 166 255
26.1527 9.45927 -1.09015 0 166 255
22.7265 -25.5265 -5.2722 0 166 255
21.9011 -32.2061 17.561 0 166 255
25.3131 -10.6265 0.751786 0 166 255
29.5613 -30.1661 12.2673 0 166 255
18.2548 -46.4671 27.4654 0 166 255
26.9739 -64.5759 19.6611 0 166 255
24.8575 5.77 3.53729 0 166 255
27.9531 2.21498 9.43538 0 166 255
20.1469 -33.4588 1.02977 0 166 255
25.3505 -7.91331 -8.59949 0 166 255
26.1678 -5.82772 2.51959 0 166 255
22.6136 -54.0945 17.6443 0 166 255
24.4858 -29.4413 -2.5575 0 166 255
27.469 -50.0424 20.1339 0 166 255
12.8456 -28.3407 21.3231 0 166 255
16.0561 -11.1416 -6.67892 0 166 255
28.7855 15.5322 4.03277 0 166 255
11.6824 -56.3025 26.5892 0 166 255
27.9585 -8.66837 -4.94799 0 166 255
30.5696 -12.6855 5.27427 0 166 255
17.1931 -43.5052 -0.364448 0 166 255
27.0684 8.14194 8.49089 0 166 255
13.8662 -22.8202 20.2447 0 166 255
28.0011 33.4097 -12.5328 0 166 255
30.3626 -18.114 6.95186 0 166 255
23.9536 -34.3463 14.4619 0 166 255
23.0398 7.19981 5.31815 0 166 255
23.3475 -49.4518 15.2447 0 166 255
20.6758 9.75774 -12.0777 0 166 255
25.2397 28.1323 0.793296 0 166 255
24.6785 -5.83149 -9.97305 0 166 255
17.28 0.488222 -10.4519 0 166 255
13.2269 -17.7095 -6.68203 0 166 255
24.9486 35.649 -4.97971 0 166 255
16.807 -1.17657 -9.76894 0 166 255
12.3436 -42.1891 22.3703 0 166 255
9.34703 -36.2872 -1.67355 0 166 255
22.7818 -50.8091 17.3023 0 166 255
23.9413 -26.919 3.61861 0 166 255
30.2704 -9.10951 7.93318 0 166 255
13.3629 -14.2686 -6.27582 0 166 255
21.5816 -49.4988 20.0502 0 166 255
24.6013 -12.0145 -0.319026 0 166 255
18.7319 -28.2798 23.1543 0 166 255
13.3896 -34.1197 21.0245 0 166 255
29.4431 30.9134 -12.8336 0 166 255
12.1243 -37.6595 -0.82225 0 166 255
19.5941 -25.3816 -1.57339 0 166 255
24.2749 -43.7037 24.5877 0 166 255
30.21 -18.4822 9.1377 0 166 255
10.2598 -36.882 -3.21556 0 166 255
31.0113 9.55447 0.671288 0 166 255
29.8633 24.476 -13.4609 0 166 255
17.0405 -31.254 23.7195 0 166 255
20.0064 -56.476 23.1645 0 166 255
21.8835 2.56701 -8.32121 0 166 255
29.9893 10.4733 3.68418 0 166 255
18.5974 -0.212755 -9.55022 0 166 255
21.873 -23.862 -0.163216 0 166 255
21.3228 -12.4084 -4.24829 0 166 255
19.5712 -22.2838 -7.75413 0 166 255
31.156 30.5692 -8.74878 0 166 255
23.1376 -38.6356 24.3768 0 166 255
22.6736 -42.2799 25.4366 0 166 255
15.3637 -5.87882 -9.43279 0 166 255
26.9825 -20.6784 -2.23225 0 166 255
31.239 20.6611 -7.00507 0 166 255
26.9658 35.7542 -10.958 0 166 255
28.8258 -10.4422 11.8763 0 166 255
14.6288 -59.1278 25.649 0 166 255
24.9371 -47.3206 3.35434 0 166 255
16.9685 -18.7767 16.9491 0 166 255
21.5927 -64.1516 22.4498 0 166 255
15.7129 -29.0679 18.1514 0 166 255
26.9821 -4.28481 -7.98459 0 166 255
18.9682 -34.4076 0.483336 0 166 255
27.6618 15.3288 5.44953 0 166 255
31.1462 13.0288 -5.13931 0 166 255
17.6316 -62.943 26.9422 0 166 255
29.1797 -18.4066 12.7967 0 166 255
14.1458 -60.8338 29.4651 0 166 255
27.0424 -27.4161 0.122682 0 166 255
30.095 -4.72543 7.67299 0 166 255
26.024 -61.5321 25.0066 0 166 255
15.3845 -24.3454 19.1605 0 166 255
28.6253 10.603 -10.6618 0 166 255
29.0614 -31.877 7.28651 0 166 255
20.6532 -26.7951 17.2971 0 166 255
13.3513 -38.8009 -4.75913 0 166 255
26.2473 -50.9819 23.2386 0 166 255
26.7428 -5.8829 13.2051 0 166 255
20.1871 -13.9648 14.1864 0 166 255
24.1681 14.4945 1.43536 0 166 255
21.272 -50.0374 27.7976 0 166 255
25.452 -23.2899 6.64766 0 166 255
18.8549 -24.5933 22.2223 0 166 255
31.1818 24.7392 -7.90059 0 166 255
22.938 -7.59683 16.292 0 166 255
19.1708 -26.9082 -1.44364 0 166 255
17.197 -16.7984 16.4999 0 166 255
20.7579 -43.6967 -1.47554 0 166 255
25.4452 -6.96038 -0.145836 0 166 255
29.3491 -34.0297 11.7758 0 166 255
24.432 -36.09 12.542 0 166 255
22.8142 1.35795 7.45396 0 166 255
28.8929 -38.4383 10.4946 0 166 255
19.7236 -42.6 3.11825 0 166 255
26.1742 -55.3298 23.9329 0 166 255
13.4666 -25.2326 20.8597 0 166 255
28.1773 -39.9399 17.962 0 166 255
31.1754 29.4526 -10.2303 0 166 255
24.716 -26.7548 -3.15229 0 166 255
27.6542 -24.6867 16.7961 0 166 255
25.33 -1.66999 5.1352 0 166 255
11.6647 -26.507 -4.32983 0 166 255
24.4687 19.0893 -11.1269 0 166 255
24.6196 30.7316 -4.83412 0 166 255
25.7885 -9.42663 -7.58406 0 166 255
25.1797 -34.5455 -0.215235 0 166 255
19.4759 4.88955 -11.5751 0 166 255
23.3811 -2.86908 14.5968 0 166 255
25.2867 29.8332 0.264556 0 166 255
22.682 -1.55471 -6.01515 0 166 255
10.1032 -34.8845 -2.75104 0 166 255
21.3691 5.64902 7.24418 0 166 255
23.833 1.99612 -6.01668 0 166 255
29.5293 -13.7485 0.243965 0 166 255
26.011 -3.17536 0.0370002 0 166 255
16.4136 -12.7089 -9.78455 0 166 255
26.0983 1.68799 1.8138 0 166 255
13.401 -61.6188 28.1793 0 166 255
15.8383 -56.1388 24.8849 0 166 255
12.2403 -33.0165 -5.29673 0 166 255
20.7572 -10.6011 -5.16044 0 166 255
23.6035 -31.0216 4.64109 0 166 255
29.6437 29.3117 -2.4843 0 166 255
22.8121 -57.7934 14.8953 0 166 255
24.7803 28.0463 -3.63155 0 166 255
19.366 -40.9358 2.41671 0 166 255
19.5807 -1.60503 -8.62521 0 166 255
11.6018 -50.1387 25.2719 0 166 255
28.37 -17.6934 14.2017 0 166 255
31.1345 23.7916 -9.08941 0 166 255
29.6435 14.9581 2.92461 0 166 255
25.9398 29.2317 -8.91326 0 166 255
14.77 -15.9845 -5.40278 0 166 255
17.6694 -43.2558 21.3113 0 166 255
24.8133 25.6803 -1.80028 0 166 255
25.8321 -1.36028 3.65229 0 166 255
26.3001 39.3253 -3.45884 0 166 255
17.5211 -17.4648 -9.43171 0 166 255
25.9325 -32.8851 20.7153 0 166 255
29.2058 -15.3335 12.1746 0 166 255
20.5817 3.41177 11.5324 0 166 255
24.0332 20.5247 2.47203 0 166 255
24.1973 -40.2384 0.356256 0 166 255
11.1803 -44.5133 24.8875 0 166 255
21.6086 -56.8836 21.1525 0 166 255
25.3279 29.3814 2.13267 0 166 255
25.915 16.8072 -2.46323 0 166 255
25.884 -7.82179 5.77073 0 166 255
21.5114 -43.2265 19.3856 0 166 255
22.4538 -37.8561 5.02182 0 166 255
29.1927 -36.0658 10.9901 0 166 255
17.8715 -59.3355 25.5125 0 166 255
13.4598 -22.6889 -3.83985 0 166 255
23.0349 16.0016 2.6856 0 166 255
17.1944 -12.8564 17.0078 0 166 255
21.6459 7.47644 8.3532 0 166 255
27.672 -41.7066 19.3666 0 166 255
25.7589 -47.8418 4.83725 0 166 255
26.2441 0.273842 0.845466 0 166 255
17.9189 -22.3115 16.9735 0 166 255
29.227 29.2236 -14.44 0 166 255
16.3577 -26.0886 22.3768 0 166 255
20.5656 -31.6949 0.872227 0 166 255
20.7144 -17.1099 14.8296 0 166 255
31.1108 4.57418 -0.855615 0 166 255
15.2076 -38.0659 -4.66335 0 166 255
16.8626 -27.5253 22.7941 0 166 255
25.1286 37.5909 -5.505 0 166 255
15.8525 -34.5009 -5.33288 0 166 255
21.7995 8.22853 -10.5525 0 166 255
29.7561 -16.4679 11.0012 0 166 255
21.2653 -0.799843 9.37158 0 166 255
24.182 21.2267 -0.927162 0 166 255
30.4731 3.83949 4.03142 0 166 255
20.6133 -45.5972 4.77439 0 166 255
22.268 -38.2713 17.808 0 166 255
23.2694 -26.0337 21.305 0 166 255
22.8593 -38.5446 -1.36898 0 166 255
27.7217 -27.9846 17.3763 0 166 255
21.3959 -30.2546 1.23254 0 166 255
23.6994 -43.5911 13.6359 0 166 255
21.0492 -47.1846 20.4116 0 166 255
25.7679 30.897 -8.16313 0 166 255
29.4398 32.9891 -3.64784 0 166 255
30.6562 -2.3117 -1.24686 0 166 255
27.5846 -51.6769 19.2663 0 166 255
21.9992 -16.8155 13.7471 0 166 255
22.4944 -34.8837 23.9032 0 166 255
27.9783 24.1367 -13.9275 0 166 255
22.1501 -2.4192 9.26093 0 166 255
13.645 -51.6268 28.2918 0 166 255
21.4097 3.38848 -11.4597 0 166 255
18.5462 -11.2389 -6.17129 0 166 255
12.5412 -25.3578 -5.47988 0 166 255
31.1833 9.28745 -2.58526 0 166 255
21.1599 -10.1562 17.7611 0 166 255
19.8675 -28.1669 18.0068 0 166 255
27.4896 -24.1811 -0.22143 0 166 255
30.855 6.70222 -4.53998 0 166 255
26.6247 3.2192 10.4899 0 166 255
23.953 -44.1164 1.16186 0 166 255
23.0603 -19.5486 19.6928 0 166 255
25.6136 -29.2322 20.2773 0 166 255
30.6762 -2.3072 5.04848 0 166 255
24.1797 -9.594 -9.21861 0 166 255
21.7144 -13.8377 18.683 0 166 255
22.2842 -42.4375 6.20885 0 166 255
10.9049 -29.6556 -2.24706 0 166 255
18.1927 -44.9651 -1.43928 0 166 255
13.4163 -39.4577 -3.28656 0 166 255
26.1799 -3.1483 2.29571 0 166 255
14.4197 -34.2285 -1.34518 0 166 255
21.767 -28.4873 1.07216 0 166 255
22.9455 -59.1012 29.0136 0 166 255
20.0591 7.97945 -11.9318 0 166 255
31.2463 23.6057 -6.1481 0 166 255
29.8212 -27.3854 8.98043 0 166 255
19.298 -7.14714 12.2943 0 166 255
25.2449 10.9548 8.9835 0 166 255
11.8172 -34.4945 -4.79945 0 166 255
25.7326 26.1717 3.30853 0 166 255
25.6019 -30.6906 -0.928953 0 166 255
14.3333 -39.6566 -1.92134 0 166 255
22.7956 -52.877 11.7436 0 166 255
24.3459 23.5141 -13.8009 0 166 255
26.3702 13.7932 -4.07792 0 166 255
29.9077 -19.0379 10.8035 0 166 255
10.9721 -35.5859 -1.08171 0 166 255
25.3591 -4.17976 13.8457 0 166 255
29.6115 -5.97997 9.19316 0 166 255
30.3012 7.33877 -6.49654 0 166 255
26.2959 15.567 -3.52761 0 166 255
23.0358 -53.3196 13.4995 0 166 255
22.0947 -55.1103 20.1839 0 166 255
20.861 -5.169 -10.3529 0 166 255
28.6036 -39.5571 16.4376 0 166 255
13.0445 -57.9777 29.9451 0 166 255
26.1761 -41.3087 3.43536 0 166 255
28.9791 16.7131 -12.3457 0 166 255
18.9692 -6.3704 -10.3045 0 166 255
15.5962 -29.0204 22.9685 0 166 255
27.6716 -20.8192 15.9515 0 166 255
11.269 -52.3826 27.8655 0 166 255
18.976 -5.74055 16.7658 0 166 255
11.7301 -39.1785 23.9112 0 166 255
16.4475 -20.6049 -8.67032 0 166 255
14.7545 -41.216 25.8174 0 166 255
17.5346 -49.3747 28.1904 0 166 255
25.2881 3.72131 11.3791 0 166 255
27.2299 20.3607 4.1715 0 166 255
29.0068 -22.1238 2.19048 0 166 255
14.1851 -37.7183 24.7767 0 166 255
28.0663 26.1924 -13.8193 0 166 255
24.2212 -18.2075 1.09918 0 166 255
17.261 -34.9952 -4.97814 0 166 255
30.8864 3.17777 2.52262 0 166 255
21.6715 -29.7522 23.0596 0 166 255
25.4719 -19.8385 4.69536 0 166 255
20.4691 -34.8017 -3.96879 0 166 255
25.2896 -23.3997 10.614 0 166 255
25.632 -6.17235 5.99615 0 166 255
24.2406 -39.1078 10.9226 0 166 255
26.2336 15.2033 -5.17444 0 166 255
18.451 -13.7253 19.2698 0 166 255
25.9658 11.0543 -0.484933 0 166 255
26.3729 4.946 10.1553 0 166 255
17.9501 -9.08336 17.8677 0 166 255
26.9274 -53.2442 21.8437 0 166 255
18.8861 -62.6027 25.6819 0 166 255
23.8574 15.435 -12.7577 0 166 255
17.2293 -40.5967 20.7598 0 166 255
22.7433 -55.2492 28.2512 0 166 255
13.4438 -38.5221 20.9447 0 166 255
12.0528 -48.0708 24.0755 0 166 255
12.1276 -56.359 29.2825 0 166 255
21.8882 -26.8938 0.760834 0 166 255
26.8466 -29.1157 0.358279 0 166 255
24.5971 -34.4281 11.6819 0 166 255
22.8265 -58.2139 16.6966 0 166 255
24.2621 -37.9411 10.0019 0 166 255
28.0785 -36.7606 18.0463 0 166 255
24.8824 8.75352 2.31123 0 166 255
29.7309 -1.14446 7.61862 0 166 255
24.8852 -57.353 9.28907 0 166 255
31.058 6.51619 1.26047 0 166 255
25.4877 -17.7044 -5.10463 0 166 255
16.8986 -18.9949 20.6646 0 166 255
12.6371 -30.0651 -5.96053 0 166 255
23.6355 -36.9752 -1.13992 0 166 255
22.5743 -65.5223 25.3885 0 166 255
23.2048 -14.9957 -1.43759 0 166 255
28.598 27.7031 -13.7649 0 166 255
24.1184 -15.3326 -7.34863 0 166 255
20.6696 -34.5664 1.86469 0 166 255
29.781 -3.10574 8.0719 0 166 255
23.4035 14.8919 8.66828 0 166 255
29.8394 -22.3807 11.0427 0 166 255
25.1374 -25.6947 6.27731 0 166 255
12.8896 -49.1484 27.4356 0 166 255
25.1475 30.3728 -2.45182 0 166 255
20.4093 -44.2381 26.7432 0 166 255
23.2934 -45.4439 15.807 0 166 255
24.9314 -53.6017 25.74 0 166 255
22.0247 -53.1201 5.89681 0 166 255
25.9674 34.7971 -0.768723 0 166 255
31.2247 26.6584 -8.03106 0 166 255
23.1954 2.55425 12.9575 0 166 255
26.126 35.9495 -9.00477 0 166 255
14.8239 -24.1015 -3.47594 0 166 255
23.339 -50.2094 13.514 0 166 255
31.0602 2.28591 -1.0095 0 166 255
30.8084 -8.4541 4.41681 0 166 255
11.4926 -59.2534 28.2789 0 166 255
28.3337 -40.5031 8.81933 0 166 255
14.4675 -17.5144 -5.13628 0 166 255
31.154 18.3837 -2.9282 0 166 255
30.1024 21.5466 -12.0194 0 166 255
21.4411 -17.2968 -2.47252 0 166 255
27.104 -61.691 19.7048 0 166 255
23.5896 10.1148 -9.3907 0 166 255
25.4436 22.7101 -4.07377 0 166 255
13.1556 -59.9507 25.7771 0 166 255
16.2702 -20.2981 -4.22669 0 166 255
20.4011 -49.1741 1.03212 0 166 255
9.47936 -34.6586 -1.17404 0 166 255
19.2985 -33.9455 24.5171 0 166 255
23.0717 -46.3732 0.964174 0 166 255
31.1773 25.8051 -6.48504 0 166 255
29.1205 -34.5544 14.4349 0 166 255
23.1786 -58.364 13.5249 0 166 255
18.2268 -52.3367 23.6511 0 166 255
10.8802 -31.2852 -1.85937 0 166 255
19.8562 -47.773 -0.20325 0 166 255
18.0938 -34.1909 19.6705 0 166 255
25.012 -47.8099 24.6248 0 166 255
25.5054 -22.7301 8.54662 0 166 255
28.7062 39.2189 -5.52482 0 166 255
21.453 -16.6465 19.5897 0 166 255
14.88 -27.794 22.5351 0 166 255
21.2042 -55.202 29.0584 0 166 255
16.0015 -49.7262 22.9095 0 166 255
20.4439 -29.8392 18.1167 0 166 255
22.2002 -35.6962 -2.70782 0 166 255
28.385 -44.1576 16.4547 0 166 255
26.7237 -29.7742 19.1262 0 166 255
10.7262 -49.491 26.7179 0 166 255
26.7205 -35.9988 20.3197 0 166 255
22.6286 12.9081 3.59827 0 166 255
25.3974 16.3721 -8.84905 0 166 255
16.5061 -31.008 -6.06982 0 166 255
30.2543 -12.9733 8.5486 0 166 255
25.1926 -16.801 17.5377 0 166 255
23.8218 19.6175 1.0459 0 166 255
15.3334 -57.8777 25.3774 0 166 255
14.5146 -35.2107 24.2534 0 166 255
20.7281 -57.9323 22.457 0 166 255
26.3031 -39.0081 2.82471 0 166 255
29.9093 -15.3599 1.90996 0 166 255
14.6161 -24.5133 21.6619 0 166 255
12.1514 -54.0175 28.61 0 166 255
20.1083 -40.8986 -2.53867 0 166 255
24.3606 -37.7748 11.9512 0 166 255
22.328 -53.3331 28.0691 0 166 255
24.0845 -37.8145 13.7765 0 166 255
30.5461 -13.6748 6.80956 0 166 255
22.6145 -43.8969 17.6728 0 166 255
17.8165 -58.071 30.5137 0 166 255
24.702 1.74824 -4.53924 0 166 255
21.5183 -44.7922 19.4059 0 166 255
25.4864 9.15253 -6.0361 0 166 255
29.7354 0.485498 7.16602 0 166 255
22.2562 -60.4837 20.9551 0 166 255
29.9211 32.1843 -13.7436 0 166 255
22.0591 -52.3042 4.27774 0 166 255
19.3315 -19.4804 -8.63794 0 166 255
27.6076 32.1708 -0.674989 0 166 255
25.9219 -17.2486 6.459 0 166 255
25.3085 20.5725 -2.70382 0 166 255
25.3864 15.0801 -0.536191 0 166 255
20.1387 -15.0475 19.4745 0 166 255
29.6923 19.9498 -12.3213 0 166 255
19.0681 -15.1879 -9.89168 0 166 255
22.5507 -62.3621 19.8803 0 166 255
24.7101 -21.8605 3.46225 0 166 255
30.6356 -4.09882 -0.709796 0 166 255
27.8604 -15.6071 -2.62666 0 166 255
30.8733 28.1191 -11.8413 0 166 255
22.6535 -12.9019 -2.79985 0 166 255
28.6208 -40.5123 10.3668 0 166 255
20.207 -26.2332 22.5523 0 166 255
26.1089 -0.453728 -10.2953 0 166 255
23.2592 -46.6643 10.6119 0 166 255
25.1942 -8.90151 -0.167669 0 166 255
28.3329 -32.6284 4.95238 0 166 255
23.4597 2.35491 -11.0307 0 166 255
17.821 -19.9814 -3.92689 0 166 255
24.3429 22.3053 2.78557 0 166 255
31.1496 7.97149 -1.07601 0 166 255
17.4772 -29.0392 -6.41336 0 166 255
31.105 3.50413 0.597912 0 166 255
25.2223 13.7479 0.184517 0 166 255
27.4803 -40.2633 19.6948 0 166 255
24.0721 -46.8404 2.10549 0 166 255
25.0449 5.47909 -5.62477 0 166 255
25.755 -52.3624 24.3231 0 166 255
25.9119 12.0649 8.13759 0 166 255
17.667 -10.592 18.3275 0 166 255
21.6142 -41.4469 -1.53381 0 166 255
16.0916 -45.5029 27.0956 0 166 255
23.3942 -62.137 17.889 0 166 255
28.9598 -2.70331 -5.59485 0 166 255
21.7789 -26.2147 16.389 0 166 255
27.1135 -36.6996 3.57408 0 166 255
18.686 -60.9815 30.408 0 166 255
16.1478 -19.981 18.1692 0 166 255
24.3187 -13.83 -0.301147 0 166 255
30.6788 26.443 -3.89796 0 166 255
29.433 6.59601 -8.09935 0 166 255
22.6836 -44.3904 7.59375 0 166 255
16.3374 -38.0631 20.1891 0 166 255
17.6165 -10.1095 -6.84784 0 166 255
30.6156 10.1813 2.06745 0 166 255
23.9422 -4.04063 -10.9399 0 166 255
21.8979 -21.6418 15.07 0 166 255
20.2046 -38.625 25.4844 0 166 255
9.9357 -40.2575 -1.34901 0 166 255
20.6363 -28.3072 23.0212 0 166 255
22.4904 9.23419 -12.2152 0 166 255
16.8924 -26.3014 -2.56037 0 166 255
23.3983 0.753428 13.438 0 166 255
28.4405 -38.2481 17.0929 0 166 255
24.6161 -1.32874 6.43415 0 166 255
30.7491 12.7654 0.886001 0 166 255
14.6116 -62.2561 26.6144 0 166 255
30.2273 35.1353 -6.28261 0 166 255
29.3663 -3.77734 -4.2804 0 166 255
26.4783 -66.9588 23.1124 0 166 255
26.7923 -9.57683 14.1926 0 166 255
25.1303 20.2711 5.85535 0 166 255
20.624 -25.2311 -6.52477 0 166 255
29.4748 -29.3433 7.76045 0 166 255
17.0651 -22.8939 -3.34588 0 166 255
22.8903 -11.6179 11.525 0 166 255
27.5926 -43.6689 7.70551 0 166 255
21.2544 -32.9364 1.98111 0 166 255
23.9095 -36.7691 7.27665 0 166 255
26.9832 -55.1203 11.4212 0 166 255
25.2937 35.2682 -3.42698 0 166 255
18.1725 -45.7697 0.505355 0 166 255
29.7155 30.9166 -3.31922 0 166 255
24.9581 -43.1484 2.10123 0 166 255
27.9902 -34.1177 4.69489 0 166 255
27.0849 -51.7234 21.3312 0 166 255
20.5434 -39.8863 3.18034 0 166 255
30.1582 -18.7831 4.73582 0 166 255
25.9023 0.182766 3.11 0 166 255
24.7443 35.9124 -8.22002 0 166 255
27.2763 -25.7632 -0.0432596 0 166 255
24.5005 -36.1939 10.5587 0 166 255
25.9722 -56.6767 24.5144 0 166 255
16.654 -18.7411 -4.53999 0 166 255
24.7819 -6.22979 7.60051 0 166 255
19.7551 -3.25215 -8.04803 0 166 255
28.9827 -2.52636 9.46085 0 166 255
15.0737 -11.479 -9.31545 0 166 255
17.7977 -38.5016 20.4224 0 166 255
26.3845 -36.433 2.05255 0 166 255
27.3497 -53.4443 12.1922 0 166 255
28.1856 -1.36969 10.2701 0 166 255
27.0459 -63.2749 18.8512 0 166 255
18.6018 -23.5609 -7.64073 0 166 255
14.5536 -35.3988 -5.3192 0 166 255
23.644 -38.8835 7.48052 0 166 255
24.8022 -30.7118 11.6255 0 166 255
14.4495 -18.6511 19.9481 0 166 255
28.1848 25.1037 1.36968 0 166 255
25.1439 -4.99782 6.69553 0 166 255
21.8017 -19.9137 -1.37588 0 166 255
30.5927 21.1911 -1.58549 0 166 255
20.7875 -24.1329 21.8876 0 166 255
25.0388 -21.385 -4.481 0 166 255
15.4691 -38.7628 25.3324 0 166 255
26.1951 10.3899 -12.5988 0 166 255
14.8272 -13.6395 -6.02576 0 166 255
25.3228 -50.881 5.07057 0 166 255
18.5178 -7.47688 17.3605 0 166 255
28.1525 -3.5748 10.9721 0 166 255
19.0437 -21.5686 -2.89947 0 166 255
20.4272 1.55083 -9.09073 0 166 255
20.9353 -65.3937 24.9478 0 166 255
16.0433 -36.1799 -4.93417 0 166 255
15.7605 -46.6447 22.0367 0 166 255
29.0435 0.0808601 8.61651 0 166 255
21.0278 -64.3598 26.3539 0 166 255
26.1936 -1.05683 1.95825 0 166 255
20.5325 -36.5096 2.19849 0 166 255
20.6345 -12.3992 18.5909 0 166 255
20.4126 -9.44283 12.6077 0 166 255
27.8633 -50.0908 18.1746 0 166 255
8.89803 -37.703 -1.4809 0 166 255
17.8048 -6.73678 15.9833 0 166 255
24.5595 -38.8892 23.3711 0 166 255
23.7851 -48.8607 26.0184 0 166 255
16.1867 -11.4669 18.2204 0 166 255
25.495 -2.18077 -1.60857 0 166 255
29.4234 33.8779 -11.0357 0 166 255
20.8829 -51.7794 6.89267 0 166 255
23.6862 -54.0981 27.2042 0 166 255
25.198 11.8724 0.929187 0 166 255
15.3879 -36.4897 19.6101 0 166 255
16.2892 -35.2694 24.6069 0 166 255
28.2367 2.72431 -8.77221 0 166 255
26.2854 6.08161 -0.899482 0 166 255
18.549 -9.89019 13.6751 0 166 255
25.8752 36.4112 -2.18995 0 166 255
28.8041 13.8369 -11.5919 0 166 255
23.911 7.93596 10.7927 0 166 255
30.0402 -2.9532 -2.9221 0 166 255
25.6718 -43.0432 22.9594 0 166 255
25.3939 -39.1686 1.48901 0 166 255
26.1148 -34.6049 20.8296 0 166 255
21.1444 -2.30978 -7.31753 0 166 255
25.4558 -45.9382 23.7113 0 166 255
27.6609 -10.1244 -4.78637 0 166 255
27.006 -15.2915 15.4848 0 166 255
30.2174 -20.3013 8.94642 0 166 255
22.9021 -6.19528 9.92856 0 166 255
24.4461 -28.9144 21.2224 0 166 255
14.0937 -25.2157 -7.19391 0 166 255
23.6875 -16.0612 -0.350218 0 166 255
19.7507 -32.6184 -4.86531 0 166 255
25.1032 -26.6699 11.0344 0 166 255
18.906 -47.3569 3.58484 0 166 255
29.3418 -25.8957 13.4296 0 166 255
22.9748 18.0842 -13.1182 0 166 255
14.6125 -10.0105 -8.57491 0 166 255
26.2746 -56.054 9.43161 0 166 255
30.7485 -8.67596 2.96825 0 166 255
24.3831 -51.1245 3.73051 0 166 255
31.1272 25.3254 -9.66095 0 166 255
23.7421 4.0345 12.196 0 166 255
21.3728 -23.5413 -6.6806 0 166 255
24.1029 -28.1393 -3.32733 0 166 255
25.6434 -21.3294 7.62922 0 166 255
16.0907 -39.3424 -4.23596 0 166 255
20.4187 -1.94234 10.1876 0 166 255
22.7241 -60.5167 17.8584 0 166 255
25.1697 28.7655 -2.22431 0 166 255
21.368 6.25618 9.19481 0 166 255
24.2909 -65.8212 24.7891 0 166 255
20.928 -5.8311 -6.40934 0 166 255
23.1683 -23.5353 1.33153 0 166 255
25.0944 -63.2612 17.8481 0 166 255
21.0761 7.02158 12.1318 0 166 255
30.5746 -0.989454 -2.02453 0 166 255
27.3935 -46.8614 8.66581 0 166 255
20.9505 -18.9691 -2.35582 0 166 255
23.5733 -36.5506 15.1726 0 166 255
16.3953 -41.659 0.276033 0 166 255
26.0343 -5.73576 -8.65042 0 166 255
11.6655 -60.974 28.0498 0 166 255
26.2486 7.85898 -2.35649 0 166 255
