ply
format ascii 1.0
comment Created by Open3D
element vertex 4096
property double x
property double y
property double z
property uchar red
property uchar green
property uchar blue
end_header
12.4248 37.21 -6.08075 255 191 0
11.4799 20.0966 4.00272 255 191 0
13.687 35.9673 -5.13356 255 191 0
17.989 11.7372 6.74579 255 191 0
4.71171 -24.3792 -7.29455 255 191 0
17.1182 14.0323 2.38074 255 191 0
17.8883 31.1955 -3.01483 255 191 0
19.8454 45.3719 -8.22142 255 191 0
4.04415 4.06293 -3.22751 255 191 0
9.6934 25.6657 -3.70918 255 191 0
10.2485 22.7787 -4.60875 255 191 0
20.0883 5.88468 5.28271 255 191 0
18.7491 32.1394 0.382495 255 191 0
12.8566 49.8217 -9.22234 255 191 0
12.8384 23.4917 2.9642 255 191 0
8.46403 -2.78138 -2.51501 255 191 0
8.56792 21.815 -1.30642 255 191 0
10.2063 29.4743 -3.9518 255 191 0
3.48537 -13.2819 -5.62564 255 191 0
22.4315 15.5209 2.81634 255 191 0
14.0839 11.8615 1.62536 255 191 0
15.129 -14.3297 -10.4347 255 191 0
17.8762 -1.94186 9.78041 255 191 0
13.4872 -1.15408 4.43058 255 191 0
22.6617 21.9081 3.1511 255 191 0
22.0594 45.4913 -9.26817 255 191 0
16.5569 40.728 -6.14422 255 191 0
9.56764 23.1294 -5.65537 255 191 0
3.9618 1.15484 -3.16786 255 191 0
11.5703 25.2156 2.74658 255 191 0
14.7849 -4.46848 6.23057 255 191 0
5.31683 -9.6451 1.78239 255 191 0
13.8472 -3.61537 5.40164 255 191 0
6.13521 -10.5215 3.65702 255 191 0
7.61909 3.56188 3.58166 255 191 0
21.7963 38.5436 -2.46716 255 191 0
15.7231 10.7054 7.48298 255 191 0
23.3957 24.7868 0.828093 255 191 0
18.2989 32.7346 -3.58742 255 191 0
9.93159 19.5302 -4.24289 255 191 0
5.97688 12.3484 -3.69999 255 191 0
10.5235 4.79764 -0.198238 255 191 0
21.3593 43.4908 -8.3936 255 191 0
13.7175 40.2707 -2.67644 255 191 0
17.32 -26.87 -12.7905 255 191 0
8.86286 -18.1027 -11.5672 255 191 0
13.7395 8.15463 2.15848 255 191 0
7.47883 -24.797 -4.98427 255 191 0
4.93268 -21.626 -3.69234 255 191 0
14.1242 -19.2108 -13.7033 255 191 0
11.1678 10.8418 5.88181 255 191 0
19.9285 24.7379 -1.2277 255 191 0
6.12074 -0.0586603 1.93163 255 191 0
8.16883 -15.9279 -11.4494 255 191 0
16.897 -23.4518 -11.021 255 191 0
6.17304 17.8735 -1.33349 255 191 0
11.054 0.767517 1.39235 255 191 0
14.2739 -26.3633 -7.74693 255 191 0
6.65066 -2.57326 3.2657 255 191 0
9.04925 -11.2778 -12.2815 255 191 0
10.9583 24.7291 -4.30781 255 191 0
22.4762 16.0458 1.86606 255 191 0
11.5846 -21.9983 -12.5879 255 191 0
12.0559 -17.6819 -13.4092 255 191 0
18.1868 -0.752344 6.95698 255 191 0
16.8606 20.6581 0.314089 255 191 0
13.9831 -31.796 -11.0327 255 191 0
20.6544 -0.231344 7.83496 255 191 0
3.88868 -13.1703 -2.10436 255 191 0
8.8871 -8.93983 5.83052 255 191 0
4.6777 -5.40549 -0.359895 255 191 0
21.1492 5.13451 6.86928 255 191 0
20.6147 50.0835 -9.65699 255 191 0
23.7835 48.3675 -7.94855 255 191 0
14.6882 2.89596 4.33411 255 191 0
21.3329 31.4499 -4.05227 255 191 0
13.4293 23.1548 -1.75181 255 191 0
10.9124 -6.71447 3.29162 255 191 0
12.2146 -28.8907 -11.9362 255 191 0
11.2771 -9.81309 -9.12131 255 191 0
21.5691 39.5425 -7.05757 255 191 0
4.69718 -1.69849 -0.786294 255 191 0
16.6575 -2.42906 9.09904 255 191 0
10.6323 -27.4534 -6.72237 255 191 0
3.39904 -7.11302 -6.91161 255 191 0
6.38685 -20.7688 -2.27083 255 191 0
8.81226 -20.3188 -4.36627 255 191 0
14.7581 42.8868 -7.00645 255 191 0
12.648 9.69087 1.00317 255 191 0
8.36477 -11.6148 -4.34682 255 191 0
3.90645 -3.44396 -8.38382 255 191 0
23.6564 27.1745 0.171918 255 191 0
7.87267 -13.7637 2.83484 255 191 0
16.9766 10.379 7.6663 255 191 0
12.3572 27.7162 -3.67519 255 191 0
23.6311 42.2499 -5.00803 255 191 0
9.74028 17.0459 -4.08587 255 191 0
20.9418 34.4974 -4.91405 255 191 0
9.16657 -23.1273 -10.8794 255 191 0
12.074 49.6564 -8.1682 255 191 0
4.06822 -7.35686 -2.00227 255 191 0
17.7822 10.1721 3.75133 255 191 0
10.6846 35.2433 -5.4666 255 191 0
20.9994 19.1504 4.70366 255 191 0
12.7519 52.6031 -8.07154 255 191 0
12.2118 39.421 -2.75012 255 191 0
20.4384 39.5766 -6.4335 255 191 0
5.02288 -5.82447 0.568579 255 191 0
13.06 12.2651 6.83493 255 191 0
12.5773 31.8178 0.216162 255 191 0
10.6933 -0.500767 1.28435 255 191 0
9.57507 -15.5699 -6.17301 255 191 0
8.49092 -16.0639 -1.02054 255 191 0
22.4981 36.7842 -6.66737 255 191 0
21.7054 43.5612 -4.34557 255 191 0
20.1385 0.438623 6.9427 255 191 0
8.81454 -13.7715 -12.4687 255 191 0
14.9136 33.9624 -0.560684 255 191 0
7.33575 11.3358 1.84585 255 191 0
11.791 -10.1814 6.04812 255 191 0
17.4682 -25.4568 -11.7413 255 191 0
19.971 9.0028 4.25455 255 191 0
17.394 0.660515 9.51637 255 191 0
3.87608 -19.5679 -2.72526 255 191 0
11.3827 18.1264 -2.31455 255 191 0
10.3828 8.03634 -1.0427 255 191 0
10.0899 29.7556 -4.96481 255 191 0
3.38773 -3.78332 -5.95189 255 191 0
8.05615 5.29062 -5.82754 255 191 0
15.556 8.44359 7.85605 255 191 0
3.5337 -10.7289 -7.49823 255 191 0
9.89503 1.31082 -0.526599 255 191 0
17.4287 -24.225 -11.9351 255 191 0
16.964 -4.23539 7.46226 255 191 0
12.8879 34.9692 -5.26525 255 191 0
7.18789 -9.39458 -11.4364 255 191 0
9.30541 -6.68518 -10.2671 255 191 0
18.7608 10.9402 6.98407 255 191 0
6.10368 -12.6019 -11.0556 255 191 0
6.05623 -3.14957 -9.0198 255 191 0
20.5572 19.0391 0.955464 255 191 0
5.16948 -16.9185 -0.153817 255 191 0
19.3983 12.6151 6.52498 255 191 0
14.2631 -30.495 -12.2286 255 191 0
16.1415 -26.4297 -8.96315 255 191 0
10.9484 6.81052 -0.184408 255 191 0
20.2237 -2.2849 7.69431 255 191 0
10.4511 -10.8392 -8.14172 255 191 0
8.39503 -14.3004 -4.05707 255 191 0
20.5881 27.5249 1.6628 255 191 0
3.44581 -5.58045 -8.20328 255 191 0
22.4583 29.6646 0.391408 255 191 0
11.751 21.6675 3.80762 255 191 0
21.9624 49.4633 -6.90454 255 191 0
21.0848 6.24015 7.32542 255 191 0
8.83311 -14.4421 2.84208 255 191 0
8.08071 -18.4119 -10.9056 255 191 0
7.95935 1.85538 -6.30898 255 191 0
22.1052 12.6819 4.38908 255 191 0
15.6385 29.9022 0.824579 255 191 0
4.65288 -21.344 -8.20432 255 191 0
7.78421 17.9474 -3.2165 255 191 0
14.7453 -19.4244 -9.25897 255 191 0
22.8203 20.1883 2.4677 255 191 0
17.3997 45.1285 -7.45025 255 191 0
8.04562 -2.76522 -4.95162 255 191 0
4.71538 -11.4727 0.506057 255 191 0
19.0859 6.46855 8.71761 255 191 0
15.2846 56.9895 -10.4807 255 191 0
11.3867 37.687 -6.64582 255 191 0
19.3274 42.2732 -3.14279 255 191 0
14.4914 -18.0499 -9.46059 255 191 0
16.3386 -1.17154 9.1058 255 191 0
17.3422 -31.6795 -10.7745 255 191 0
18.2983 43.6639 -3.50592 255 191 0
10.9509 -7.794 3.57943 255 191 0
6.33316 -18.3722 -0.758425 255 191 0
9.16773 21.8542 0.0833602 255 191 0
13.2056 -21.0126 -8.23356 255 191 0
6.45962 -17.2719 0.0231924 255 191 0
10.5275 27.6627 -1.70977 255 191 0
7.22709 1.45474 3.4304 255 191 0
10.1919 23.3854 -0.731411 255 191 0
15.361 16.1175 5.49009 255 191 0
18.5684 46.1514 -4.39812 255 191 0
8.31999 -8.35128 -1.69038 255 191 0
13.3498 20.4258 3.96978 255 191 0
8.85044 18.3029 2.24271 255 191 0
7.35204 -3.76876 -9.48373 255 191 0
9.37649 17.6431 -4.91652 255 191 0
19.8494 19.3604 4.40393 255 191 0
8.73703 -11.0367 4.67565 255 191 0
9.09504 3.09897 -2.28528 255 191 0
15.4033 54.5144 -10.4251 255 191 0
19.493 31.581 -3.41506 255 191 0
10.8706 31.7643 -2.70685 255 191 0
23.9762 28.7321 -1.94799 255 191 0
19.2206 29.1068 -2.51981 255 191 0
13.6573 47.023 -5.03896 255 191 0
13.4621 27.9943 -3.03445 255 191 0
10.1741 -10.9162 -12.0744 255 191 0
14.135 -7.0168 6.70405 255 191 0
6.71078 18.3865 -0.209367 255 191 0
15.7384 17.942 4.74136 255 191 0
21.9588 11.708 4.84069 255 191 0
12.2255 4.56364 1.67693 255 191 0
8.82874 21.7056 1.18747 255 191 0
19.6858 34.5419 -4.39558 255 191 0
9.49383 -3.56148 0.243049 255 191 0
8.35471 -14.5345 -1.80791 255 191 0
21.6045 47.7681 -9.94975 255 191 0
14.9235 -32.6786 -9.16826 255 191 0
8.32197 -18.8748 -1.55194 255 191 0
14.2516 54.0132 -10.2526 255 191 0
3.44843 -8.99176 -5.60186 255 191 0
11.7699 -6.10449 4.19325 255 191 0
14.3567 19.4288 4.24041 255 191 0
14.2507 -0.158517 4.80782 255 191 0
19.3564 -3.78463 10.1808 255 191 0
4.49378 -23.0551 -7.33337 255 191 0
15.0419 51.3326 -6.21121 255 191 0
11.9827 25.9281 1.97885 255 191 0
9.04537 -0.575998 6.08 255 191 0
7.53222 -14.5562 -11.3863 255 191 0
7.99784 0.644146 -6.12902 255 191 0
5.32704 13.1887 -1.50623 255 191 0
14.0561 14.5367 0.951256 255 191 0
8.89684 -4.56501 -0.680775 255 191 0
19.613 8.8431 7.61733 255 191 0
12.438 37.7052 -1.80448 255 191 0
6.45507 -7.67942 -10.7805 255 191 0
12.2517 30.6871 -4.45229 255 191 0
8.6737 -15.9317 -4.74706 255 191 0
23.5733 46.276 -8.68594 255 191 0
15.776 45.1409 -7.49805 255 191 0
9.53166 -22.5373 -4.84498 255 191 0
6.63406 -19.3734 -1.22008 255 191 0
22.798 25.7237 1.58637 255 191 0
9.8023 -5.41307 6.65318 255 191 0
10.0546 25.5821 -2.4488 255 191 0
21.4899 9.7802 6.62211 255 191 0
5.72084 7.31581 0.137238 255 191 0
18.6481 21.3713 0.299542 255 191 0
20.7959 7.31637 8.24023 255 191 0
22.5046 39.4169 -7.72064 255 191 0
13.7137 32.2436 -0.0798386 255 191 0
6.2774 -24.5114 -8.78578 255 191 0
14.5162 14.8437 6.0461 255 191 0
8.52762 -12.0622 4.06868 255 191 0
5.13132 11.0825 -1.56924 255 191 0
5.94222 13.8361 -0.549054 255 191 0
7.27932 -13.1355 -11.4483 255 191 0
8.17969 19.9894 -2.24219 255 191 0
8.21188 -5.54985 -2.69435 255 191 0
12.0123 38.2845 -2.78683 255 191 0
3.64409 -1.63125 -4.15313 255 191 0
10.4671 1.33782 0.458347 255 191 0
16.1777 20.3237 3.80229 255 191 0
20.6649 36.5685 -1.41136 255 191 0
16.6896 13.0554 6.64105 255 191 0
11.0628 21.7869 -3.55232 255 191 0
22.6145 47.3428 -6.41662 255 191 0
24.0833 29.9231 -1.19879 255 191 0
21.0701 12.1949 3.12215 255 191 0
13.0771 54.5419 -9.42722 255 191 0
9.41475 -19.7125 -5.28077 255 191 0
6.97387 -3.63872 3.96051 255 191 0
6.7181 -9.90962 4.43955 255 191 0
14.1803 -22.339 -13.2319 255 191 0
21.6905 15.7507 5.83716 255 191 0
14.6246 1.22142 4.74056 255 191 0
8.00624 -6.01318 -10.4113 255 191 0
4.43283 2.89605 -2.02328 255 191 0
12.5955 -1.86769 3.69748 255 191 0
16.8527 17.2355 1.40167 255 191 0
10.2824 22.541 2.6117 255 191 0
17.7791 14.9454 2.31198 255 191 0
8.04814 -4.88285 -4.21873 255 191 0
15.2727 16.6814 1.02811 255 191 0
18.2745 4.70494 5.52756 255 191 0
4.88599 -3.03855 -0.170845 255 191 0
19.5571 0.103321 10.5196 255 191 0
8.53127 -7.91495 -5.96165 255 191 0
8.3444 -9.5895 -1.6304 255 191 0
15.7398 7.25186 7.91375 255 191 0
11.0234 -9.26366 -10.7266 255 191 0
15.9597 -30.3289 -9.46346 255 191 0
22.2035 41.3948 -8.21606 255 191 0
19.3946 38.1594 -1.71371 255 191 0
5.92764 1.36092 1.36672 255 191 0
16.8288 -27.4687 -10.8338 255 191 0
6.91692 9.06478 1.67822 255 191 0
7.82081 6.05312 3.40313 255 191 0
9.90973 -26.3434 -5.81471 255 191 0
3.48729 -12.3452 -6.48611 255 191 0
19.6514 12.4363 3.21918 255 191 0
16.0204 41.9298 -2.94791 255 191 0
16.3339 22.7098 3.12405 255 191 0
6.32179 -11.2802 -11.4991 255 191 0
8.65656 11.2243 -5.09315 255 191 0
17.7264 48.3447 -8.57048 255 191 0
22.4524 19.5306 4.01369 255 191 0
12.0932 36.1872 -1.91565 255 191 0
8.33763 13.9059 -6.14587 255 191 0
3.8292 -20.6052 -6.3257 255 191 0
7.68339 9.13557 2.6823 255 191 0
21.4029 30.4458 0.476275 255 191 0
13.0464 -4.17842 4.74137 255 191 0
16.8939 38.7996 -1.83177 255 191 0
15.3663 48.9332 -8.69632 255 191 0
15.613 -29.4456 -12.4579 255 191 0
16.8623 -16.3334 -11.2207 255 191 0
5.29594 -0.807178 -7.54576 255 191 0
13.0627 39.3055 -2.11562 255 191 0
18.358 8.96009 7.92154 255 191 0
9.17378 -15.5196 1.74875 255 191 0
6.90531 -25.4726 -7.11369 255 191 0
6.28207 6.86426 1.12428 255 191 0
12.2564 -24.7795 -12.441 255 191 0
13.4163 -12.3914 -11.2211 255 191 0
16.3274 15.0662 1.89849 255 191 0
5.69091 4.74483 -6.21208 255 191 0
21.5521 16.4766 1.50258 255 191 0
4.16846 8.66849 -3.38123 255 191 0
13.0512 25.8653 2.19331 255 191 0
8.27837 -15.4011 -3.70616 255 191 0
14.4588 12.8349 6.81318 255 191 0
17.2473 -17.6897 -10.7846 255 191 0
16.8328 52.8813 -9.99077 255 191 0
8.82851 14.1806 3.03333 255 191 0
8.66333 4.31468 -3.56959 255 191 0
17.5689 11.5783 3.26782 255 191 0
16.9125 3.89758 5.24473 255 191 0
8.95823 -20.3733 -11.1249 255 191 0
12.8746 28.7696 -3.58431 255 191 0
10.3232 0.777163 7.09671 255 191 0
4.37135 5.4738 -5.05229 255 191 0
10.8982 -28.8802 -10.4295 255 191 0
22.6318 30.9423 -4.57881 255 191 0
14.8033 -4.60379 8.68326 255 191 0
11.5788 -15.5901 -8.11535 255 191 0
10.5557 34.236 -5.37441 255 191 0
15.2421 39.1883 -5.86378 255 191 0
14.5624 46.6214 -4.7243 255 191 0
8.20544 -4.93745 5.92356 255 191 0
6.82522 3.17957 2.54708 255 191 0
7.31094 13.7648 -5.73697 255 191 0
12.5036 23.3872 -2.43729 255 191 0
13.1428 30.1688 -3.75959 255 191 0
17.4431 -26.676 -11.5782 255 191 0
19.5266 44.1732 -7.64335 255 191 0
8.9398 22.1175 -5.8974 255 191 0
11.5805 15.0775 -1.34256 255 191 0
10.7292 20.413 -3.55773 255 191 0
22.3697 16.2424 3.89499 255 191 0
4.2214 -8.86617 -1.3351 255 191 0
16.1775 -32.1627 -12.0417 255 191 0
6.50177 -10.1946 -11.5004 255 191 0
8.9985 21.791 -3.36662 255 191 0
9.74959 -12.5116 4.25053 255 191 0
13.539 29.35 1.01897 255 191 0
12.8797 34.6458 -0.606438 255 191 0
21.0316 50.9714 -7.05067 255 191 0
12.6919 21.0086 -1.69767 255 191 0
4.1019 -12.2783 -1.35063 255 191 0
8.79013 -16.5467 0.77834 255 191 0
6.08755 -22.6737 -3.32648 255 191 0
3.83581 -5.46532 -3.07041 255 191 0
16.9732 -29.4203 -12.4648 255 191 0
9.73521 -7.53835 1.49828 255 191 0
15.32 0.0854168 5.50569 255 191 0
11.0079 -12.7829 -12.709 255 191 0
9.64104 3.01331 6.03574 255 191 0
17.8021 25.7489 2.38204 255 191 0
12.3495 18.4248 4.91088 255 191 0
5.306 -2.8976 0.797841 255 191 0
12.5275 -24.7521 -6.94282 255 191 0
3.98513 -21.6308 -4.39561 255 191 0
23.1475 29.3919 -3.84329 255 191 0
16.0018 33.5245 -0.226301 255 191 0
9.09854 -19.1956 -11.5163 255 191 0
14.4379 21.2916 3.62091 255 191 0
19.8492 -1.36514 10.2818 255 191 0
8.33776 -8.45806 -5.02676 255 191 0
7.95571 -26.1511 -9.81282 255 191 0
20.1193 22.907 -0.533741 255 191 0
8.21787 17.2547 1.82267 255 191 0
17.3981 46.8543 -4.59347 255 191 0
20.9192 25.4351 -1.78415 255 191 0
3.78723 -4.623 -8.86833 255 191 0
22.1974 14.3852 2.03686 255 191 0
19.4107 27.4671 -1.96782 255 191 0
12.192 29.5273 -4.21531 255 191 0
13.235 -27.1242 -6.94416 255 191 0
11.9032 31.7111 -0.669157 255 191 0
11.1847 39.8907 -6.94715 255 191 0
7.84487 -26.3095 -7.8428 255 191 0
14.8518 17.5647 0.573489 255 191 0
3.72303 -15.8937 -7.36569 255 191 0
3.4506 -4.72871 -5.26131 255 191 0
19.149 -2.70821 7.72071 255 191 0
19.0397 48.5842 -5.38983 255 191 0
20.3664 47.5822 -9.33545 255 191 0
17.6527 32.5978 0.250089 255 191 0
18.1297 15.4989 5.56783 255 191 0
10.5749 28.7994 -2.17216 255 191 0
16.2803 -21.8116 -13.5485 255 191 0
10.3405 -3.31165 1.68278 255 191 0
11.8668 -30.4707 -9.52889 255 191 0
14.7167 20.1863 -0.182191 255 191 0
7.42408 -16.9857 0.422559 255 191 0
16.3118 0.497176 5.92282 255 191 0
21.4577 42.265 -7.96634 255 191 0
7.7314 -11.5681 -12.0419 255 191 0
9.96339 -18.8515 -12.2498 255 191 0
17.9647 38.1218 -1.57493 255 191 0
15.7802 20.2982 0.193423 255 191 0
18.6061 18.6371 1.22444 255 191 0
17.6077 -20.2887 -11.7724 255 191 0
10.7744 -7.24861 -9.35319 255 191 0
12.379 16.647 -0.929527 255 191 0
8.19345 -10.7743 -3.25592 255 191 0
13.0347 -1.63632 7.96844 255 191 0
20.6918 48.6778 -5.93952 255 191 0
3.45421 -11.1743 -6.47971 255 191 0
19.0289 7.6752 8.22064 255 191 0
22.1738 34.0911 -5.4422 255 191 0
15.4924 9.17949 3.2004 255 191 0
9.48228 10.4557 4.44983 255 191 0
13.1824 26.8665 -2.90652 255 191 0
9.78446 -20.0336 -11.9229 255 191 0
3.5444 -13.5688 -4.21153 255 191 0
3.8338 -18.4281 -1.91581 255 191 0
21.6389 28.4735 -3.08595 255 191 0
14.9514 22.2777 -0.681434 255 191 0
3.72762 -21.4069 -5.63943 255 191 0
12.47 50.8222 -7.56915 255 191 0
16.2085 16.8942 5.18108 255 191 0
13.6717 3.64364 7.6185 255 191 0
14.9237 14.3718 1.49417 255 191 0
7.45062 -8.4122 -11.1386 255 191 0
18.5412 7.45731 4.74921 255 191 0
6.07099 -24.5889 -4.65835 255 191 0
8.19485 4.46661 -5.09302 255 191 0
8.73591 21.2607 -4.31659 255 191 0
8.04717 -4.08169 -5.22692 255 191 0
13.7511 -4.66779 8.22097 255 191 0
10.2301 6.48047 -1.0595 255 191 0
16.2464 45.1579 -4.00982 255 191 0
14.9398 -32.3391 -8.08719 255 191 0
6.82488 12.1655 -5.57152 255 191 0
13.6231 53.9411 -7.48825 255 191 0
3.73807 -17.1862 -2.32837 255 191 0
14.5452 -0.72711 8.35078 255 191 0
20.7674 48.4733 -9.88921 255 191 0
10.9819 -28.3821 -7.36476 255 191 0
16.5801 29.5392 1.09816 255 191 0
9.2349 -12.1285 1.03225 255 191 0
13.8147 19.2176 -0.432205 255 191 0
6.32741 -13.5465 2.60064 255 191 0
10.5563 4.02506 6.70875 255 191 0
8.26046 15.3325 2.21803 255 191 0
16.2824 13.4473 2.35923 255 191 0
20.3465 17.3391 1.57446 255 191 0
11.2469 16.2767 -1.99999 255 191 0
14.3616 27.0418 -2.31495 255 191 0
11.2974 12.2783 5.67559 255 191 0
14.3662 -5.8085 8.1476 255 191 0
18.9768 11.0599 3.58811 255 191 0
14.0899 -33.9288 -8.31025 255 191 0
21.6987 32.7262 -0.382799 255 191 0
11.4083 8.6002 6.50693 255 191 0
5.28042 11.5253 -3.5492 255 191 0
9.62784 -24.236 -11.0233 255 191 0
10.3535 -16.4724 -6.83166 255 191 0
3.87584 5.07866 -3.80689 255 191 0
5.24903 15.2372 -2.04207 255 191 0
12.2806 -0.24848 2.96028 255 191 0
5.72567 -6.07769 2.12023 255 191 0
13.5398 9.0946 7.48641 255 191 0
11.841 30.5631 -0.353944 255 191 0
20.2013 -3.35235 9.27498 255 191 0
12.1214 50.6329 -8.92372 255 191 0
4.10047 -16.2146 -8.36199 255 191 0
22.9789 32.9507 -5.56725 255 191 0
5.06692 -22.7628 -8.27629 255 191 0
23.7256 40.7516 -4.47288 255 191 0
16.0748 18.1659 0.907979 255 191 0
19.5924 41.2001 -2.80374 255 191 0
3.53325 -17.7261 -4.89357 255 191 0
15.5174 12.6542 2.23954 255 191 0
17.7987 25.4712 -1.08932 255 191 0
14.091 24.9488 2.42131 255 191 0
11.3911 -8.38975 -9.68808 255 191 0
3.88967 -6.29162 -9.17712 255 191 0
22.5711 39.9137 -3.35098 255 191 0
14.3451 -29.0487 -7.43691 255 191 0
13.1917 -30.8909 -11.4022 255 191 0
11.2291 26.949 0.0325625 255 191 0
8.25781 0.644391 -4.25668 255 191 0
4.83711 -5.2586 -9.73537 255 191 0
23.085 47.2146 -9.71727 255 191 0
9.44997 9.65138 -3.02094 255 191 0
14.1429 29.6951 -3.16454 255 191 0
15.8119 -19.194 -9.512 255 191 0
14.3088 56.3823 -10.592 255 191 0
12.4017 -3.655 4.07547 255 191 0
21.4058 7.63606 6.31488 255 191 0
19.4768 9.92139 3.95131 255 191 0
9.89976 13.6701 -3.24273 255 191 0
13.2706 -32.6646 -8.13116 255 191 0
9.82429 26.9091 -4.02806 255 191 0
5.69482 -7.43302 2.29728 255 191 0
20.2403 -2.1742 9.24997 255 191 0
12.7153 45.1585 -7.98307 255 191 0
10.0515 10.1431 -2.05589 255 191 0
15.9636 -16.2391 -11.9914 255 191 0
14.0859 -12.7102 -10.3164 255 191 0
17.7403 -0.73235 9.8273 255 191 0
14.4065 55.6793 -8.48419 255 191 0
9.08296 7.89903 -3.38048 255 191 0
16.5675 -24.5804 -10.4964 255 191 0
6.94751 12.1971 1.19194 255 191 0
9.41863 -11.9389 -6.69228 255 191 0
3.91982 -8.92948 -2.42325 255 191 0
8.47153 -12.8584 -4.22618 255 191 0
8.03082 -10.2901 -11.95 255 191 0
13.303 42.656 -3.38076 255 191 0
13.2962 19.0208 4.36194 255 191 0
15.4761 38.5741 -1.94196 255 191 0
3.83605 3.11868 -6.06483 255 191 0
7.11289 -25.4142 -9.28082 255 191 0
14.5937 -22.7951 -8.55886 255 191 0
3.53409 -20.1905 -4.42629 255 191 0
22.311 48.4105 -6.67151 255 191 0
14.3642 -33.5757 -9.33803 255 191 0
10.7088 32.6847 -3.82509 255 191 0
21.0659 3.72633 6.85734 255 191 0
23.5431 45.1632 -6.17358 255 191 0
12.7942 36.3572 -1.16741 255 191 0
23.0271 49.2209 -7.5386 255 191 0
23.0925 35.6836 -6.6032 255 191 0
19.0635 3.75704 9.84466 255 191 0
24.1313 37.2712 -6.09931 255 191 0
15.9348 -24.2348 -8.77245 255 191 0
11.4188 -10.3812 -11.1544 255 191 0
18.0361 43.6805 -7.04192 255 191 0
16.4629 30.6595 0.733091 255 191 0
14.2137 10.4264 2.09605 255 191 0
11.9369 -9.46944 -10.1137 255 191 0
15.3969 -2.80564 6.16819 255 191 0
3.41758 -7.85327 -5.91844 255 191 0
10.98 -24.9012 -11.8802 255 191 0
6.03343 11.7099 -0.0783834 255 191 0
13.7708 45.1629 -7.78077 255 191 0
10.5059 30.3009 -2.94491 255 191 0
15.3982 -1.54417 8.5507 255 191 0
20.0632 24.4112 2.75942 255 191 0
3.80923 -2.61953 -3.40041 255 191 0
16.4893 25.84 -1.2797 255 191 0
22.9109 20.1126 1.16674 255 191 0
9.96778 5.34345 -1.26472 255 191 0
8.56576 -17.0682 -0.506684 255 191 0
11.4309 25.4071 1.21245 255 191 0
11.4206 30.6339 -5.12632 255 191 0
22.713 33.003 -0.89474 255 191 0
15.1441 42.5379 -3.27892 255 191 0
23.8913 27.4138 -2.25347 255 191 0
24.1693 38.0843 -4.47152 255 191 0
19.0581 2.23945 6.39955 255 191 0
14.2669 -32.6152 -10.4275 255 191 0
21.6109 8.37199 5.38203 255 191 0
9.57076 -25.171 -4.6168 255 191 0
8.31288 -12.6486 -12.2715 255 191 0
18.7529 -1.83871 10.3568 255 191 0
5.34526 6.06564 -0.379542 255 191 0
4.26855 -21.7633 -7.11959 255 191 0
14.442 -29.0986 -12.4139 255 191 0
8.88336 12.3472 -4.79407 255 191 0
16.4833 5.74485 4.53115 255 191 0
14.0078 49.1156 -8.89489 255 191 0
12.1311 -20.7486 -12.9749 255 191 0
9.09815 -4.34032 6.54498 255 191 0
7.26835 -16.5324 -10.8274 255 191 0
8.52376 17.501 -5.62305 255 191 0
3.54423 -5.72381 -4.6026 255 191 0
13.4858 31.8714 -4.10231 255 191 0
14.4156 -2.41435 5.50307 255 191 0
16.5095 -18.2389 -13.2329 255 191 0
10.5049 -1.85416 1.46021 255 191 0
9.04817 23.4798 -4.27816 255 191 0
12.9751 -19.8009 -13.3477 255 191 0
21.9083 26.9389 1.49912 255 191 0
7.91088 8.12426 -6.67813 255 191 0
8.65302 1.60171 -3.08244 255 191 0
15.6783 44.0505 -3.68469 255 191 0
13.0691 49.1383 -5.84934 255 191 0
22.7335 18.3269 1.81955 255 191 0
6.43259 -13.9092 -10.987 255 191 0
9.89566 -8.37623 6.16347 255 191 0
5.83536 -25.2718 -7.51828 255 191 0
12.8047 13.3751 6.43083 255 191 0
21.5938 15.3252 1.79432 255 191 0
8.55644 -26.9786 -8.45447 255 191 0
17.4737 55.1733 -8.2483 255 191 0
14.1557 41.755 -3.23767 255 191 0
11.5529 36.1066 -6.34115 255 191 0
21.6586 31.6363 0.00777287 255 191 0
14.5607 21.2811 -0.571422 255 191 0
13.5186 -6.14895 5.68645 255 191 0
14.5462 48.5244 -5.34707 255 191 0
5.65753 12.4339 -0.824469 255 191 0
19.5571 13.5233 2.86275 255 191 0
9.64101 4.12098 -1.53544 255 191 0
17.9131 41.1063 -6.1439 255 191 0
4.15983 -13.2945 -0.969688 255 191 0
13.7409 1.38827 4.00405 255 191 0
11.9988 42.0437 -4.52889 255 191 0
18.6628 38.8447 -5.54345 255 191 0
6.24442 3.73379 1.5682 255 191 0
6.52604 19.1489 -1.21988 255 191 0
6.16481 15.4308 -0.477864 255 191 0
19.4291 29.7784 1.09872 255 191 0
24.0639 38.4196 -5.66513 255 191 0
6.07052 -2.06108 2.1633 255 191 0
10.2086 18.123 -3.58176 255 191 0
13.3825 33.9739 -4.73433 255 191 0
19.5504 50.6919 -6.33389 255 191 0
6.62673 8.11947 -6.27046 255 191 0
13.9462 22.2566 -1.18411 255 191 0
13.1998 17.0641 -0.332644 255 191 0
15.0278 23.2498 2.75212 255 191 0
7.53991 15.108 -5.51438 255 191 0
16.3837 34.6123 -4.24727 255 191 0
8.33566 -3.9988 -6.93232 255 191 0
4.16807 -23.7326 -6.44692 255 191 0
3.83419 -2.861 -6.59371 255 191 0
10.4083 -9.82553 -8.37352 255 191 0
11.9605 2.48963 7.34175 255 191 0
15.1425 -15.4531 -10.1964 255 191 0
8.21187 2.95878 4.46144 255 191 0
11.3641 31.9518 -5.45355 255 191 0
21.2712 5.15605 5.55994 255 191 0
16.3813 -27.0722 -9.92834 255 191 0
8.6861 -14.5753 -0.559039 255 191 0
8.23043 -18.1469 -2.87966 255 191 0
11.3438 3.9703 0.895781 255 191 0
18.0478 -31.7751 -11.8367 255 191 0
8.18008 6.4691 -5.43109 255 191 0
6.2905 5.25743 1.40048 255 191 0
11.4053 5.12664 0.676248 255 191 0
9.58999 -7.6605 -8.0252 255 191 0
21.9827 24.2628 -1.8433 255 191 0
6.78702 14.7439 -3.63043 255 191 0
4.62731 8.9594 -2.30154 255 191 0
7.15478 2.60312 -7.49339 255 191 0
22.3652 26.4376 -2.59069 255 191 0
15.6255 -3.78416 6.54233 255 191 0
8.2868 7.68072 -5.30839 255 191 0
11.7667 21.3396 -2.62526 255 191 0
19.4613 10.0769 7.26629 255 191 0
3.62162 -6.72159 -4.05032 255 191 0
8.76851 -27.0378 -9.54482 255 191 0
5.7033 -8.5616 2.48633 255 191 0
17.756 5.31686 9.03096 255 191 0
18.1576 -6.13598 8.65524 255 191 0
19.8906 49.3771 -5.92827 255 191 0
19.37 39.7082 -6.00044 255 191 0
10.4215 10.1309 5.39591 255 191 0
3.49784 -9.89667 -4.99448 255 191 0
4.15233 -16.2638 -0.504223 255 191 0
13.1998 52.3649 -9.85279 255 191 0
9.67753 -1.94449 6.7005 255 191 0
23.0602 31.8138 -5.15688 255 191 0
8.68758 -13.2302 -0.480735 255 191 0
15.7666 48.7455 -5.28679 255 191 0
14.1116 56.0233 -9.57319 255 191 0
9.72932 -0.671097 -0.311814 255 191 0
20.8982 4.38221 7.81346 255 191 0
6.46322 16.9149 -0.293476 255 191 0
17.3196 36.9799 -1.19255 255 191 0
10.8538 -12.3067 -8.16098 255 191 0
16.0538 -32.831 -10.6829 255 191 0
12.8118 50.1128 -6.63879 255 191 0
17.2544 -22.2365 -13.5013 255 191 0
20.6557 38.3182 -2.01073 255 191 0
6.98903 10.2181 1.55838 255 191 0
14.4153 -21.6125 -8.70535 255 191 0
8.74445 -1.33885 -2.0046 255 191 0
15.3256 -17.1019 -9.92884 255 191 0
22.6676 18.4824 0.766423 255 191 0
8.48684 -5.57461 -6.85574 255 191 0
11.4682 -22.3828 -6.75442 255 191 0
11.6157 -19.953 -7.23079 255 191 0
13.7075 51.4233 -6.38641 255 191 0
17.0728 28.2379 -2.00564 255 191 0
17.8276 -29.101 -11.4791 255 191 0
11.2882 -0.693175 2.10892 255 191 0
11.0437 -11.6172 -12.0173 255 191 0
13.3034 11.0288 7.19741 255 191 0
6.60424 13.2303 0.560408 255 191 0
16.4871 -23.5241 -9.54842 255 191 0
17.4318 44.7493 -3.84369 255 191 0
18.971 51.1154 -9.98661 255 191 0
13.9819 16.7687 5.22039 255 191 0
9.39328 -9.88259 -11.8403 255 191 0
18.9408 22.4703 3.46364 255 191 0
20.3981 0.175603 8.94287 255 191 0
22.4494 44.105 -4.96926 255 191 0
20.6711 49.9862 -6.46017 255 191 0
3.43075 -6.78357 -5.56502 255 191 0
15.6624 49.9987 -8.99076 255 191 0
20.694 1.01881 8.00192 255 191 0
3.41806 -8.76207 -6.86548 255 191 0
12.2823 19.6554 4.46891 255 191 0
22.0511 32.1415 -4.66298 255 191 0
16.7353 -17.1863 -12.2315 255 191 0
11.0842 37.5155 -4.66105 255 191 0
11.0815 -10.3022 4.12599 255 191 0
5.06997 -12.9701 -10.4458 255 191 0
5.39401 -16.8656 -9.84301 255 191 0
10.9422 -13.8755 -7.88861 255 191 0
9.30751 15.455 3.26229 255 191 0
11.8496 17.435 4.87882 255 191 0
6.75654 -21.939 -9.61348 255 191 0
19.5574 47.5579 -5.12632 255 191 0
5.972 -2.12573 -8.39245 255 191 0
7.31596 15.7005 1.061 255 191 0
10.7916 10.3431 -1.12828 255 191 0
14.6149 -31.5923 -11.8749 255 191 0
4.2392 -2.09812 -1.9797 255 191 0
16.2825 43.0603 -3.29078 255 191 0
17.089 -19.8714 -10.7728 255 191 0
18.9604 18.7548 4.64947 255 191 0
15.3244 -31.078 -8.39374 255 191 0
13.5092 -24.5943 -12.7886 255 191 0
8.57733 -3.35016 6.085 255 191 0
12.3664 46.6578 -5.85999 255 191 0
13.7243 17.9341 4.77804 255 191 0
11.3313 35.0159 -3.05189 255 191 0
14.5541 -31.4625 -7.45231 255 191 0
10.1791 -25.5916 -11.2815 255 191 0
9.97407 5.32813 5.91677 255 191 0
14.8013 18.4464 4.59346 255 191 0
11.3171 18.2876 4.3152 255 191 0
10.9312 -5.91574 7.13544 255 191 0
10.0212 -27.7242 -10.8193 255 191 0
7.97891 -23.8051 -2.79468 255 191 0
17.0016 -18.9711 -10.1746 255 191 0
10.5538 23.7764 0.209919 255 191 0
18.7617 1.15515 10.1005 255 191 0
9.12758 6.75736 -3.07456 255 191 0
15.3802 55.6594 -7.65451 255 191 0
22.4574 17.5412 3.9961 255 191 0
16.1471 41.8304 -6.53895 255 191 0
14.9335 20.313 3.90422 255 191 0
11.6904 -2.74052 3.18795 255 191 0
6.05184 -21.6097 -3.08029 255 191 0
12.9961 41.5864 -7.00709 255 191 0
12.2824 -12.1736 -12.0644 255 191 0
9.37136 22.3517 1.84561 255 191 0
17.7504 50.7848 -9.4553 255 191 0
21.6193 36.0412 -1.51734 255 191 0
19.7566 2.09315 10.1316 255 191 0
13.3312 -18.0473 -13.7213 255 191 0
19.8521 21.5299 3.70338 255 191 0
18.4981 -24.4081 -13.0389 255 191 0
13.7418 -5.04978 5.61064 255 191 0
17.7202 17.1522 5.03183 255 191 0
18.1842 0.97085 6.50945 255 191 0
11.0046 5.4629 6.82688 255 191 0
17.6601 -28.0329 -11.5788 255 191 0
21.1592 32.539 -4.33709 255 191 0
8.31717 -13.9495 -3.0816 255 191 0
14.1636 34.6133 -0.977722 255 191 0
10.2597 31.1279 -5.03121 255 191 0
7.63904 -7.82763 5.69138 255 191 0
11.535 0.280526 7.49332 255 191 0
6.52209 11.035 0.790703 255 191 0
14.6934 -26.4529 -12.7493 255 191 0
6.4481 -14.3665 1.92403 255 191 0
15.7088 -5.71832 8.59277 255 191 0
12.8779 -18.0817 -8.40388 255 191 0
3.54105 -16.7741 -5.6981 255 191 0
11.5235 43.5885 -7.7765 255 191 0
8.70325 19.0047 -4.63822 255 191 0
8.35377 -17.5759 -1.55575 255 191 0
17.1596 -30.7465 -12.2905 255 191 0
8.35943 -3.88448 -2.59591 255 191 0
8.87444 -4.71851 -7.70197 255 191 0
17.3706 -18.2099 -12.5085 255 191 0
11.9364 9.29613 0.392997 255 191 0
19.9956 -4.9451 9.69595 255 191 0
10.7476 33.1828 -6.26853 255 191 0
19.0689 53.0161 -8.81609 255 191 0
15.8123 2.68542 5.04894 255 191 0
23.5746 38.9886 -8.02317 255 191 0
13.2488 -28.3443 -6.78743 255 191 0
9.65054 7.51297 -2.21738 255 191 0
18.8005 36.6733 -4.85351 255 191 0
3.57233 -10.7341 -4.17703 255 191 0
10.2567 3.63248 -0.368665 255 191 0
8.10968 -3.26797 -6.10039 255 191 0
12.8658 -23.4188 -12.794 255 191 0
16.1075 1.56971 5.47569 255 191 0
8.17107 -2.39026 -7.24803 255 191 0
8.30313 -24.4263 -4.02789 255 191 0
17.4573 -0.0511793 6.53618 255 191 0
8.98069 10.5292 -4.16998 255 191 0
20.7293 9.90886 7.52151 255 191 0
23.9122 38.6174 -6.76331 255 191 0
10.6283 -8.70946 -8.80073 255 191 0
11.7652 -7.70914 4.53719 255 191 0
14.925 15.5305 1.1678 255 191 0
18.5905 42.2115 -6.62725 255 191 0
23.1566 22.0334 0.934507 255 191 0
18.5581 30.6159 0.890382 255 191 0
8.06278 -6.62052 6.02551 255 191 0
11.7115 0.499131 2.19258 255 191 0
5.25014 -11.9965 2.00565 255 191 0
9.14625 13.6777 -4.49896 255 191 0
16.1755 56.1504 -10.2946 255 191 0
4.50121 -7.51533 -9.79878 255 191 0
18.0728 29.8259 -2.56645 255 191 0
11.0043 -27.8521 -11.5116 255 191 0
7.83475 -23.2693 -10.0718 255 191 0
7.11859 -1.82565 3.86479 255 191 0
20.9245 8.7613 7.85998 255 191 0
19.2777 28.6086 1.49238 255 191 0
11.1836 33.0403 -2.53109 255 191 0
13.0068 -23.2654 -7.59126 255 191 0
23.5869 47.9763 -8.95635 255 191 0
12.6635 4.67374 7.32858 255 191 0
16.7575 38.4057 -5.38772 255 191 0
22.9823 24.3259 1.95902 255 191 0
10.9305 -29.3178 -8.77418 255 191 0
9.44952 -27.1587 -7.36378 255 191 0
7.76693 3.99139 -7.25599 255 191 0
8.51145 -2.95194 -8.90127 255 191 0
18.6416 44.8336 -3.95017 255 191 0
12.2089 -3.05131 7.59231 255 191 0
10.0003 27.7482 -5.99499 255 191 0
6.92995 -8.31497 4.67534 255 191 0
21.5333 46.7985 -9.49853 255 191 0
9.41422 12.7286 -3.79669 255 191 0
3.90661 -15.79 -1.63313 255 191 0
17.0779 -32.6799 -11.7969 255 191 0
23.5339 30.6285 -0.483531 255 191 0
5.72298 7.34975 -5.53049 255 191 0
14.1679 45.2138 -4.3559 255 191 0
8.90663 -9.90954 0.155895 255 191 0
8.69255 -3.59284 -1.50165 255 191 0
8.91682 -12.7113 -5.52331 255 191 0
16.1803 -31.7515 -10.2272 255 191 0
15.5969 -1.50422 6.05308 255 191 0
9.5449 6.06902 -2.08445 255 191 0
7.86735 -3.16019 5.14839 255 191 0
12.5286 -7.23898 5.1581 255 191 0
12.2729 32.8758 -0.413902 255 191 0
17.7472 29.7223 1.14788 255 191 0
6.47721 -20.46 -9.63991 255 191 0
3.65256 1.22943 -4.32339 255 191 0
18.2584 51.4636 -6.32274 255 191 0
14.5724 -20.3834 -13.583 255 191 0
12.3703 -31.3241 -9.23509 255 191 0
23.0998 35.7955 -2.09595 255 191 0
14.7298 28.347 1.0875 255 191 0
20.2411 35.0662 -0.796221 255 191 0
3.97262 -1.18808 -6.9171 255 191 0
21.2016 41.7716 -3.44714 255 191 0
14.9479 5.92924 7.69318 255 191 0
8.10672 1.39018 -5.17957 255 191 0
10.8961 36.5352 -4.99127 255 191 0
7.41785 -18.7599 -0.716962 255 191 0
17.1795 1.28957 6.04317 255 191 0
9.90261 -2.50776 0.658896 255 191 0
18.1547 13.7559 2.66641 255 191 0
12.3729 29.3144 0.9977 255 191 0
6.69826 1.41784 -7.54537 255 191 0
6.19169 -19.373 -9.72175 255 191 0
16.0654 -15.4491 -10.965 255 191 0
16.1259 28.5323 1.33233 255 191 0
9.69014 14.172 3.87974 255 191 0
15.3656 -7.14959 7.98066 255 191 0
10.8235 -23.6545 -11.9778 255 191 0
6.01845 0.324725 -7.46002 255 191 0
17.4665 50.4607 -5.87449 255 191 0
13.7607 38.3855 -2.05179 255 191 0
9.30009 -17.284 -5.55875 255 191 0
24.1497 30.7857 -4.94287 255 191 0
8.66582 -23.1321 -3.73523 255 191 0
18.2112 48.0311 -5.05543 255 191 0
10.8242 -12.2433 4.25234 255 191 0
13.998 43.9676 -3.99271 255 191 0
18.4403 34.905 -4.26629 255 191 0
11.5107 23.902 -3.46432 255 191 0
19.5291 -2.76781 10.4948 255 191 0
3.63481 -2.23524 -5.60662 255 191 0
12.9958 -16.5328 -8.80355 255 191 0
17.0472 26.7688 -1.52881 255 191 0
18.8479 33.3405 -0.013499 255 191 0
18.1426 35.2055 -0.604324 255 191 0
23.111 24.5272 -2.36318 255 191 0
3.6525 -19.3239 -5.89043 255 191 0
20.8625 16.7787 5.24107 255 191 0
23.7491 26.2019 -1.95497 255 191 0
19.0564 5.90036 5.30699 255 191 0
10.8844 23.9113 2.74992 255 191 0
24.3669 31.9217 -2.78535 255 191 0
23.9066 39.4516 -4.06923 255 191 0
5.82111 2.61108 1.01369 255 191 0
13.0785 48.1529 -5.48362 255 191 0
4.16364 7.14441 -3.22213 255 191 0
15.1898 4.25629 4.29643 255 191 0
8.78796 -17.5247 -4.67248 255 191 0
8.92384 -10.9962 -5.78025 255 191 0
14.6518 29.3457 0.787588 255 191 0
5.19677 7.08311 -0.803082 255 191 0
18.0046 49.6503 -9.09111 255 191 0
11.4318 28.3767 -0.209804 255 191 0
15.5221 46.1616 -7.81966 255 191 0
9.73393 25.6224 -5.95403 255 191 0
16.1191 -28.2768 -12.6144 255 191 0
18.5703 -23.2706 -12.8453 255 191 0
3.57011 4.64354 -4.95102 255 191 0
22.422 17.4565 0.92621 255 191 0
23.0021 28.3037 0.607384 255 191 0
12.452 -13.0474 -9.29025 255 191 0
21.4967 47.7533 -5.93283 255 191 0
4.97238 13.8462 -2.35771 255 191 0
9.78983 9.20855 4.9907 255 191 0
17.2908 18.7445 0.990172 255 191 0
20.8428 35.8735 -5.32108 255 191 0
6.9954 4.89721 -7.04193 255 191 0
16.138 4.67093 4.63647 255 191 0
15.4571 -16.9507 -13.2418 255 191 0
19.0836 14.6187 2.54497 255 191 0
5.47562 -4.86546 1.41628 255 191 0
15.2132 -26.7734 -8.16804 255 191 0
16.9186 7.82466 4.12657 255 191 0
12.842 14.8524 6.08944 255 191 0
6.95035 14.4337 -4.63499 255 191 0
16.0199 5.57669 8.23201 255 191 0
24.421 33.6322 -3.14503 255 191 0
24.2037 37.056 -5.00639 255 191 0
13.0495 46.4301 -8.18738 255 191 0
11.3058 -18.7134 -7.20596 255 191 0
16.7641 -29.0694 -10.6279 255 191 0
22.5817 48.662 -9.15103 255 191 0
9.4292 20.0597 2.43786 255 191 0
11.2035 39.8174 -5.64618 255 191 0
15.6665 12.9924 6.81059 255 191 0
23.2718 26.6051 1.05047 255 191 0
13.9056 -27.2176 -12.5462 255 191 0
4.62111 9.66216 -3.85953 255 191 0
6.44231 -3.99071 3.14178 255 191 0
16.5523 1.52844 8.99541 255 191 0
6.13735 3.34811 -6.92008 255 191 0
11.5534 -13.1789 -8.54624 255 191 0
8.7239 -4.28249 -9.38826 255 191 0
10.5735 -8.75164 3.1811 255 191 0
11.7887 46.3172 -7.63318 255 191 0
14.5809 25.5773 -1.80338 255 191 0
11.7283 -23.0799 -12.4853 255 191 0
17.0182 23.8609 2.89374 255 191 0
6.28305 -5.305 3.05621 255 191 0
22.2027 16.6754 4.91657 255 191 0
21.1629 21.2937 3.56081 255 191 0
9.9985 22.6881 0.301494 255 191 0
4.06528 -19.1067 -7.41313 255 191 0
9.66828 -26.5979 -10.764 255 191 0
13.9713 15.6914 5.62708 255 191 0
21.5906 40.8517 -7.53045 255 191 0
15.9769 -23.9223 -13.2056 255 191 0
17.2002 -19.5141 -13.5082 255 191 0
14.971 11.5297 2.26711 255 191 0
10.3162 25.2801 -1.24894 255 191 0
15.9552 36.9163 -4.98387 255 191 0
6.76655 7.01385 -6.55459 255 191 0
18.3593 12.5982 3.09162 255 191 0
23.8478 47.2494 -8.03349 255 191 0
7.48664 7.32329 2.77663 255 191 0
9.48456 22.4107 -0.90842 255 191 0
19.4052 26.1115 2.27334 255 191 0
16.2621 46.5236 -4.4852 255 191 0
20.4957 -3.24142 8.00137 255 191 0
12.5519 53.2664 -9.03782 255 191 0
11.9784 48.5024 -8.4625 255 191 0
8.34764 -12.5263 -2.32665 255 191 0
11.0964 16.2478 4.63139 255 191 0
14.2387 16.7286 0.475778 255 191 0
9.90388 -23.9119 -4.9009 255 191 0
12.3676 51.6339 -8.63641 255 191 0
7.9937 -10.0743 4.91582 255 191 0
8.19734 -7.45034 -2.38858 255 191 0
13.9569 -33.2164 -7.46379 255 191 0
10.1476 15.1239 4.11944 255 191 0
19.6407 15.304 5.68887 255 191 0
16.0562 -26.0952 -12.9027 255 191 0
22.463 34.7371 -1.38411 255 191 0
23.5134 24.5921 -0.298402 255 191 0
7.81594 -0.332854 4.5766 255 191 0
4.41057 -0.78774 -1.65555 255 191 0
14.1657 37.3553 -5.38872 255 191 0
10.6848 21.6039 3.11198 255 191 0
10.7897 7.6473 6.20027 255 191 0
6.04974 11.1961 -4.6053 255 191 0
4.75189 1.22413 -1.01526 255 191 0
10.2713 26.7755 -2.28113 255 191 0
4.33846 1.62006 -2.11872 255 191 0
4.73586 6.67436 -4.90427 255 191 0
10.9218 -8.10626 6.57004 255 191 0
19.9855 38.6019 -5.90332 255 191 0
16.8328 2.69902 5.51668 255 191 0
4.77574 2.41338 -1.11007 255 191 0
16.1386 -6.03129 7.39925 255 191 0
9.87144 -11.5729 2.35748 255 191 0
13.9713 13.9317 6.47368 255 191 0
24.4576 34.2671 -4.72568 255 191 0
8.92116 -9.01476 -11.4883 255 191 0
9.74386 7.84092 5.20094 255 191 0
3.70318 -14.2404 -7.59691 255 191 0
20.5506 14.4682 2.32564 255 191 0
5.39868 8.71659 -0.714876 255 191 0
7.62618 -21.1493 -10.2186 255 191 0
19.9121 33.3022 -4.0972 255 191 0
4.78097 -11.8722 -10.4672 255 191 0
17.4887 -4.38858 9.18333 255 191 0
14.0969 -27.8181 -7.43655 255 191 0
18.0899 -21.3885 -12.4489 255 191 0
20.8677 14.7456 5.95344 255 191 0
16.3813 -3.76442 8.99125 255 191 0
4.79665 -9.93424 -10.7381 255 191 0
9.74983 21.8451 -5.1426 255 191 0
10.3811 16.3785 -2.98211 255 191 0
18.5703 19.944 4.27074 255 191 0
4.72036 10.0751 -2.25391 255 191 0
10.688 24.2953 1.78778 255 191 0
24.3713 32.0541 -4.70165 255 191 0
7.03213 4.45892 2.62802 255 191 0
11.1086 22.8969 -3.72924 255 191 0
3.46914 -11.0429 -5.28583 255 191 0
20.8377 26.4944 -2.12096 255 191 0
12.1426 43.7821 -5.16927 255 191 0
14.551 48.1988 -8.59783 255 191 0
21.5261 39.5076 -2.71547 255 191 0
17.1109 42.7455 -6.65763 255 191 0
10.6278 -23.8974 -5.71123 255 191 0
18.5138 -25.4574 -12.508 255 191 0
10.3455 32.4957 -5.42163 255 191 0
20.147 44.2643 -4.04474 255 191 0
4.30585 -5.92878 -1.36895 255 191 0
7.60573 17.6747 1.05932 255 191 0
7.98942 -25.4719 -5.85561 255 191 0
17.9834 6.11814 5.05873 255 191 0
17.5779 6.99766 4.69388 255 191 0
12.8981 -3.68279 7.97163 255 191 0
15.3685 -29.6786 -8.23241 255 191 0
21.9011 37.6694 -6.57067 255 191 0
23.9493 31.9843 -1.21115 255 191 0
4.46042 0.394527 -1.67429 255 191 0
9.15666 20.0791 -5.30824 255 191 0
11.624 -29.3116 -7.56267 255 191 0
9.76717 -20.9653 -5.36521 255 191 0
8.47362 5.29853 -4.3822 255 191 0
13.3493 -13.8524 -12.6181 255 191 0
4.85218 -9.30786 0.558014 255 191 0
23.0097 20.9916 0.314015 255 191 0
13.1203 -15.3172 -9.073 255 191 0
8.47033 6.83394 4.03548 255 191 0
12.5144 22.2294 -2.13342 255 191 0
15.7773 27.4854 1.59045 255 191 0
3.45519 -6.80609 -8.10002 255 191 0
3.79561 -12.628 -8.42196 255 191 0
14.1163 13.3887 1.27766 255 191 0
5.36773 -24.8397 -6.55409 255 191 0
21.8719 28.6984 0.926175 255 191 0
3.6665 -12.709 -3.35043 255 191 0
5.11673 -1.6748 0.217625 255 191 0
16.9496 -20.989 -10.4465 255 191 0
17.5651 41.9552 -2.86104 255 191 0
12.0183 11.4203 -0.0280115 255 191 0
6.05892 6.00943 -6.24603 255 191 0
22.0815 18.4748 4.91415 255 191 0
18.0994 46.1095 -7.87427 255 191 0
3.50471 -14.8289 -5.54212 255 191 0
13.2134 -12.2041 -9.82673 255 191 0
15.0133 23.7872 -1.12416 255 191 0
10.89 25.8513 -0.223599 255 191 0
16.7351 40.1451 -2.28228 255 191 0
17.3963 19.4116 4.33294 255 191 0
16.3381 9.33624 7.85267 255 191 0
24.344 31.3673 -3.72795 255 191 0
5.86167 5.72813 0.605763 255 191 0
4.75176 6.59173 -1.68651 255 191 0
4.9016 -22.831 -4.40015 255 191 0
20.0586 3.21656 9.68654 255 191 0
20.9699 51.3694 -8.33433 255 191 0
9.52392 4.28938 5.6737 255 191 0
13.6427 -2.13463 4.86564 255 191 0
16.5516 49.6477 -5.57473 255 191 0
21.6977 9.47999 5.5367 255 191 0
20.4431 -1.00256 8.65444 255 191 0
12.1311 -10.5124 -9.63619 255 191 0
8.06618 1.61136 4.53414 255 191 0
8.39838 -1.29167 -8.2473 255 191 0
3.50534 -15.951 -4.92031 255 191 0
19.1279 22.5771 -0.236033 255 191 0
16.7116 4.53904 8.6676 255 191 0
8.12187 -1.46796 -4.68089 255 191 0
16.4539 54.7968 -7.34954 255 191 0
17.261 15.8938 1.89168 255 191 0
15.1306 49.826 -5.70742 255 191 0
10.3223 12.941 4.73638 255 191 0
10.2066 -5.91217 -9.10027 255 191 0
15.7649 19.264 4.20451 255 191 0
16.4695 32.6872 -3.55249 255 191 0
15.7359 27.7097 -2.03663 255 191 0
13.2098 -7.61949 6.15028 255 191 0
21.375 21.2069 -0.160336 255 191 0
8.73945 9.5445 -4.52612 255 191 0
7.1014 19.8772 -0.5254 255 191 0
11.3129 -26.6322 -11.8307 255 191 0
24.4048 35.1565 -5.65085 255 191 0
21.6357 11.7004 6.35022 255 191 0
21.9237 25.539 -2.269 255 191 0
5.44321 -14.9661 -10.2379 255 191 0
22.037 29.5268 -3.41377 255 191 0
8.92869 -7.27145 -7.02111 255 191 0
16.8805 51.5192 -9.54067 255 191 0
9.80578 -14.1965 -6.63644 255 191 0
8.7344 -8.85074 -0.463789 255 191 0
17.7963 24.783 2.68307 255 191 0
10.6834 -1.51987 7.06635 255 191 0
11.7362 -10.7768 5.13499 255 191 0
19.5204 26.2897 -1.61945 255 191 0
15.4138 35.1794 -4.47437 255 191 0
20.1428 40.3293 -2.61084 255 191 0
15.7407 24.7599 -1.20185 255 191 0
18.7941 33.7641 -3.94454 255 191 0
9.12628 -6.83129 6.27294 255 191 0
17.7194 -20.9836 -13.7093 255 191 0
19.8132 45.6828 -4.47519 255 191 0
18.1101 40.0055 -2.21807 255 191 0
13.0123 -8.16491 7.2438 255 191 0
12.8969 43.5796 -3.73963 255 191 0
15.1078 -6.38066 6.97685 255 191 0
11.9497 11.648 6.27031 255 191 0
7.83608 16.5395 -5.21953 255 191 0
21.3226 13.7203 2.41547 255 191 0
16.7794 -5.88269 8.78871 255 191 0
10.2852 17.9304 3.61689 255 191 0
10.9489 37.9272 -5.68864 255 191 0
17.2056 46.7095 -7.95352 255 191 0
10.1581 15.2001 -3.11024 255 191 0
19.0418 34.6942 -0.483996 255 191 0
16.6344 -30.7394 -10.3142 255 191 0
10.8615 17.3094 -2.68005 255 191 0
4.90674 -19.2398 -1.87165 255 191 0
9.16757 -8.4811 -7.19897 255 191 0
13.2338 3.1755 3.12921 255 191 0
17.4663 8.10074 8.21008 255 191 0
18.5708 -26.4936 -12.6975 255 191 0
18.5905 2.73158 9.82601 255 191 0
3.34843 -4.82646 -6.55998 255 191 0
3.50603 -12.6424 -4.72236 255 191 0
17.3775 48.6644 -5.23639 255 191 0
12.4454 -8.40613 5.3967 255 191 0
7.68096 11.6979 -6.46997 255 191 0
9.9128 28.1607 -4.5911 255 191 0
11.372 8.15086 0.00413686 255 191 0
9.70961 3.10165 -1.21833 255 191 0
14.5224 39.1824 -2.34426 255 191 0
16.0187 47.7133 -8.24853 255 191 0
14.1334 -30.1783 -7.16361 255 191 0
10.9597 -2.80314 7.2189 255 191 0
23.5004 43.7382 -5.53135 255 191 0
14.943 40.261 -6.22614 255 191 0
18.9961 25.0048 2.64959 255 191 0
17.8573 54.4085 -8.95026 255 191 0
14.5492 -2.11771 8.44919 255 191 0
13.1554 -7.06464 7.58834 255 191 0
8.06498 -7.27308 -4.66494 255 191 0
24.3711 33.0328 -5.29639 255 191 0
16.7521 -25.0331 -13.0636 255 191 0
20.772 33.6356 -0.43299 255 191 0
18.9338 25.2454 -1.16677 255 191 0
9.80599 -10.5636 2.09566 255 191 0
21.7836 22.8488 2.89155 255 191 0
12.3824 28.2209 1.39773 255 191 0
22.5182 30.794 -0.0248409 255 191 0
12.3423 -30.1359 -7.41114 255 191 0
6.19484 8.30229 0.745987 255 191 0
11.3853 -10.9801 -8.8885 255 191 0
15.4632 36.7988 -1.38222 255 191 0
15.5636 -20.5466 -9.18544 255 191 0
12.2582 -29.9847 -11.5517 255 191 0
4.3851 -17.3444 -0.81461 255 191 0
21.8237 24.3901 2.37465 255 191 0
9.39634 11.5623 -3.55206 255 191 0
20.7917 43.1313 -3.82293 255 191 0
12.7746 36.0211 -5.58004 255 191 0
12.0516 -19.3251 -13.1544 255 191 0
3.58123 -17.5438 -3.46958 255 191 0
14.3488 35.8153 -1.30843 255 191 0
8.30959 15.9501 -6.10504 255 191 0
21.7933 50.4407 -7.89284 255 191 0
16.7311 11.7273 7.17977 255 191 0
17.8256 39.6384 -5.70194 255 191 0
8.94513 -21.5445 -4.39235 255 191 0
12.024 10.5732 6.55903 255 191 0
3.71301 -10.6527 -8.64358 255 191 0
18.2347 -3.70423 7.77753 255 191 0
5.45454 -20.6194 -9.0779 255 191 0
19.4596 35.8596 -4.77901 255 191 0
23.1851 43.5646 -9.26649 255 191 0
20.9789 25.3235 2.29605 255 191 0
7.69271 10.3444 2.475 255 191 0
5.31248 -13.7537 2.13373 255 191 0
9.63342 26.8066 -5.83345 255 191 0
7.18866 16.0984 -2.78797 255 191 0
23.6363 33.8325 -1.71524 255 191 0
8.12138 -9.55161 -3.50763 255 191 0
4.20124 5.88813 -2.95675 255 191 0
16.4206 31.7865 0.385994 255 191 0
6.5094 13.5846 -3.84479 255 191 0
17.2994 -28.3447 -12.5855 255 191 0
9.48823 -5.74129 -8.29119 255 191 0
23.6012 45.2151 -8.39503 255 191 0
14.9044 36.3315 -4.89771 255 191 0
4.42791 -14.7003 0.181458 255 191 0
8.54008 19.3146 1.7372 255 191 0
4.93938 -20.167 -2.69527 255 191 0
21.6595 49.8784 -9.14545 255 191 0
8.83291 3.49597 5.08564 255 191 0
23.8727 46.1405 -7.49404 255 191 0
7.07364 10.1263 -6.28198 255 191 0
8.29109 -12.1292 -3.31911 255 191 0
20.7304 5.63365 8.35873 255 191 0
9.53691 8.58213 -2.57876 255 191 0
8.01358 -4.94419 -9.91215 255 191 0
6.74028 -11.2613 4.10653 255 191 0
7.85581 14.3792 1.92293 255 191 0
12.0642 12.9892 -0.352418 255 191 0
23.9858 39.7539 -5.22303 255 191 0
8.43096 -13.2893 -1.54974 255 191 0
8.44089 -11.1865 -1.34817 255 191 0
8.67152 20.8992 -2.61206 255 191 0
16.5555 -1.31262 6.51965 255 191 0
11.7407 39.4215 -3.68523 255 191 0
23.3161 41.7048 -8.48495 255 191 0
10.9199 29.8522 -1.77644 255 191 0
20.8555 1.81868 7.29842 255 191 0
7.86684 -14.9113 2.20119 255 191 0
6.9905 -5.35962 -10.1344 255 191 0
16.15 31.1219 -3.04147 255 191 0
6.95984 -15.4826 -10.9629 255 191 0
13.9894 22.5445 3.21309 255 191 0
11.4571 15.0555 5.17312 255 191 0
8.97339 -11.3297 0.370834 255 191 0
12.2924 47.7321 -6.56837 255 191 0
19.4074 27.4414 1.8573 255 191 0
11.2455 29.1838 -0.896731 255 191 0
14.9201 7.67384 3.10756 255 191 0
13.3099 -0.177027 3.98942 255 191 0
21.7667 10.6943 5.65801 255 191 0
8.13429 -0.363239 -7.31506 255 191 0
17.1792 -23.7515 -13.2548 255 191 0
10.5675 13.5345 -2.24422 255 191 0
21.2218 44.9284 -4.66792 255 191 0
6.08974 -16.0378 -10.3479 255 191 0
21.3342 10.7983 7.22782 255 191 0
9.25458 25.218 -4.67227 255 191 0
14.9195 38.0623 -5.5079 255 191 0
6.81832 -7.32997 4.3237 255 191 0
9.66937 18.9045 2.89105 255 191 0
8.26554 13.3753 2.58428 255 191 0
11.3388 38.6721 -4.45423 255 191 0
10.1163 -1.16751 0.526556 255 191 0
10.1689 0.154725 0.295665 255 191 0
13.4939 42.6165 -7.22217 255 191 0
9.28219 4.78383 -2.27666 255 191 0
14.5808 10.5355 7.36225 255 191 0
11.7171 -29.7288 -10.6699 255 191 0
11.9591 -17.9844 -7.86358 255 191 0
9.45354 -9.47225 1.25799 255 191 0
18.9521 16.1823 2.04027 255 191 0
4.59523 -20.2529 -8.36676 255 191 0
3.58996 -18.6463 -3.18695 255 191 0
5.61912 4.10623 0.409781 255 191 0
7.61997 16.8834 -3.807 255 191 0
17.6731 18.2081 4.71632 255 191 0
19.2781 -5.92281 9.113 255 191 0
17.4745 33.8722 -0.177731 255 191 0
4.54617 4.4873 -1.90967 255 191 0
12.7899 24.5045 -2.52208 255 191 0
23.6321 43.4403 -7.91724 255 191 0
5.58858 -1.85472 1.22521 255 191 0
18.5152 4.63079 9.5067 255 191 0
7.49931 12.9992 1.77348 255 191 0
15.5943 -2.7241 8.65938 255 191 0
10.955 -4.34056 2.83532 255 191 0
11.8822 37.0425 -2.61094 255 191 0
3.79304 6.0632 -4.16077 255 191 0
3.63019 -0.581809 -5.39253 255 191 0
11.8454 27.1491 0.915318 255 191 0
22.8877 38.0655 -7.42908 255 191 0
14.2606 43.9625 -7.42116 255 191 0
8.39932 -6.5873 -1.61489 255 191 0
8.49599 -9.74578 -5.10781 255 191 0
11.2751 -26.4938 -5.67441 255 191 0
14.5193 8.14892 7.6609 255 191 0
12.4997 -16.3314 -13.4156 255 191 0
9.28956 -10.4824 1.03277 255 191 0
14.2572 9.02342 2.51441 255 191 0
17.2196 20.5147 3.97265 255 191 0
4.80227 -8.50022 -10.2786 255 191 0
15.4929 53.7703 -6.99621 255 191 0
16.6835 56.0025 -7.8788 255 191 0
18.5094 52.5159 -6.76596 255 191 0
19.6998 20.4506 4.05752 255 191 0
19.9717 1.00687 9.90928 255 191 0
24.3298 36.4368 -3.68376 255 191 0
19.2323 49.6282 -9.52107 255 191 0
12.1256 25.5481 -3.27721 255 191 0
4.02938 -0.0345934 -2.83524 255 191 0
3.52944 -7.80701 -4.64809 255 191 0
16.5037 11.2772 3.04887 255 191 0
13.4626 25.5406 -2.40477 255 191 0
19.3901 4.36656 5.79067 255 191 0
21.8362 12.9206 5.88432 255 191 0
11.838 17.3993 -1.57125 255 191 0
11.2185 41.0357 -6.50554 255 191 0
13.4718 38.7088 -6.0475 255 191 0
11.6724 2.13957 1.73695 255 191 0
6.36512 9.85958 0.74549 255 191 0
16.792 6.97341 8.18368 255 191 0
13.2631 13.6645 0.55428 255 191 0
13.1035 2.05965 7.66956 255 191 0
7.62682 20.7343 -1.45596 255 191 0
11.8022 22.7565 -2.93136 255 191 0
4.44448 -7.20334 -0.808753 255 191 0
6.99621 -22.0717 -2.55335 255 191 0
17.665 -22.5921 -12.1102 255 191 0
5.33536 10.4747 -3.95516 255 191 0
20.6449 28.5849 1.30023 255 191 0
4.65212 -4.01919 -0.59103 255 191 0
11.9246 -30.4539 -8.4176 255 191 0
14.0505 -23.339 -13.064 255 191 0
11.0808 9.56087 -0.46067 255 191 0
11.8575 -9.20832 4.97509 255 191 0
23.1569 38.8254 -3.27297 255 191 0
14.9466 5.32139 3.78721 255 191 0
13.305 47.9815 -8.63491 255 191 0
16.3681 -2.55697 6.75795 255 191 0
15.9633 21.6089 -0.149467 255 191 0
3.76113 -17.0273 -7.00178 255 191 0
14.0516 33.1096 -4.23006 255 191 0
20.7736 2.39075 6.30237 255 191 0
10.2549 -28.4149 -9.70918 255 191 0
4.95117 0.957832 -6.67486 255 191 0
8.88884 -9.28295 -6.08103 255 191 0
9.14565 22.5064 -2.41759 255 191 0
14.2173 6.55592 2.81413 255 191 0
15.8798 44.0194 -7.17184 255 191 0
23.213 40.3229 -8.47864 255 191 0
6.62084 -17.1921 -10.3138 255 191 0
10.017 24.3537 -1.96313 255 191 0
12.3415 -13.0478 -12.5956 255 191 0
12.8413 12.4171 0.498347 255 191 0
8.82635 -18.7614 -4.62104 255 191 0
11.7808 29.322 0.0844841 255 191 0
14.1482 46.1415 -8.02426 255 191 0
8.03257 -0.737458 -6.33308 255 191 0
23.0775 22.7003 1.95956 255 191 0
9.45714 16.0798 -4.54984 255 191 0
12.2822 -26.7908 -6.32051 255 191 0
15.2489 45.6307 -4.27538 255 191 0
15.3336 10.2718 2.79407 255 191 0
9.35972 -9.59806 -7.20488 255 191 0
8.07181 -2.19172 -6.19712 255 191 0
12.4115 41.9289 -3.56948 255 191 0
23.8823 37.7892 -3.3566 255 191 0
7.51823 -5.44045 5.0806 255 191 0
8.47438 12.7898 -5.68458 255 191 0
21.2332 27.4767 -2.61618 255 191 0
14.3244 30.6436 0.309006 255 191 0
15.1075 -32.3876 -11.0991 255 191 0
18.3939 20.9236 3.95437 255 191 0
8.81364 -5.78372 6.22361 255 191 0
18.1471 53.3045 -9.73368 255 191 0
19.9101 14.0122 6.08535 255 191 0
10.6663 27.0514 -5.14719 255 191 0
10.9501 -21.022 -12.4632 255 191 0
21.3676 8.5299 6.77774 255 191 0
8.40706 -18.5497 -0.416068 255 191 0
16.7099 39.7282 -5.80628 255 191 0
15.5307 25.8489 2.01251 255 191 0
16.5135 37.5671 -1.45226 255 191 0
8.04045 4.89034 3.89347 255 191 0
4.1769 -11.3036 -9.73061 255 191 0
8.95424 -25.8068 -5.45039 255 191 0
17.25 53.696 -7.00845 255 191 0
11.7068 13.6034 5.6773 255 191 0
17.5814 34.036 -3.98267 255 191 0
3.85037 -10.2978 -2.65382 255 191 0
13.3792 -25.7478 -7.33239 255 191 0
8.63986 6.74003 -4.17461 255 191 0
10.4157 -10.173 3.11291 255 191 0
24.237 30.6083 -2.35941 255 191 0
8.01787 20.7745 0.200659 255 191 0
3.66761 -0.55687 -4.13807 255 191 0
18.1732 -2.3331 7.38889 255 191 0
17.1956 28.2847 1.56456 255 191 0
12.0123 32.8628 -5.18118 255 191 0
20.2394 43.2873 -7.62794 255 191 0
16.3701 26.4563 2.00161 255 191 0
8.60406 -7.39519 -10.7791 255 191 0
12.3916 -26.0044 -12.3204 255 191 0
12.6165 -22.0269 -12.9266 255 191 0
13.5322 -2.65595 8.20706 255 191 0
21.3912 22.4517 -0.692728 255 191 0
13.8649 23.8771 2.84324 255 191 0
14.9751 17.2853 4.99344 255 191 0
10.7083 25.7708 -4.82722 255 191 0
12.3339 49.0063 -7.11283 255 191 0
11.7416 -21.0159 -7.20162 255 191 0
8.1266 10.2657 -6.02614 255 191 0
14.2717 4.15633 3.71211 255 191 0
21.0996 9.00064 4.07234 255 191 0
8.05192 -6.89143 -3.43737 255 191 0
13.8102 2.5128 3.78053 255 191 0
15.0077 22.1658 3.02912 255 191 0
11.6465 -25.147 -6.14831 255 191 0
4.72304 11.983 -2.50021 255 191 0
11.5409 -27.5717 -6.15305 255 191 0
6.35846 -6.49877 3.39682 255 191 0
17.7855 36.3036 -4.67303 255 191 0
11.653 44.7937 -7.49497 255 191 0
18.4893 -20.4015 -13.1116 255 191 0
13.4001 52.5884 -7.11366 255 191 0
17.1705 43.5995 -3.42765 255 191 0
11.7008 40.9098 -4.78305 255 191 0
12.0482 26.6219 -3.61146 255 191 0
3.52295 -8.44485 -8.17206 255 191 0
13.6399 -13.7611 -9.70867 255 191 0
12.966 53.9995 -8.29718 255 191 0
8.36109 -6.72494 -5.94975 255 191 0
8.06343 -0.197193 -5.40642 255 191 0
7.99843 1.91607 -7.60796 255 191 0
13.5701 -15.1647 -13.1756 255 191 0
23.6509 25.2294 -1.31395 255 191 0
14.2492 50.2706 -9.16991 255 191 0
11.4215 29.1316 -4.80551 255 191 0
13.8412 51.5038 -9.56027 255 191 0
7.37325 0.447366 3.821 255 191 0
21.5267 40.6491 -3.1478 255 191 0
19.7997 18.2471 1.35329 255 191 0
8.93109 -25.7442 -10.3498 255 191 0
20.6388 31.5856 0.290337 255 191 0
5.12796 -4.00632 0.547899 255 191 0
8.96094 -26.4232 -6.59829 255 191 0
20.2556 20.2846 0.539298 255 191 0
11.7878 -16.6176 -8.05453 255 191 0
12.4354 30.5258 0.606024 255 191 0
12.4567 31.7263 -4.61556 255 191 0
9.90439 6.61146 5.5961 255 191 0
13.2908 -31.2885 -7.19239 255 191 0
18.9801 52.1426 -9.79418 255 191 0
6.54925 -1.21987 2.85756 255 191 0
13.797 50.0811 -5.98876 255 191 0
12.6717 43.8939 -7.82521 255 191 0
19.1295 -0.155958 7.01307 255 191 0
4.04175 0.00130435 -6.79515 255 191 0
9.93764 28.8479 -5.73998 255 191 0
6.40237 -25.5583 -8.45863 255 191 0
23.8186 27.6904 -0.807594 255 191 0
18.6676 38.9333 -1.892 255 191 0
19.1103 -1.49303 7.39433 255 191 0
13.681 33.7113 -0.548167 255 191 0
19.6335 41.8517 -6.87978 255 191 0
8.2542 -20.9156 -2.34896 255 191 0
11.2748 -9.10289 6.27086 255 191 0
3.60873 -4.73239 -4.16586 255 191 0
6.52344 -6.60759 -10.4487 255 191 0
7.91838 -16.0549 1.44785 255 191 0
17.7076 12.9268 6.24906 255 191 0
10.274 2.36124 -0.128716 255 191 0
16.6448 48.8951 -8.6379 255 191 0
11.8919 24.1105 3.08813 255 191 0
12.8235 4.21936 2.47296 255 191 0
23.6841 42.3441 -7.40962 255 191 0
5.85423 -4.08194 2.06176 255 191 0
11.0561 12.8234 -1.4142 255 191 0
16.4015 8.60365 3.7006 255 191 0
8.82141 21.1809 -5.45618 255 191 0
22.8992 46.0902 -6.06958 255 191 0
16.4599 47.7528 -4.91385 255 191 0
7.02808 0.331724 -7.86029 255 191 0
15.0993 -18.0592 -13.7072 255 191 0
10.5037 2.29185 6.99119 255 191 0
22.9826 21.2275 2.00673 255 191 0
8.76646 15.2502 -5.48181 255 191 0
4.66442 -8.22675 -0.0622461 255 191 0
23.5834 41.0728 -7.73956 255 191 0
18.7072 9.14875 4.13803 255 191 0
10.4462 -11.5165 4.98183 255 191 0
4.09647 -3.47391 -2.28104 255 191 0
13.5245 -29.6644 -12.1912 255 191 0
4.79997 -12.6593 0.955464 255 191 0
22.6904 18.8706 2.81326 255 191 0
10.9289 34.1142 -3.6266 255 191 0
12.8723 1.6236 3.17483 255 191 0
5.77522 -19.7761 -1.88971 255 191 0
22.2267 13.2946 3.01199 255 191 0
4.31692 -14.4282 -9.27241 255 191 0
7.74295 5.70657 -7.11524 255 191 0
13.3874 -0.269227 7.93867 255 191 0
14.6677 52.5567 -6.64542 255 191 0
4.502 -2.84125 -1.15136 255 191 0
16.6234 -21.7894 -9.53378 255 191 0
15.6524 -28.0032 -8.27949 255 191 0
11.4511 34.8206 -6.12135 255 191 0
3.90068 -14.496 -1.87773 255 191 0
17.1313 35.3812 -4.4512 255 191 0
10.0425 -7.657 -10.3961 255 191 0
11.168 11.7948 -1.06062 255 191 0
20.5077 3.58346 8.71802 255 191 0
16.5436 25.3696 2.36161 255 191 0
3.55217 -8.89079 -4.40181 255 191 0
19.5717 5.27048 9.19274 255 191 0
13.1665 20.0815 -1.087 255 191 0
12.3968 -30.607 -10.4548 255 191 0
8.95274 1.70934 5.56758 255 191 0
6.41587 -0.66479 -7.83834 255 191 0
10.4847 11.3092 -1.81184 255 191 0
11.9474 34.5248 -1.52608 255 191 0
16.125 0.323039 8.94382 255 191 0
10.3054 16.7299 3.9072 255 191 0
15.1391 -23.1559 -13.245 255 191 0
3.54787 -16.4304 -3.97439 255 191 0
17.4711 31.3572 0.626913 255 191 0
17.97 23.6073 -0.451028 255 191 0
9.40753 -3.14775 6.6535 255 191 0
13.756 5.14379 7.42148 255 191 0
22.1062 20.6612 3.92598 255 191 0
17.3 -21.3744 -11.5233 255 191 0
5.0262 4.07709 -0.766801 255 191 0
10.697 31.3236 -6.01515 255 191 0
22.5569 16.9872 2.75004 255 191 0
19.3713 -4.02435 8.07928 255 191 0
10.6096 -15.222 -7.30773 255 191 0
8.71199 -13.8765 -5.02678 255 191 0
15.395 14.0599 6.34636 255 191 0
12.7574 -19.4518 -8.11972 255 191 0
9.63173 -18.4713 -5.69971 255 191 0
10.4653 -25.7144 -5.08448 255 191 0
18.0772 54.1432 -7.70243 255 191 0
17.8163 3.62655 5.70211 255 191 0
18.9863 43.1338 -7.10008 255 191 0
13.2998 -5.76168 7.71431 255 191 0
15.2376 1.44394 8.42861 255 191 0
22.8245 37.5841 -2.59886 255 191 0
16.0743 2.60749 8.65027 255 191 0
12.6588 15.6253 -0.43995 255 191 0
9.65467 10.781 -2.93625 255 191 0
7.55221 2.46256 3.70531 255 191 0
6.75134 7.73197 1.68086 255 191 0
4.58952 -15.8988 0.483113 255 191 0
9.3996 -21.6774 -11.2694 255 191 0
8.54129 -21.8297 -3.43102 255 191 0
17.759 37.6591 -5.11783 255 191 0
21.4283 7.11426 4.9506 255 191 0
4.04894 -15.1528 -8.55469 255 191 0
4.82125 -14.1664 1.2583 255 191 0
9.91766 -8.64861 2.01399 255 191 0
5.17547 -7.08698 1.12204 255 191 0
12.011 6.60479 7.35464 255 191 0
9.42822 -4.70655 0.467039 255 191 0
8.89205 10.9867 3.7389 255 191 0
9.67222 -6.3174 1.27188 255 191 0
7.79363 18.5948 -2.01714 255 191 0
4.36134 10.8518 -3.15285 255 191 0
22.1568 20.0764 0.0872131 255 191 0
9.05544 -5.71878 -0.186135 255 191 0
12.1214 9.43796 6.86905 255 191 0
11.2477 31.2025 -1.59862 255 191 0
12.6503 -9.22197 6.50275 255 191 0
8.62557 8.08115 -4.43165 255 191 0
14.7801 37.6826 -1.80606 255 191 0
23.5685 34.6655 -6.33966 255 191 0
6.618 13.0793 -4.83155 255 191 0
8.67091 20.7034 1.58683 255 191 0
4.48563 -9.61826 -0.418189 255 191 0
11.9067 -7.82646 6.99781 255 191 0
18.9263 53.1903 -7.44275 255 191 0
23.7832 40.6648 -6.45913 255 191 0
7.48272 -8.94908 5.3082 255 191 0
20.3643 28.0549 -2.45015 255 191 0
12.413 42.8385 -7.63888 255 191 0
16.8042 55.93 -9.01104 255 191 0
24.0601 33.5093 -6.24086 255 191 0
4.30511 -4.60989 -1.514 255 191 0
14.3806 -16.3214 -13.3956 255 191 0
16.5612 -20.5366 -13.7712 255 191 0
14.9786 -14.8255 -11.5252 255 191 0
22.4953 40.9517 -3.71624 255 191 0
23.9478 36.5433 -7.04996 255 191 0
20.301 -5.0413 8.65561 255 191 0
22.2673 36.8451 -2.04734 255 191 0
12.5816 51.5276 -9.70656 255 191 0
13.4763 15.8043 0.212226 255 191 0
20.0056 16.3315 1.81093 255 191 0
17.4247 -30.1665 -11.0514 255 191 0
12.2311 -15.1621 -13.193 255 191 0
17.8026 52.0159 -9.93501 255 191 0
9.39339 14.8694 -4.39185 255 191 0
19.587 31.1895 0.621392 255 191 0
15.3577 47.5528 -4.90789 255 191 0
16.1217 51.6737 -6.26299 255 191 0
20.2709 52.1026 -7.87131 255 191 0
9.81514 21.4854 2.46308 255 191 0
17.8674 3.65051 9.36057 255 191 0
10.5089 -11.1924 3.38394 255 191 0
23.1599 21.9576 -0.35241 255 191 0
4.91563 5.34344 -1.14971 255 191 0
4.49689 -17.5469 -8.98687 255 191 0
20.7697 22.4091 3.2782 255 191 0
16.1522 36.0511 -1.01086 255 191 0
17.8112 8.45978 4.3405 255 191 0
6.77444 -18.5532 -10.1427 255 191 0
9.09292 -13.3016 0.664271 255 191 0
10.7602 36.7577 -6.38439 255 191 0
11.6788 42.0402 -5.55729 255 191 0
20.8667 2.95866 7.72867 255 191 0
8.27897 -2.07399 -3.58861 255 191 0
20.4395 29.2416 -2.89197 255 191 0
6.27755 -8.9816 3.64925 255 191 0
9.76602 -27.9748 -8.46711 255 191 0
14.3497 35.0147 -4.61367 255 191 0
19.6727 51.8347 -6.82527 255 191 0
22.0714 14.0354 4.97203 255 191 0
9.00192 -15.1097 0.652014 255 191 0
15.0892 33.8724 -4.06111 255 191 0
21.2308 12.6054 6.89803 255 191 0
6.98473 -25.0716 -6.15042 255 191 0
7.43704 17.3159 -2.16357 255 191 0
8.07259 -8.30364 -3.71456 255 191 0
15.0666 -27.7376 -12.6287 255 191 0
22.6669 31.9861 -0.50205 255 191 0
11.9876 -27.6339 -11.9874 255 191 0
8.53373 -12.2732 -0.93166 255 191 0
21.3562 17.6656 5.19034 255 191 0
20.1818 11.0594 6.96907 255 191 0
18.3773 23.6762 3.07968 255 191 0
7.91407 17.5966 -4.62507 255 191 0
18.521 -3.99393 9.59988 255 191 0
3.80195 -8.69244 -9.44006 255 191 0
20.5197 44.3147 -8.15481 255 191 0
7.88278 6.64069 -6.67693 255 191 0
9.43316 0.742611 6.26566 255 191 0
9.90581 -13.9035 3.08921 255 191 0
14.9524 28.787 -2.65085 255 191 0
9.43975 24.2141 -3.11228 255 191 0
18.5316 36.1938 -0.944694 255 191 0
6.23947 -23.9686 -3.81645 255 191 0
10.9588 -2.4823 2.36575 255 191 0
20.9991 46.0479 -5.01632 255 191 0
20.4301 30.1316 0.824615 255 191 0
12.236 7.70043 7.29824 255 191 0
9.98009 -0.487445 6.99767 255 191 0
13.3567 -24.5106 -7.53203 255 191 0
16.9772 21.9895 -0.0113813 255 191 0
3.93421 -22.6156 -4.99276 255 191 0
16.7968 49.9624 -9.00095 255 191 0
5.81818 16.4882 -1.19886 255 191 0
4.11769 -9.99087 -1.56177 255 191 0
17.0837 2.71718 9.09678 255 191 0
22.5151 27.7986 -2.82324 255 191 0
3.53448 -13.5494 -6.76843 255 191 0
13.709 -18.7114 -8.97878 255 191 0
7.28627 15.5755 -4.31181 255 191 0
14.411 52.8557 -9.90203 255 191 0
23.3904 29.3344 0.0606252 255 191 0
14.6027 9.35794 7.57755 255 191 0
9.59695 -10.3138 5.34526 255 191 0
15.2208 4.58751 8.01088 255 191 0
18.4318 -27.732 -12.5885 255 191 0
11.0836 -7.13019 6.88425 255 191 0
22.5836 45.2502 -5.52026 255 191 0
5.0666 -18.5067 -9.29088 255 191 0
20.9386 45.6444 -8.95786 255 191 0
3.65394 -17.791 -6.28021 255 191 0
11.6772 41.5181 -7.34553 255 191 0
11.9172 -12.1098 -9.11999 255 191 0
7.17901 -0.75105 3.77829 255 191 0
10.191 -13.239 -7.3281 255 191 0
13.2598 9.00816 1.67304 255 191 0
19.0893 37.7251 -5.32475 255 191 0
16.0258 23.6946 -0.774184 255 191 0
4.02991 -10.2047 -9.69215 255 191 0
17.5795 22.5708 3.37129 255 191 0
5.59295 -10.8919 2.61237 255 191 0
20.4227 1.42212 8.90684 255 191 0
4.00407 -20.3626 -3.42071 255 191 0
24.4731 34.6724 -3.34689 255 191 0
11.8813 -1.83029 7.4602 255 191 0
9.09975 -0.262557 -1.39375 255 191 0
11.5194 22.673 3.44492 255 191 0
18.0548 10.1465 7.49642 255 191 0
10.0741 -22.5454 -11.7124 255 191 0
22.1857 15.3516 4.67947 255 191 0
14.3577 -16.6417 -9.69008 255 191 0
3.5737 1.94357 -6.14307 255 191 0
10.9732 18.9074 -2.94904 255 191 0
19.6456 35.8699 -0.961754 255 191 0
23.2181 44.9252 -9.43736 255 191 0
13.923 54.958 -10.5713 255 191 0
7.26604 -19.828 -10.2074 255 191 0
14.1445 -14.7351 -9.91796 255 191 0
12.2142 40.3611 -6.94116 255 191 0
10.9306 -15.4469 -13.0738 255 191 0
8.17662 -19.6407 -2.53938 255 191 0
19.8207 30.418 -3.11185 255 191 0
16.3073 -28.3633 -9.97968 255 191 0
8.56224 2.83204 -3.66505 255 191 0
3.67086 -16.0083 -2.91195 255 191 0
15.0797 19.0911 0.305264 255 191 0
13.4516 26.9168 1.77357 255 191 0
8.76484 4.55006 4.82097 255 191 0
12.6538 -31.4794 -8.0973 255 191 0
14.5444 -24.4352 -8.24772 255 191 0
18.2267 -4.89049 8.05212 255 191 0
19.8617 46.5554 -8.67035 255 191 0
8.01764 0.751613 -7.14118 255 191 0
16.3919 29.1992 -2.38772 255 191 0
19.3535 19.7793 0.82467 255 191 0
9.42795 12.9112 3.89813 255 191 0
9.67367 -10.7285 -7.43479 255 191 0
12.7645 -22.1187 -7.6106 255 191 0
9.2761 -15.7807 -12.3974 255 191 0
5.1931 -3.93627 -9.31409 255 191 0
23.711 26.4036 -0.85991 255 191 0
3.54673 -14.7939 -4.08991 255 191 0
17.3363 45.858 -4.22893 255 191 0
3.80013 -7.54211 -3.07756 255 191 0
7.3305 -6.60762 5.00946 255 191 0
22.6158 49.5825 -8.44614 255 191 0
10.1435 27.9809 -3.23531 255 191 0
12.226 -4.72465 7.64847 255 191 0
9.53989 -12.8238 1.82911 255 191 0
12.8496 16.4394 5.60494 255 191 0
10.9036 -19.6247 -12.6563 255 191 0
20.4058 10.763 3.66785 255 191 0
16.8186 -22.3381 -10.5406 255 191 0
10.3049 -6.33953 2.36102 255 191 0
10.2363 9.09197 -1.49424 255 191 0
10.4899 29.9098 -5.95009 255 191 0
8.29238 -16.4452 -2.08802 255 191 0
13.5934 -25.961 -12.6289 255 191 0
20.4913 41.1102 -7.00961 255 191 0
18.1712 -19.4198 -12.5856 255 191 0
18.3893 -30.4208 -11.7287 255 191 0
3.53554 -3.70925 -4.69064 255 191 0
14.5695 -1.19936 5.30682 255 191 0
21.2522 17.8836 1.15332 255 191 0
4.9631 7.91334 -1.42077 255 191 0
19.9678 4.29204 9.54682 255 191 0
3.65617 -14.0361 -3.23211 255 191 0
17.9577 6.92466 8.56234 255 191 0
24.2015 30.2653 -3.57865 255 191 0
12.0256 19.3128 -1.89763 255 191 0
18.6344 44.8844 -7.63139 255 191 0
20.2133 32.1691 -3.82137 255 191 0
20.6999 23.7441 -1.08117 255 191 0
10.3211 20.224 3.14368 255 191 0
16.6072 9.76983 3.5044 255 191 0
17.9132 2.56509 6.02566 255 191 0
3.49739 3.46679 -5.05836 255 191 0
10.4694 11.5334 5.15168 255 191 0
5.57936 10.6569 -0.653134 255 191 0
5.29512 1.31167 0.175984 255 191 0
9.27542 -3.83677 -8.49916 255 191 0
21.804 9.71933 4.36793 255 191 0
15.8321 -28.9011 -8.79763 255 191 0
15.5443 -30.7382 -12.3068 255 191 0
23.5689 25.8321 0.306013 255 191 0
15.2006 -21.8199 -13.4489 255 191 0
5.83129 -21.7924 -9.00603 255 191 0
6.70637 0.461055 2.83287 255 191 0
8.86084 -2.3829 -1.45348 255 191 0
22.6989 42.6252 -8.97663 255 191 0
14.4475 3.0477 7.93149 255 191 0
8.26021 11.4492 2.95638 255 191 0
24.0971 29.056 -3.16241 255 191 0
7.40257 -12.2305 3.69913 255 191 0
12.1397 6.25762 1.08535 255 191 0
17.6327 13.9928 5.92 255 191 0
9.17166 1.83197 -1.79482 255 191 0
21.1036 7.9716 4.41855 255 191 0
3.52389 -9.54064 -7.85209 255 191 0
9.4789 24.4604 -5.95677 255 191 0
10.5563 14.1179 4.68238 255 191 0
22.0748 42.4647 -4.09228 255 191 0
19.4164 40.9345 -6.44238 255 191 0
12.4517 0.956471 7.60244 255 191 0
20.2088 23.3305 3.08589 255 191 0
7.15738 -2.75174 -8.87809 255 191 0
17.1545 30.2505 -2.71375 255 191 0
11.3456 -14.3118 -13.038 255 191 0
9.88772 -14.5132 -12.7709 255 191 0
23.8972 34.8134 -2.235 255 191 0
23.2121 47.9351 -7.1185 255 191 0
10.2774 -7.58648 2.49266 255 191 0
10.2808 -9.49552 5.8452 255 191 0
4.58263 4.41267 -5.57908 255 191 0
16.5288 54.2365 -10.4392 255 191 0
11.0581 35.5569 -3.96744 255 191 0
10.117 12.1277 -2.42769 255 191 0
3.52911 -18.9062 -4.37874 255 191 0
5.41914 8.47717 -4.92347 255 191 0
3.78044 3.06818 -3.95593 255 191 0
11.7922 44.2162 -6.21963 255 191 0
18.9376 48.5885 -8.9721 255 191 0
8.5331 8.96029 3.71027 255 191 0
4.96724 -23.8634 -5.02871 255 191 0
4.96035 -18.2201 -1.19132 255 191 0
7.5527 -20.4836 -1.55429 255 191 0
11.986 -6.59267 7.45244 255 191 0
11.6343 10.3799 -0.171985 255 191 0
10.5616 -20.4377 -6.26251 255 191 0
15.3958 56.4529 -9.03093 255 191 0
23.7772 44.768 -7.45427 255 191 0
6.65987 11.0188 -5.6835 255 191 0
5.26596 5.55767 -5.67992 255 191 0
3.55264 -4.3927 -7.46075 255 191 0
16.1198 6.8829 3.99928 255 191 0
6.04191 -8.89942 -10.8526 255 191 0
8.33044 -22.6999 -2.67929 255 191 0
15.4276 31.8652 -3.40362 255 191 0
10.1225 -4.38152 1.68154 255 191 0
4.39818 -12.1208 -0.315142 255 191 0
9.36634 -5.68819 -9.73923 255 191 0
5.80889 9.71819 -4.92827 255 191 0
17.5864 -18.5352 -11.5081 255 191 0
11.5095 4.46742 7.3171 255 191 0
10.0571 -6.73055 6.70957 255 191 0
7.73175 19.7954 0.801513 255 191 0
13.5758 -21.2365 -13.2775 255 191 0
10.9784 -17.2859 -13.0686 255 191 0
13.3766 -16.9699 -13.5405 255 191 0
11.6664 32.5642 -1.30281 255 191 0
8.15438 8.99546 -6.02173 255 191 0
8.63751 -14.9447 -12.0935 255 191 0
9.62732 -17.1054 -12.3751 255 191 0
4.29869 -13.3499 -9.47809 255 191 0
9.15215 -7.70715 0.284579 255 191 0
16.422 14.4685 6.17085 255 191 0
21.5448 11.1448 3.31358 255 191 0
24.41 32.6237 -3.73392 255 191 0
5.2663 2.27309 -6.65813 255 191 0
15.332 55.8983 -10.8633 255 191 0
4.0165 -1.2655 -2.79648 255 191 0
22.1061 12.0474 3.48874 255 191 0
14.4602 -15.0632 -12.5678 255 191 0
6.7745 -15.323 1.363 255 191 0
12.9659 -29.4332 -6.57485 255 191 0
13.0591 -31.6298 -10.0752 255 191 0
23.3406 23.7209 0.313955 255 191 0
7.52785 -24.2237 -9.70469 255 191 0
7.54084 12.7632 -6.24473 255 191 0
22.2317 35.7287 -5.96748 255 191 0
17.4311 -3.22105 9.28655 255 191 0
8.17846 -5.59514 -5.72033 255 191 0
18.4401 47.2558 -8.36547 255 191 0
11.9879 39.116 -6.71905 255 191 0
22.5291 21.068 -0.767499 255 191 0
9.87115 -8.84938 -8.11647 255 191 0
13.2799 6.29064 2.12507 255 191 0
11.7642 43.0992 -5.86008 255 191 0
9.65741 11.5238 4.40458 255 191 0
23.8405 43.8501 -6.68405 255 191 0
8.71789 -1.9078 5.96694 255 191 0
4.39128 -18.85 -8.3774 255 191 0
5.24536 3.02002 -0.153446 255 191 0
17.0576 52.563 -6.58184 255 191 0
10.4886 8.67446 5.7357 255 191 0
14.1825 -13.6301 -11.3279 255 191 0
4.62527 -2.59058 -8.22692 255 191 0
3.68731 -7.52266 -9.16494 255 191 0
14.3792 -3.41607 8.55682 255 191 0
13.3999 -28.5777 -12.2947 255 191 0
9.22445 5.77846 5.08365 255 191 0
16.8579 -26.0262 -10.9637 255 191 0
23.9544 41.3015 -5.32929 255 191 0
6.44144 2.03401 2.15405 255 191 0
9.8616 -8.81858 -11.0658 255 191 0
12.2629 40.4627 -3.12704 255 191 0
10.4029 -19.3084 -6.2482 255 191 0
20.2167 37.0913 -5.48342 255 191 0
23.8716 37.7029 -7.38863 255 191 0
3.4356 -10.1469 -6.48316 255 191 0
8.43616 -4.90328 -1.88811 255 191 0
12.4457 8.06043 1.02038 255 191 0
11.232 1.39478 7.32469 255 191 0
17.068 24.2546 -0.704429 255 191 0
15.6894 52.0952 -9.62353 255 191 0
15.6451 -4.88912 6.85565 255 191 0
12.9761 45.3194 -4.45356 255 191 0
8.1199 -17.099 -11.2142 255 191 0
22.8782 42.9845 -4.76032 255 191 0
8.34047 -0.973798 -3.58966 255 191 0
20.1492 3.41364 6.02859 255 191 0
16.9673 5.97153 8.49605 255 191 0
6.6028 -23.5588 -9.22258 255 191 0
18.7263 49.6981 -5.74144 255 191 0
8.68624 19.8898 -4.08969 255 191 0
8.71481 0.31135 -2.55208 255 191 0
11.4538 -0.74255 7.35338 255 191 0
10.9532 38.6837 -6.40838 255 191 0
18.7505 37.1818 -1.30379 255 191 0
18.5213 -29.4257 -12.2218 255 191 0
12.3161 14.2592 -0.421474 255 191 0
9.4624 -12.9926 -6.52578 255 191 0
10.3313 -12.5403 3.30297 255 191 0
15.3775 11.7654 7.17387 255 191 0
23.8781 42.7698 -6.2218 255 191 0
8.92634 5.38667 -3.22334 255 191 0
16.4949 -17.675 -10.0124 255 191 0
23.4651 23.6371 -1.04083 255 191 0
11.8193 -1.37709 2.84278 255 191 0
5.54954 -15.0677 1.37242 255 191 0
5.09939 -10.8171 1.44413 255 191 0
8.16104 -3.59387 -3.74031 255 191 0
19.0376 24.0091 -0.798216 255 191 0
19.889 7.56377 4.69875 255 191 0
13.3959 40.1785 -6.47512 255 191 0
17.529 21.5085 3.70638 255 191 0
8.83546 -7.00267 -0.604438 255 191 0
24.3874 35.7457 -4.6282 255 191 0
11.8519 3.2621 1.67106 255 191 0
20.9123 37.8017 -6.02066 255 191 0
12.7698 -5.49773 4.88997 255 191 0
10.4279 23.7789 -4.62226 255 191 0
21.7939 33.9226 -0.839103 255 191 0
19.3221 39.6583 -2.22236 255 191 0
13.4801 -33.0166 -9.44005 255 191 0
3.54481 2.34146 -4.81298 255 191 0
24.2932 36.2667 -5.98896 255 191 0
5.28504 -6.65911 -10.1709 255 191 0
3.57309 -15.0293 -6.60822 255 191 0
11.2984 -23.3503 -6.41923 255 191 0
13.8237 17.8318 -0.0616427 255 191 0
12.0897 45.1841 -5.84694 255 191 0
10.5366 26.4806 -1.27055 255 191 0
10.7867 14.5902 -2.18617 255 191 0
16.3354 -25.184 -9.33064 255 191 0
21.7927 44.4319 -9.00905 255 191 0
9.60471 17.1751 3.19484 255 191 0
18.3817 17.2122 1.65792 255 191 0
15.2648 31.6066 0.231025 255 191 0
12.5499 22.3481 3.37869 255 191 0
3.61124 0.775559 -5.80538 255 191 0
10.9037 24.8715 0.1662 255 191 0
4.99594 -0.292292 -0.257412 255 191 0
17.2905 5.26531 5.04081 255 191 0
6.30988 -4.06108 -9.76753 255 191 0
4.43522 -10.8211 -0.40122 255 191 0
16.9861 35.108 -0.622204 255 191 0
16.0911 21.6399 3.3957 255 191 0
20.1364 1.53464 6.60424 255 191 0
14.871 41.6325 -6.62612 255 191 0
8.5232 -13.1916 3.38869 255 191 0
13.1555 5.27523 2.50533 255 191 0
20.8104 26.4525 1.97832 255 191 0
18.695 13.7399 6.15164 255 191 0
4.01396 2.20134 -3.10273 255 191 0
22.2782 14.5779 3.71188 255 191 0
13.0445 32.9436 -4.63969 255 191 0
15.4628 32.6759 -0.0511606 255 191 0
20.6961 47.2186 -5.35936 255 191 0
15.8395 -22.6753 -8.94907 255 191 0
13.314 7.18743 7.46343 255 191 0
14.5519 27.3123 1.36312 255 191 0
15.0879 50.9609 -9.24473 255 191 0
5.5529 -0.29633 0.917877 255 191 0
12.3659 18.4198 -1.38723 255 191 0
11.4136 -3.9566 7.3881 255 191 0
16.7194 12.39 2.80611 255 191 0
6.34157 14.9156 -2.64056 255 191 0
6.80145 -4.97119 3.90892 255 191 0
3.98705 7.65926 -4.39315 255 191 0
21.0607 4.18882 5.77851 255 191 0
15.4055 39.6852 -2.30864 255 191 0
18.8689 16.5598 5.31411 255 191 0
15.8606 34.98 -0.712616 255 191 0
15.1752 6.43631 3.52615 255 191 0
10.4707 -22.4007 -5.83797 255 191 0
9.94328 -12.014 -12.4822 255 191 0
9.36852 -1.74488 -0.502307 255 191 0
14.9349 -25.1525 -12.9352 255 191 0
3.89011 -11.703 -2.33445 255 191 0
13.1579 6.07897 7.39845 255 191 0
7.94339 2.98745 -6.39548 255 191 0
14.8812 40.8509 -2.78849 255 191 0
14.9605 47.2306 -8.23556 255 191 0
11.3267 27.6055 -4.51918 255 191 0
14.3322 0.72226 8.17935 255 191 0
20.9376 13.5897 6.41223 255 191 0
15.3544 53.39 -10.0563 255 191 0
17.4147 27.1149 1.94235 255 191 0
15.8257 -19.1363 -13.8852 255 191 0
11.5611 -4.98557 3.72246 255 191 0
23.6722 36.7366 -2.8063 255 191 0
21.3701 6.45268 5.94384 255 191 0
11.8937 -14.2346 -8.64654 255 191 0
7.00833 5.5798 2.41188 255 191 0
8.16292 -8.85913 -2.71214 255 191 0
4.56854 -16.4251 -9.2984 255 191 0
20.2154 51.794 -8.97954 255 191 0
12.0913 -11.221 -11.3137 255 191 0
15.8054 30.1279 -2.79711 255 191 0
24.3621 32.9275 -2.28209 255 191 0
16.0026 -27.197 -12.7578 255 191 0
14.2915 54.8331 -7.52322 255 191 0
9.01825 7.71914 4.49256 255 191 0
18.0086 20.5877 0.5696 255 191 0
10.7699 19.1204 3.72744 255 191 0
5.29867 -23.9747 -8.14926 255 191 0
10.8294 6.48788 6.46398 255 191 0
14.1885 25.8937 2.05446 255 191 0
7.84106 -1.63771 4.82107 255 191 0
19.966 17.5498 4.96156 255 191 0
14.8607 30.8149 -3.27243 255 191 0
8.25165 3.3546 -4.72245 255 191 0
5.12764 9.581 -1.35619 255 191 0
11.9435 47.1034 -8.54908 255 191 0
13.6753 -19.9237 -8.75278 255 191 0
18.0881 27.3906 -1.78093 255 191 0
19.8042 43.2299 -3.57677 255 191 0
6.12077 -12.3403 3.23771 255 191 0
16.1482 16.2353 1.51703 255 191 0
23.0563 22.577 -1.5713 255 191 0
15.9875 23.8914 2.69591 255 191 0
10.0551 20.6734 -4.44519 255 191 0
5.14509 -8.38455 1.20031 255 191 0
9.71323 -4.84519 -9.00951 255 191 0
16.4589 15.5426 5.70553 255 191 0
25.4556 14.1903 17.9285 0 166 255
27.5419 14.4931 21.6144 0 166 255
27.6478 1.19928 13.3013 0 166 255
29.8502 -50.1037 -9.28679 0 166 255
20.7395 -44.2042 -18.1278 0 166 255
29.3498 8.82247 25.6509 0 166 255
15.4446 -30.8521 -13.3058 0 166 255
23.7318 5.16332 10.9383 0 166 255
25.429 -14.1402 10.5141 0 166 255
24.5621 8.84155 35.5889 0 166 255
22.9533 12.2411 22.2586 0 166 255
24.9914 -20.2058 14.8019 0 166 255
16.6436 2.94188 11.7368 0 166 255
18.6543 -40.6573 13.8557 0 166 255
26.1245 12.7653 36.0201 0 166 255
29.9391 0.419064 21.1668 0 166 255
25.5316 -66.5659 -15.2739 0 166 255
16.1858 -68.264 -2.74084 0 166 255
28.7774 -13.1533 7.16013 0 166 255
29.0846 -23.8937 1.55486 0 166 255
27.0493 22.3271 37.1864 0 166 255
21.3575 -66.3047 -1.79823 0 166 255
28.6276 -53.1326 -14.8102 0 166 255
24.75 -7.15701 20.2676 0 166 255
30.562 -22.2146 12.6371 0 166 255
23.831 6.64327 11.8071 0 166 255
29.2948 -64.0839 -7.14549 0 166 255
16.5901 -37.3535 -12.0534 0 166 255
27.4176 26.1842 29.4504 0 166 255
29.9634 -1.45017 18.7593 0 166 255
23.2593 14.1346 24.3216 0 166 255
29.0252 -1.33359 25.7597 0 166 255
29.2389 8.21256 27.0605 0 166 255
21.0215 15.6578 18.4752 0 166 255
24.6656 -68.6203 -4.09155 0 166 255
18.1459 -16.4862 -4.41358 0 166 255
22.0775 -33.847 17.5066 0 166 255
29.1204 -0.190035 15.5771 0 166 255
11.777 -29.315 -7.16316 0 166 255
11.8594 -31.2138 -8.47919 0 166 255
30.1828 -31.0983 9.90452 0 166 255
30.4684 -38.386 -1.59098 0 166 255
23.7274 -33.9668 10.3048 0 166 255
30.0677 -62.7697 -11.5479 0 166 255
26.3285 -41.9152 -13.2304 0 166 255
30.3654 -51.0894 -3.67251 0 166 255
30.73 -36.9827 3.92361 0 166 255
10.6966 -16.907 1.13676 0 166 255
25.5363 -48.1829 7.5764 0 166 255
24.6079 -0.38592 17.5297 0 166 255
19.8248 1.72008 8.56398 0 166 255
29.2803 -40.9368 6.9233 0 166 255
27.4664 -32.5494 14.3539 0 166 255
30.3077 -18.6104 15.4062 0 166 255
24.3949 -16.4992 -0.668901 0 166 255
27.789 -39.8254 -9.60806 0 166 255
27.1688 -49.0302 -15.6948 0 166 255
24.7518 -55.3363 -6.57338 0 166 255
21.1749 -33.3247 -13.1295 0 166 255
23.709 -20.0787 -3.41875 0 166 255
23.8752 -48.8649 -18.5265 0 166 255
18.8804 -26.3163 -9.93629 0 166 255
17.6879 -42.9139 12.3135 0 166 255
21.5896 -30.9522 13.6523 0 166 255
30.2589 -6.41064 17.6145 0 166 255
16.3793 -59.316 -2.72193 0 166 255
29.3929 -45.3992 -8.83373 0 166 255
24.6233 -11.1748 2.67947 0 166 255
23.9521 -45.4973 2.77052 0 166 255
22.5408 -48.6184 -17.3283 0 166 255
11.7288 -10.1892 4.74788 0 166 255
18.4654 -6.80797 1.07329 0 166 255
23.3203 -48.8277 -13.1415 0 166 255
18.6505 -51.2739 1.42553 0 166 255
30.5096 -44.3066 -3.6935 0 166 255
16.9516 -54.7255 4.98011 0 166 255
25.3801 -64.882 -15.2237 0 166 255
23.0197 19.5394 29.5041 0 166 255
29.5342 5.68782 22.158 0 166 255
24.4833 -50.9939 -11.8197 0 166 255
11.8941 -17.7427 -4.48654 0 166 255
20.1631 -69.7214 -3.96069 0 166 255
29.4907 -17.0067 6.44169 0 166 255
24.9948 -1.70135 18.2841 0 166 255
18.591 -26.7352 -4.60039 0 166 255
14.6329 -3.52483 7.86627 0 166 255
25.9041 3.53335 32.7004 0 166 255
17.7156 -40.9216 11.4163 0 166 255
23.7634 -17.6128 25.0664 0 166 255
23.6806 -52.359 -1.59942 0 166 255
27.6886 26.4969 34.7734 0 166 255
22.6483 -42.9518 6.10483 0 166 255
27.0677 22.2503 25.568 0 166 255
27.2782 -20.3586 0.488838 0 166 255
18.0706 -3.04363 4.26036 0 166 255
24.131 -12.3318 1.52645 0 166 255
30.6094 -45.9548 -2.42333 0 166 255
27.524 -46.6473 6.56815 0 166 255
19.9189 -10.7042 5.52736 0 166 255
24.2258 6.15135 21.2729 0 166 255
22.3032 20.6562 26.5698 0 166 255
23.0778 15.0792 29.6979 0 166 255
21.2512 -35.1605 11.3013 0 166 255
24.203 -69.5448 -7.4752 0 166 255
19.335 -35.1663 11.9976 0 166 255
23.8695 20.515 37.9362 0 166 255
22.4426 -46.016 10.177 0 166 255
11.4609 -21.4558 -6.86162 0 166 255
27.8714 -66.2158 -16.88 0 166 255
23.7529 6.76869 26.9853 0 166 255
27.598 22.2811 26.9389 0 166 255
21.072 12.7213 19.7138 0 166 255
29.4583 -35.4725 9.56766 0 166 255
17.2303 -10.841 4.1887 0 166 255
27.144 -1.01731 11.2879 0 166 255
12.3466 -3.42389 8.02117 0 166 255
23.0328 -25.3091 -0.260945 0 166 255
14.7093 -8.88143 0.141671 0 166 255
24.4858 -43.202 -7.71007 0 166 255
26.3083 -20.8876 -1.11734 0 166 255
28.1204 -11.1198 23.7233 0 166 255
26.6554 -30.1757 -5.9084 0 166 255
22.2569 26.8784 37.5803 0 166 255
16.069 -33.0394 -9.48341 0 166 255
29.5962 -33.2019 10.4639 0 166 255
23.8209 12.9566 26.9675 0 166 255
10.6425 -30.6114 -7.69993 0 166 255
22.4591 -55.2684 4.48063 0 166 255
26.5347 -40.5844 -12.1328 0 166 255
20.3626 -25.6087 -8.91741 0 166 255
17.9875 -28.4304 -5.90209 0 166 255
24.1221 -20.3707 16.2691 0 166 255
28.9154 -7.02176 23.9483 0 166 255
25.8713 -69.9064 -14.4468 0 166 255
23.6414 15.0423 16.4676 0 166 255
25.5776 -66.6713 -3.51399 0 166 255
27.1049 -43.4594 8.93218 0 166 255
22.5448 6.79877 10.9456 0 166 255
21.3303 5.7053 10.8561 0 166 255
19.3692 0.354481 7.45687 0 166 255
24.9971 -23.3483 13.5462 0 166 255
25.51 -36.4524 4.9645 0 166 255
23.3897 -1.70201 14.5671 0 166 255
26.3456 -27.7535 18.0486 0 166 255
16.4828 -67.9365 -5.98169 0 166 255
14.151 -7.21908 5.91727 0 166 255
24.2198 -53.2439 5.18434 0 166 255
26.4876 -55.0549 -18.2568 0 166 255
28.6204 -51.5032 2.05072 0 166 255
24.0964 -12.8859 19.4008 0 166 255
28.3078 -54.5902 0.686969 0 166 255
20.9073 -8.71122 1.04919 0 166 255
22.7297 -6.06403 28.6774 0 166 255
28.1371 -38.7153 10.1645 0 166 255
23.0325 -18.639 -3.13864 0 166 255
28.726 11.7971 30.1943 0 166 255
23.2731 -43.8081 4.8678 0 166 255
26.0614 -19.7938 10.3398 0 166 255
24.5684 -8.76397 20.3063 0 166 255
17.9657 -20.6789 -1.21616 0 166 255
20.467 -42.6905 6.93322 0 166 255
24.0406 -6.90599 22.0941 0 166 255
22.0044 -15.8802 -2.29241 0 166 255
16.0871 -54.1013 2.4726 0 166 255
20.2988 -45.9483 -16.89 0 166 255
30.337 -48.9171 -5.99686 0 166 255
23.8954 27.4832 36.7025 0 166 255
20.4858 9.76382 17.4428 0 166 255
28.9973 -68.4719 -9.82836 0 166 255
28.7984 -21.8156 2.16605 0 166 255
13.3092 -28.8532 -6.97642 0 166 255
24.2623 -29.6984 11.5168 0 166 255
24.1312 -2.93967 15.1828 0 166 255
23.0556 -39.4099 -8.37918 0 166 255
16.3282 -61.7471 -2.15215 0 166 255
25.7119 -29.1665 -6.76385 0 166 255
23.079 -42.3317 -17.3375 0 166 255
29.2068 -27.0126 0.202306 0 166 255
29.6841 -24.6831 14.6138 0 166 255
22.7074 24.2201 32.5364 0 166 255
11.6683 -11.093 0.60107 0 166 255
26.2681 27.4642 34.506 0 166 255
20.7225 -23.9219 17.7733 0 166 255
26.5534 -45.9629 -15.1344 0 166 255
13.4983 -22.806 -3.08174 0 166 255
27.1515 -58.8749 -17.3318 0 166 255
20.4385 -4.0761 10.0053 0 166 255
25.121 -51.7044 -5.69382 0 166 255
24.8807 -19.4488 6.02245 0 166 255
24.1174 -26.7533 0.448745 0 166 255
22.1452 -49.9714 -15.8147 0 166 255
30.4582 -29.5587 9.74855 0 166 255
20.7062 -55.1229 4.85559 0 166 255
25.8806 -17.2092 10.7731 0 166 255
10.1587 -33.3849 -11.8502 0 166 255
30.148 -53.2334 -3.63196 0 166 255
22.3376 -23.9077 16.8792 0 166 255
30.0627 -5.31195 16.1455 0 166 255
21.9145 -32.7005 -5.61164 0 166 255
29.8373 -53.4001 -10.6884 0 166 255
18.3081 -52.2625 6.50788 0 166 255
24.4383 -40.3065 -6.3454 0 166 255
25.1073 -54.0008 -17.5597 0 166 255
22.0446 -10.416 25.4324 0 166 255
24.1397 -50.8204 -18.1878 0 166 255
22.7913 25.9189 28.9874 0 166 255
21.2782 -68.0034 -8.46553 0 166 255
21.4678 9.8635 18.5051 0 166 255
27.4557 -36.7278 -8.44952 0 166 255
27.8038 25.0669 30.5305 0 166 255
17.5395 -56.302 4.20026 0 166 255
26.8547 -42.0361 10.0167 0 166 255
26.0672 9.14558 15.8194 0 166 255
28.9589 -46.6906 -10.5824 0 166 255
30.157 -45.2771 -6.00833 0 166 255
23.9599 -38.0398 7.70872 0 166 255
26.286 14.7817 36.4853 0 166 255
30.5257 -13.1284 14.9907 0 166 255
26.8825 -68.6066 -9.33092 0 166 255
12.8625 -25.9366 -10.0503 0 166 255
24.4021 11.5713 34.9207 0 166 255
21.6665 -69.0241 -3.3913 0 166 255
26.4357 -25.7392 -3.78619 0 166 255
25.5546 23.7488 23.6934 0 166 255
25.9003 24.9101 40.097 0 166 255
25.6181 -63.4152 -1.67665 0 166 255
28.6819 -3.98038 25.5823 0 166 255
17.9896 -34.6667 16.3699 0 166 255
29.1186 -57.8094 -2.9245 0 166 255
17.9029 -44.2868 9.66114 0 166 255
15.0097 -28.3819 -6.62971 0 166 255
25.9342 -27.9941 8.57298 0 166 255
17.9337 6.52162 12.1205 0 166 255
26.0636 10.4591 16.5508 0 166 255
28.9895 -30.2144 -1.92847 0 166 255
24.4528 -5.30018 21.6448 0 166 255
30.7089 -31.6136 7.31172 0 166 255
22.8423 -26.9481 14.9349 0 166 255
20.2439 16.9634 20.0854 0 166 255
19.4082 -44.8221 -15.5089 0 166 255
22.5804 -45.1783 -19.1526 0 166 255
27.7197 -34.5871 -6.77167 0 166 255
24.6752 -3.55314 30.8666 0 166 255
30.6861 -36.3666 0.518728 0 166 255
24.2296 -28.0424 -7.69218 0 166 255
12.9879 -11.6405 -0.932489 0 166 255
28.2418 20.8137 32.4296 0 166 255
26.3954 -28.2478 -5.26979 0 166 255
25.7527 -38.202 13.1459 0 166 255
28.3581 -26.1042 16.4398 0 166 255
17.7403 -42.5339 10.511 0 166 255
17.7723 -48.9074 7.95653 0 166 255
15.5928 -64.8133 -1.02613 0 166 255
26.434 15.3953 19.9792 0 166 255
14.6114 -26.0773 -10.3141 0 166 255
14.9884 -20.9331 -7.23607 0 166 255
22.6383 -6.3847 10.629 0 166 255
23.2699 0.204828 33.053 0 166 255
28.6682 12.2451 23.1311 0 166 255
22.5552 4.35299 9.64879 0 166 255
30.2417 -34.9499 7.68158 0 166 255
28.964 5.36334 28.0341 0 166 255
24.0938 -23.6873 21.9051 0 166 255
18.7014 9.10646 15.8627 0 166 255
26.2286 -34.3419 14.7944 0 166 255
18.1385 -58.1427 3.17904 0 166 255
18.955 -14.6585 2.59383 0 166 255
24.5536 -35.9758 -3.97319 0 166 255
25.0032 -11.7919 11.0812 0 166 255
16.4205 -70.1518 -4.17829 0 166 255
27.2268 -45.3931 7.65336 0 166 255
22.098 -40.7565 7.671 0 166 255
22.5423 -37.8653 -8.04789 0 166 255
27.3233 11.1747 18.7701 0 166 255
19.1452 -4.87852 8.65437 0 166 255
15.0042 -16.2008 -4.48029 0 166 255
16.4952 -64.1956 -4.67973 0 166 255
24.3078 -48.023 8.36736 0 166 255
15.5076 -34.7393 -10.6547 0 166 255
29.8475 -42.1367 4.73029 0 166 255
25.8094 -58.0804 -16.5931 0 166 255
16.316 -69.3872 -7.62361 0 166 255
25.2581 21.0693 21.6044 0 166 255
29.0553 -48.2319 -11.1033 0 166 255
24.305 -9.25471 28.5859 0 166 255
11.8134 -24.672 -9.0799 0 166 255
21.6281 -54.4224 -0.975155 0 166 255
24.6992 -53.0893 -4.80812 0 166 255
28.8361 -58.4652 -17.0771 0 166 255
20.9791 7.03072 11.9225 0 166 255
17.8753 -45.5375 10.853 0 166 255
26.7854 16.3673 21.1694 0 166 255
21.9108 -9.86873 23.6438 0 166 255
25.0203 -24.4122 3.45982 0 166 255
27.0072 13.1595 34.7869 0 166 255
15.3359 -24.4174 -9.33319 0 166 255
20.949 -44.5587 -13.872 0 166 255
21.14 -17.5452 25.9112 0 166 255
28.2468 -25.3277 -0.840926 0 166 255
25.1474 -59.185 -12.4368 0 166 255
24.923 -39.36 -13.6643 0 166 255
28.0648 -34.4749 12.5242 0 166 255
23.0919 9.00124 28.6255 0 166 255
13.8937 -3.92884 5.40451 0 166 255
24.7324 0.964098 20.4036 0 166 255
25.538 27.8596 36.3918 0 166 255
25.0941 -19.7002 -1.83861 0 166 255
29.1687 10.224 27.4069 0 166 255
22.8903 8.75778 19.8157 0 166 255
18.2988 -22.1146 -7.61877 0 166 255
24.9481 -56.6792 -12.4988 0 166 255
27.2984 -4.18734 27.8208 0 166 255
19.2691 -31.8198 19.1146 0 166 255
27.9743 2.95128 14.8514 0 166 255
26.9066 -13.806 3.74009 0 166 255
23.8421 3.43259 18.2901 0 166 255
24.6445 26.0573 37.8672 0 166 255
18.0383 -41.8625 -16.4145 0 166 255
24.9764 -6.19687 14.6192 0 166 255
20.5374 -20.833 23.6001 0 166 255
27.1302 -69.6157 -15.3757 0 166 255
24.175 17.3499 36.9652 0 166 255
18.8867 10.736 15.1738 0 166 255
27.2519 -29.4138 -4.69749 0 166 255
29.4849 6.14692 24.9901 0 166 255
30.04 -60.674 -11.8958 0 166 255
29.1667 -60.1326 -16.7532 0 166 255
22.5904 -53.3867 5.59689 0 166 255
27.6649 -45.9858 -13.1015 0 166 255
27.705 22.9238 35.3188 0 166 255
28.1899 -42.9396 -10.4345 0 166 255
23.641 -40.6674 6.4982 0 166 255
20.2812 -27.1955 -9.90229 0 166 255
21.6247 -31.0185 -4.92561 0 166 255
20.7934 -59.2824 -3.39129 0 166 255
22.5747 -35.3638 10.4668 0 166 255
17.0204 -40.9744 13.1786 0 166 255
21.3165 -27.9443 20.9496 0 166 255
22.9463 -2.58938 31.8443 0 166 255
28.1495 22.8387 31.5726 0 166 255
20.0855 -67.9177 -2.57306 0 166 255
22.428 -44.525 -12.0626 0 166 255
30.4034 -10.7782 17.1451 0 166 255
30.6552 -40.0276 -1.00619 0 166 255
22.8669 7.32723 28.7248 0 166 255
28.1138 -23.2225 18.2472 0 166 255
28.6061 13.6649 30.8674 0 166 255
30.7736 -21.8719 10.7142 0 166 255
23.9491 -66.8376 -11.201 0 166 255
21.113 -36.6212 -15.1978 0 166 255
24.4308 6.85782 24.3198 0 166 255
24.9886 -0.754326 20.8711 0 166 255
30.0783 -25.8532 3.21287 0 166 255
29.3851 2.86105 25.8917 0 166 255
27.3039 -16.1564 22.6375 0 166 255
21.1037 3.92644 8.71698 0 166 255
21.351 -47.2017 9.62221 0 166 255
24.5355 4.73871 23.9383 0 166 255
24.6798 -19.5304 23.5249 0 166 255
25.4909 -38.4295 -12.3952 0 166 255
19.6182 -9.44308 -0.0223804 0 166 255
29.9395 -66.8165 -15.3424 0 166 255
8.10295 -32.6937 -11.2332 0 166 255
21.7337 -13.8504 27.1192 0 166 255
23.2178 10.4421 21.4954 0 166 255
23.4307 2.23807 32.4316 0 166 255
27.0169 -59.1742 -0.376277 0 166 255
29.5515 -54.2415 -12.2882 0 166 255
23.8328 -17.8204 -1.95128 0 166 255
27.7633 5.98564 30.9722 0 166 255
23.6014 -51.0375 -0.656473 0 166 255
29.5948 -22.3415 3.61312 0 166 255
16.7545 -56.5994 -1.73356 0 166 255
24.9572 -53.5655 -6.42759 0 166 255
29.7786 -58.936 -13.3464 0 166 255
28.2898 7.35168 18.383 0 166 255
29.3445 -4.77023 23.7453 0 166 255
24.0686 10.2989 24.3833 0 166 255
21.6205 -4.84923 10.5554 0 166 255
23.6749 -49.4592 7.72036 0 166 255
30.4291 -45.1831 0.660763 0 166 255
19.716 -36.4776 11.0597 0 166 255
29.5387 -3.35772 14.8613 0 166 255
26.1303 -56.6328 -17.3857 0 166 255
22.2576 -1.9452 26.5291 0 166 255
23.2275 -0.865913 30.7251 0 166 255
21.9705 -12.2225 27.8966 0 166 255
21.7609 -3.36205 11.5036 0 166 255
15.9927 -12.2719 -2.29944 0 166 255
24.5351 -35.7053 15.4332 0 166 255
27.6872 -59.9062 -1.60816 0 166 255
12.8072 -8.60704 5.4307 0 166 255
19.5732 -56.1121 4.36176 0 166 255
22.7061 -16.9865 19.7827 0 166 255
16.8485 -6.81806 1.07798 0 166 255
27.2217 25.566 37.2281 0 166 255
26.7945 -10.8488 5.37639 0 166 255
24.2935 -53.9464 -13.8605 0 166 255
30.4091 -25.5238 11.9261 0 166 255
25.8875 -33.2031 4.85393 0 166 255
29.985 -64.0443 -13.8228 0 166 255
25.4878 -21.4845 6.00509 0 166 255
28.1808 -47.6998 -12.9167 0 166 255
23.8456 -17.8127 5.26701 0 166 255
28.4092 -8.59936 8.93287 0 166 255
24.9561 -46.2131 -0.481606 0 166 255
27.2147 18.3345 35.8721 0 166 255
30.52 -20.88 7.77575 0 166 255
25.7498 -49.7572 -18.5646 0 166 255
29.5284 -37.9311 8.05377 0 166 255
24.4824 -28.3689 0.27117 0 166 255
21.7929 -43.2629 11.9674 0 166 255
30.7403 -40.0215 1.98345 0 166 255
22.3847 -11.0743 28.813 0 166 255
30.2387 -50.9484 -7.47671 0 166 255
23.7011 6.02052 19.5853 0 166 255
23.439 10.2113 31.8346 0 166 255
23.1455 -52.7863 -16.0639 0 166 255
24.1195 -0.777775 16.0104 0 166 255
23.1086 -9.11178 9.40211 0 166 255
10.6452 -19.1006 -3.52122 0 166 255
25.8577 -37.6804 1.48303 0 166 255
27.6552 27.2565 32.9699 0 166 255
25.6436 -11.9572 15.0754 0 166 255
18.8883 -49.7533 2.30119 0 166 255
28.285 -36.729 10.9929 0 166 255
17.5453 -18.0416 0.203977 0 166 255
15.6798 -34.5563 -15.6288 0 166 255
30.3611 -52.656 -5.61093 0 166 255
28.2281 -16.9444 21.0288 0 166 255
25.2108 -52.1297 5.37666 0 166 255
25.6073 -19.9165 7.40716 0 166 255
25.5134 -23.6345 12.2056 0 166 255
21.6484 1.2935 13.9827 0 166 255
29.8231 -57.4222 -12.4628 0 166 255
19.0632 -6.91725 7.30139 0 166 255
23.3118 -23.9316 0.971443 0 166 255
18.4996 -62.2501 -4.69503 0 166 255
25.3832 -47.4934 -17.8296 0 166 255
28.3969 7.24066 30.021 0 166 255
25.127 -49.0274 -7.83137 0 166 255
22.9472 -15.3359 20.2206 0 166 255
22.5898 -7.76174 28.4248 0 166 255
17.9277 -12.2327 -2.06006 0 166 255
30.8357 -33.3919 4.45171 0 166 255
23.3189 26.6087 39.1034 0 166 255
16.9122 -14.4365 1.97799 0 166 255
25.1236 -6.00889 19.2257 0 166 255
16.195 -24.9551 -4.281 0 166 255
30.3932 -49.7929 -2.90171 0 166 255
28.7206 15.243 26.0062 0 166 255
21.87 -48.7707 2.50464 0 166 255
22.9432 12.4816 30.6967 0 166 255
22.2705 -34.0388 11.4561 0 166 255
30.3568 -41.0331 3.81524 0 166 255
12.8483 -32.767 -9.54926 0 166 255
26.5076 0.0192642 30.5699 0 166 255
30.6619 -17.8986 11.0023 0 166 255
15.2194 -29.8597 -7.50643 0 166 255
30.6806 -35.8994 5.18037 0 166 255
22.8109 20.6153 31.751 0 166 255
24.1967 18.9293 37.8885 0 166 255
25.0754 -47.3669 -1.93052 0 166 255
23.1045 -65.1698 -8.83217 0 166 255
20.1192 -7.08349 1.51996 0 166 255
29.0472 -43.9475 -9.00855 0 166 255
22.2569 16.6337 18.6563 0 166 255
13.6358 -18.2307 -5.47451 0 166 255
24.2208 -9.75363 3.1798 0 166 255
24.5183 -16.515 7.06546 0 166 255
20.2597 -25.4581 18.2403 0 166 255
19.7781 -13.7612 -2.37216 0 166 255
25.8436 -35.6601 3.40329 0 166 255
23.517 -47.6057 -12.057 0 166 255
20.9305 -21.5192 -6.23145 0 166 255
19.6404 -43.4639 -14.3895 0 166 255
26.3636 -20.7421 21.5214 0 166 255
8.94354 -25.7621 -5.86846 0 166 255
23.3046 -22.2976 23.0537 0 166 255
17.4033 -33.9769 -9.57787 0 166 255
28.5371 -5.65927 25.2322 0 166 255
21.1044 19.5131 21.768 0 166 255
20.4254 5.56243 15.1232 0 166 255
19.5724 -41.1138 7.99638 0 166 255
16.743 3.00883 9.87841 0 166 255
21.4794 8.51273 17.7204 0 166 255
24.9734 -15.11 8.80596 0 166 255
17.3115 -15.1037 -3.78748 0 166 255
15.5811 0.518957 8.39211 0 166 255
27.8478 15.7082 33.6744 0 166 255
22.1019 -27.6424 -2.54989 0 166 255
16.6535 -43.9069 11.2994 0 166 255
25.957 -16.5644 0.953895 0 166 255
23.2899 -45.556 -11.3713 0 166 255
24.2142 27.8747 34.5075 0 166 255
23.1401 -8.53928 22.8504 0 166 255
30.0459 -23.204 14.3144 0 166 255
23.3254 16.4042 28.3769 0 166 255
19.4379 -61.4345 1.1976 0 166 255
24.027 -54.8802 -3.84024 0 166 255
21.7093 -64.727 -0.943531 0 166 255
28.8986 -33.1523 11.9439 0 166 255
18.077 -29.7308 -12.2417 0 166 255
20.6708 -69.5179 -8.67333 0 166 255
27.5709 -1.63089 28.4419 0 166 255
29.549 -7.3061 22.3072 0 166 255
17.2731 -47.1207 4.3713 0 166 255
29.5981 -13.7732 8.67412 0 166 255
26.7277 -6.00483 27.7726 0 166 255
19.7119 -67.6772 -7.81127 0 166 255
29.3281 -2.66178 24.4601 0 166 255
29.5419 -54.6649 -2.08822 0 166 255
26.5872 -49.7177 -17.1574 0 166 255
30.2681 -32.3246 8.98359 0 166 255
28.3471 4.94386 16.8103 0 166 255
29.965 -1.7174 21.4242 0 166 255
21.9529 -40.4076 13.6644 0 166 255
23.8704 -32.5966 -3.2074 0 166 255
27.9824 -15.7063 4.23349 0 166 255
15.6556 -54.1267 3.8922 0 166 255
29.3058 -11.4209 9.14437 0 166 255
17.9277 -39.4868 12.3844 0 166 255
23.7311 8.48983 27.3828 0 166 255
29.813 -18.4781 17.2293 0 166 255
21.533 -40.8899 -11.0602 0 166 255
24.0672 4.71661 34.5283 0 166 255
24.6141 27.9926 31.8123 0 166 255
30.6873 -41.5109 1.40052 0 166 255
24.8156 -21.162 22.643 0 166 255
30.051 -39.7687 5.60165 0 166 255
19.6031 -65.2981 -1.0541 0 166 255
25.1624 -59.13 -10.6131 0 166 255
18.0544 -36.4493 16.4192 0 166 255
27.3162 4.49881 31.22 0 166 255
29.3673 0.950426 17.7379 0 166 255
30.1168 -43.7532 -5.5767 0 166 255
24.4285 -1.91574 22.5141 0 166 255
28.7828 -67.7697 -7.88158 0 166 255
23.7262 -11.5223 27.9627 0 166 255
21.2991 24.7906 26.5631 0 166 255
20.0892 -13.8988 3.7885 0 166 255
29.8173 -47.7379 1.52127 0 166 255
22.7458 -5.82523 30.2252 0 166 255
22.24 -2.47164 12.7271 0 166 255
25.092 -34.3091 7.38181 0 166 255
19.1884 -30.7809 17.9763 0 166 255
25.5834 -29.1865 2.28378 0 166 255
19.9835 -39.9517 -11.9301 0 166 255
29.3904 -49.7868 -10.8858 0 166 255
26.7278 -57.3509 1.02261 0 166 255
22.8879 -56.6581 3.52872 0 166 255
24.7007 16.3609 38.1766 0 166 255
26.0076 -28.4968 4.08781 0 166 255
26.9564 -23.5899 -1.83224 0 166 255
25.661 -38.2698 3.0594 0 166 255
9.35846 -25.0956 -3.81821 0 166 255
25.0454 -54.9058 -8.34254 0 166 255
23.3414 -4.48695 31.1388 0 166 255
17.828 -55.46 -1.10529 0 166 255
23.1299 15.5611 32.5642 0 166 255
22.267 24.6748 37.0372 0 166 255
23.6731 -11.7187 20.5512 0 166 255
26.0833 11.8651 17.3704 0 166 255
28.4558 -41.2276 8.3234 0 166 255
24.9763 -43.4489 -5.9803 0 166 255
24.9632 -29.7478 0.449431 0 166 255
8.96189 -33.1233 -9.00651 0 166 255
26.984 -44.726 -13.6831 0 166 255
23.1181 -69.798 -4.16066 0 166 255
25.5256 -45.7247 -3.58634 0 166 255
23.9362 -43.6967 11.1913 0 166 255
30.8253 -36.6929 2.22316 0 166 255
25.9701 -31.8085 6.08442 0 166 255
29.7946 -4.5216 22.2348 0 166 255
21.4572 -35.2148 -14.1348 0 166 255
23.7004 7.80185 20.7003 0 166 255
21.0524 -16.257 21.8802 0 166 255
25.0712 -31.3462 9.07467 0 166 255
25.9842 19.6555 38.5135 0 166 255
22.8277 -26.6285 21.1102 0 166 255
11.2266 -10.1375 2.95895 0 166 255
10.0199 -22.2938 -5.54791 0 166 255
26.5869 25.1248 38.8028 0 166 255
28.5303 -8.56336 24.1152 0 166 255
26.176 -26.0773 8.57901 0 166 255
26.3437 -36.26 -9.93236 0 166 255
29.6185 -48.2341 -9.39455 0 166 255
28.5655 1.26817 15.0344 0 166 255
27.4165 -25.6643 -2.36121 0 166 255
22.5686 25.0591 30.685 0 166 255
26.9814 0.512684 11.8445 0 166 255
19.9817 -37.1804 -16.1223 0 166 255
23.4445 20.8554 21.4815 0 166 255
21.2405 18.3301 20.5201 0 166 255
29.3085 -18.5388 5.08375 0 166 255
17.8377 -70.6424 -5.2292 0 166 255
12.4277 -19.3279 -0.908191 0 166 255
20.213 14.7346 20.2375 0 166 255
23.0547 -63.6589 -7.8102 0 166 255
27.0118 4.25766 14.0947 0 166 255
17.2097 -46.9892 9.85623 0 166 255
24.3197 1.13504 17.793 0 166 255
24.2595 6.51524 34.9589 0 166 255
27.3873 -47.3267 -14.3637 0 166 255
11.0074 -23.0076 -7.65009 0 166 255
27.8672 -12.2307 6.23498 0 166 255
26.305 -26.6308 6.76284 0 166 255
30.0759 -46.1719 1.69789 0 166 255
29.6235 -43.5856 -7.31253 0 166 255
29.3481 -36.5511 -4.56543 0 166 255
28.9398 6.59838 19.8831 0 166 255
29.7386 -42.1968 -6.27202 0 166 255
26.9981 28.0378 35.9387 0 166 255
10.4481 -16.8488 -0.630378 0 166 255
30.0159 -50.6774 -1.07609 0 166 255
22.6766 -3.52069 28.2085 0 166 255
23.0301 -18.9667 18.4854 0 166 255
24.1747 -44.2868 -8.85434 0 166 255
24.3112 -43.1849 -16.7108 0 166 255
19.9063 -39.7211 -17.7299 0 166 255
25.8171 -12.4136 3.15164 0 166 255
25.9577 -30.4684 3.22704 0 166 255
22.8538 0.613506 29.1943 0 166 255
30.4603 -34.6105 0.159931 0 166 255
25.5451 -69.5452 -5.08926 0 166 255
29.6029 -65.2964 -8.9239 0 166 255
23.7786 -42.5302 -8.85743 0 166 255
24.8473 -54.4942 -12.1503 0 166 255
29.3267 6.56912 26.6303 0 166 255
25.0713 -57.5592 -11.217 0 166 255
15.0211 3.79165 11.5674 0 166 255
22.604 13.902 16.1023 0 166 255
29.4134 -15.19 7.39746 0 166 255
28.0218 -49.3325 -14.1347 0 166 255
9.72818 -30.4286 -11.6519 0 166 255
14.3737 -11.7242 3.42759 0 166 255
21.8761 -28.7414 -9.92877 0 166 255
17.1774 -21.7062 -2.0989 0 166 255
16.1899 -19.7087 -6.50436 0 166 255
16.8014 -62.4466 0.596821 0 166 255
28.6961 10.5572 21.8103 0 166 255
26.829 20.9588 24.0878 0 166 255
22.3043 15.4901 22.9528 0 166 255
28.9975 -28.0663 14.3634 0 166 255
20.1797 -22.7999 -7.3549 0 166 255
20.9706 -20.0188 22.399 0 166 255
24.0446 -4.69029 5.64478 0 166 255
10.1072 -23.8562 -2.87226 0 166 255
19.6887 -32.2964 -13.2538 0 166 255
24.9665 -50.1767 -3.61272 0 166 255
23.1082 -11.2772 1.30558 0 166 255
20.9701 11.4667 18.8741 0 166 255
30.7784 -29.5252 7.21634 0 166 255
22.6633 17.8365 25.2178 0 166 255
24.4673 -25.2081 1.92375 0 166 255
14.27 -35.0526 -13.0264 0 166 255
22.0051 25.7322 27.6902 0 166 255
23.0339 -30.1267 13.0263 0 166 255
25.7569 -20.0907 12.904 0 166 255
27.2304 -52.8208 -17.7432 0 166 255
20.3739 -18.4258 -4.71059 0 166 255
25.3952 0.642143 32.0243 0 166 255
24.8492 -16.4727 16.6079 0 166 255
30.0115 -52.2887 -2.12325 0 166 255
21.2846 -13.6543 -1.53068 0 166 255
23.7701 23.7945 39.2812 0 166 255
21.2044 6.66343 16.4809 0 166 255
23.2636 -56.0749 -3.12982 0 166 255
30.7978 -38.4854 1.86947 0 166 255
24.6536 -46.0515 -18.0128 0 166 255
15.0398 -35.481 -14.2843 0 166 255
24.2991 -1.49102 7.6756 0 166 255
19.3988 -19.8603 -0.049438 0 166 255
23.6051 3.82836 33.0284 0 166 255
28.7423 -59.7999 -3.30155 0 166 255
22.7458 -36.0548 16.0435 0 166 255
27.0039 -15.547 2.88181 0 166 255
18.3402 -63.8937 -5.52427 0 166 255
21.1364 -50.4641 7.65272 0 166 255
14.5672 -0.778091 7.9344 0 166 255
22.2324 -3.7942 26.757 0 166 255
20.8523 1.52551 6.8492 0 166 255
21.4562 -16.0584 24.9174 0 166 255
30.5614 -29.0228 3.85997 0 166 255
19.2866 -34.4566 13.4815 0 166 255
30.5592 -39.0236 4.02126 0 166 255
30.2171 -9.98497 13.643 0 166 255
22.6959 -32.3581 11.9949 0 166 255
28.8392 -20.4921 2.97887 0 166 255
27.8265 -61.1637 -2.52541 0 166 255
27.1388 17.5027 22.4535 0 166 255
25.9859 -69.5059 -7.74097 0 166 255
22.3252 -61.2086 -5.21298 0 166 255
24.6427 -20.5721 4.91342 0 166 255
24.5947 -5.96587 29.8592 0 166 255
21.848 -10.2543 0.849145 0 166 255
25.1351 -25.6374 12.2926 0 166 255
22.8483 23.608 25.3312 0 166 255
26.3583 2.04428 31.5702 0 166 255
30.0316 -64.6773 -12.2485 0 166 255
28.3616 19.2719 32.0345 0 166 255
25.8851 -29.7103 8.16893 0 166 255
25.9268 -24.0464 10.6315 0 166 255
21.8202 -12.1215 24.7901 0 166 255
23.5013 2.39046 9.16986 0 166 255
16.7967 -32.0093 -13.8918 0 166 255
23.4008 -19.0382 24.6054 0 166 255
17.9367 -8.22775 0.156076 0 166 255
29.7495 -34.2528 -2.18997 0 166 255
21.6838 -42.4804 -18.434 0 166 255
29.8881 -35.8434 -2.63012 0 166 255
21.2621 -24.0745 -1.14452 0 166 255
23.8995 -14.895 19.0571 0 166 255
12.0752 -5.49936 5.47539 0 166 255
22.203 -69.2008 -7.70982 0 166 255
23.2912 15.3572 25.4712 0 166 255
23.3524 -21.4602 2.48064 0 166 255
22.2512 -46.5511 3.81644 0 166 255
25.0924 -3.87068 16.8813 0 166 255
16.7172 -23.81 -8.90869 0 166 255
29.0292 -49.427 2.48666 0 166 255
19.6262 -32.7335 13.6417 0 166 255
28.218 -0.112804 27.9065 0 166 255
21.5783 14.0607 21.0789 0 166 255
22.5996 18.0773 19.6546 0 166 255
26.2605 -54.4402 3.24892 0 166 255
22.4296 -47.9675 -14.1116 0 166 255
24.888 11.4946 15.857 0 166 255
26.1541 -22.4682 9.9867 0 166 255
24.3505 -32.6337 9.78306 0 166 255
18.1194 -23.5954 -8.53196 0 166 255
23.0102 0.0374947 14.7855 0 166 255
20.6915 -45.4107 5.12477 0 166 255
29.6995 3.52819 21.6691 0 166 255
23.175 -0.250807 7.38273 0 166 255
24.3586 -43.9516 3.14482 0 166 255
18.0661 -41.7893 8.85914 0 166 255
12.7757 -33.1086 -13.5501 0 166 255
27.8411 13.3431 33.0431 0 166 255
26.4139 20.0806 22.7417 0 166 255
25.3778 -24.5198 20.5479 0 166 255
26.1442 -70.3389 -6.25035 0 166 255
12.6916 -23.3997 -8.4232 0 166 255
21.4863 -57.6778 -2.6793 0 166 255
24.5878 -64.9298 -1.995 0 166 255
26.2799 -6.67843 6.86838 0 166 255
11.3623 -21.7697 -2.02613 0 166 255
19.2907 -43.7294 -17.1299 0 166 255
23.0675 -50.5394 -14.7532 0 166 255
23.701 -54.5408 -16.2652 0 166 255
27.223 -22.3701 -0.75344 0 166 255
24.8038 -12.9104 9.78154 0 166 255
25.0264 -43.0092 1.44361 0 166 255
28.6573 -63.5071 -5.28014 0 166 255
21.7045 12.0516 15.182 0 166 255
20.4415 -24.2987 19.5739 0 166 255
18.6256 -1.49361 6.00222 0 166 255
18.066 -32.53 -8.3333 0 166 255
23.0753 -62.1501 0.206397 0 166 255
24.6775 -51.7263 -3.60715 0 166 255
28.8633 -65.9785 -7.11293 0 166 255
20.2427 9.57935 13.8305 0 166 255
20.9342 -18.6487 21.2924 0 166 255
29.5342 -25.8949 1.67817 0 166 255
22.9346 -9.04738 2.40536 0 166 255
25.0452 19.6262 20.5708 0 166 255
29.5347 6.60547 23.5007 0 166 255
24.5515 -44.7601 10.2855 0 166 255
20.0542 -4.1836 3.09949 0 166 255
25.4727 -68.1141 -14.9046 0 166 255
27.0955 -68.8655 -5.96278 0 166 255
25.3053 -43.7017 -15.7832 0 166 255
28.0923 -43.5276 7.58101 0 166 255
18.7399 -30.0271 19.4623 0 166 255
30.7403 -32.3153 3.11343 0 166 255
24.624 -16.3612 25.0656 0 166 255
23.8438 -20.4868 3.67895 0 166 255
24.4021 -60.3798 0.777684 0 166 255
25.7082 -26.3034 10.3206 0 166 255
30.1346 -38.3463 6.22136 0 166 255
20.1976 -62.9363 0.271502 0 166 255
23.1611 -46.9706 -18.8771 0 166 255
25.4769 -43.8211 -3.09993 0 166 255
16.4178 -56.2688 -0.0186291 0 166 255
17.9821 -70.0916 -3.88166 0 166 255
27.5132 -2.66312 11.0126 0 166 255
25.5413 -10.2392 16.0519 0 166 255
22.5287 21.0229 35.2384 0 166 255
12.3702 -6.74416 3.80254 0 166 255
30.0039 -65.6804 -14.1463 0 166 255
15.8268 -53.0874 5.01081 0 166 255
23.5619 -16.2304 5.76364 0 166 255
26.0258 2.20642 11.5472 0 166 255
30.8344 -34.9838 3.74012 0 166 255
28.7784 13.4087 24.5969 0 166 255
23.6477 -34.5715 16.5173 0 166 255
22.8902 14.627 31.1024 0 166 255
20.6062 -32.4585 18.6135 0 166 255
24.5971 -9.40232 11.8533 0 166 255
14.1925 -32.8715 -14.6095 0 166 255
11.4257 -14.2197 -1.55271 0 166 255
23.7767 -4.26057 13.7557 0 166 255
24.3396 -18.067 17.008 0 166 255
30.7642 -30.1091 5.17129 0 166 255
18.1175 -44.317 5.91278 0 166 255
17.919 -68.4309 -8.01247 0 166 255
21.208 -16.9122 -3.43824 0 166 255
17.7764 -43.796 7.65648 0 166 255
13.7154 -13.7466 -2.83844 0 166 255
30.1012 -60.7389 -9.96544 0 166 255
27.7112 -35.9222 12.2627 0 166 255
23.3356 -24.4983 15.6411 0 166 255
23.3642 1.0224 31.338 0 166 255
30.0787 -55.497 -9.92761 0 166 255
24.2496 -15.0548 7.502 0 166 255
23.4226 20.131 36.5032 0 166 255
22.9756 -6.83084 23.7327 0 166 255
21.9725 22.8405 35.0533 0 166 255
22.5214 22.5837 33.29 0 166 255
21.295 -19.7178 1.29178 0 166 255
15.8375 -15.7349 1.14435 0 166 255
26.3372 -34.6819 -9.02664 0 166 255
28.7318 16.6422 28.5495 0 166 255
22.3999 -18.375 25.4363 0 166 255
26.0309 -59.7186 -16.3711 0 166 255
23.4012 1.9899 26.2515 0 166 255
22.7196 5.69526 28.6388 0 166 255
16.3345 -26.7362 -10.7303 0 166 255
23.0283 -2.27778 29.6396 0 166 255
21.6345 -36.6813 10.2969 0 166 255
25.5232 26.4683 29.3338 0 166 255
26.0632 -15.7988 24.1295 0 166 255
17.4751 10.5858 16.0099 0 166 255
28.3687 -30.6252 -3.42983 0 166 255
18.9539 -43.0349 6.74152 0 166 255
16.6726 -53.065 1.10898 0 166 255
27.5112 -5.7887 9.06477 0 166 255
24.3978 -31.9529 -1.92957 0 166 255
13.5797 -5.70191 3.9405 0 166 255
22.4429 15.4181 17.5748 0 166 255
21.5598 -29.0968 -3.93736 0 166 255
23.7709 -2.80319 24.0767 0 166 255
27.5431 -20.6278 20.2649 0 166 255
30.4748 -32.5634 1.14144 0 166 255
25.1213 -27.5227 -6.49915 0 166 255
22.0504 20.7099 22.5028 0 166 255
16.3776 -31.4519 -8.28259 0 166 255
25.5479 -34.495 -0.0960035 0 166 255
23.9638 13.9064 34.0772 0 166 255
30.3399 -39.4477 -2.75967 0 166 255
30.0628 -20.47 6.0729 0 166 255
29.456 -20.4703 17.138 0 166 255
11.6733 -15.5716 -2.79014 0 166 255
18.388 -35.6177 15.0989 0 166 255
16.6319 -50.1614 5.6172 0 166 255
29.7168 -67.856 -10.9689 0 166 255
25.8921 -18.9364 22.8183 0 166 255
25.1811 -47.7269 -6.89057 0 166 255
23.8249 -33.9403 -4.11339 0 166 255
14.0605 -14.9931 1.55352 0 166 255
29.5075 -17.5012 18.4098 0 166 255
26.2108 -0.749178 10.0798 0 166 255
25.461 -1.41181 31.0913 0 166 255
22.7202 -5.12394 11.6139 0 166 255
28.6749 -69.02 -15.4479 0 166 255
16.7494 -22.475 -8.0975 0 166 255
19.9362 6.93733 15.4338 0 166 255
27.9985 -18.0746 2.91875 0 166 255
17.1601 -51.6958 1.19659 0 166 255
9.31305 -24.0429 -5.68655 0 166 255
22.9923 -32.5174 17.914 0 166 255
27.2368 -18.8632 1.31757 0 166 255
21.5688 -14.7562 23.8109 0 166 255
20.4759 -53.1408 0.103237 0 166 255
29.3969 -65.787 -17.6988 0 166 255
29.8353 -60.578 -13.6358 0 166 255
13.1413 -21.8906 -7.56253 0 166 255
26.879 -51.3716 4.51314 0 166 255
29.1515 11.6483 26.711 0 166 255
25.0409 -0.335611 8.97923 0 166 255
22.7199 -66.924 -8.9455 0 166 255
22.7876 3.87645 16.77 0 166 255
24.839 -59.2995 -15.3822 0 166 255
20.5829 -26.5071 16.5034 0 166 255
16.3174 -49.4534 6.92742 0 166 255
22.4391 -1.10502 27.8815 0 166 255
17.1249 -54.1957 -0.369119 0 166 255
16.2844 -8.49802 -0.0670476 0 166 255
27.9826 21.4735 34.0477 0 166 255
22.8197 16.5098 30.8563 0 166 255
11.143 -29.52 -12.1531 0 166 255
22.6142 25.7181 32.3613 0 166 255
25.6516 7.6269 34.6728 0 166 255
26.0321 21.3667 38.9135 0 166 255
15.7301 -62.0847 -0.458343 0 166 255
14.6715 -25.5947 -4.81174 0 166 255
15.7836 -6.83952 6.11228 0 166 255
29.2097 -68.233 -12.6925 0 166 255
26.5039 -7.72689 27.277 0 166 255
22.294 -70.9263 -5.01929 0 166 255
23.1241 17.8926 28.7411 0 166 255
22.7774 23.4374 30.2371 0 166 255
13.6995 -24.3368 -4.05808 0 166 255
14.2073 -26.9459 -5.69589 0 166 255
23.9417 0.245121 24.5501 0 166 255
28.4788 -32.6413 -4.35741 0 166 255
20.5935 22.4838 24.7586 0 166 255
24.784 -44.7952 -7.37722 0 166 255
26.3335 -26.4204 18.7297 0 166 255
21.7458 -21.1467 0.855065 0 166 255
30.3119 -15.7594 10.1811 0 166 255
30.192 -7.58819 19.1519 0 166 255
22.5244 27.2892 31.6999 0 166 255
23.4422 -7.69273 10.78 0 166 255
24.538 -36.261 7.47023 0 166 255
30.7486 -21.0755 9.47022 0 166 255
26.2435 -31.9914 -7.64526 0 166 255
22.4298 8.30417 11.9152 0 166 255
28.4879 1.68109 28.0434 0 166 255
10.3509 -29.1512 -6.57015 0 166 255
22.2731 -62.9041 -6.1843 0 166 255
19.1745 -1.41833 10.6586 0 166 255
27.4624 -6.93711 26.4606 0 166 255
29.528 -67.0775 -9.66232 0 166 255
25.5474 -36.7175 14.1346 0 166 255
24.2496 -63.7837 -10.1827 0 166 255
29.4518 -8.8146 10.9745 0 166 255
30.1746 -22.9413 5.0624 0 166 255
21.8191 -15.8807 26.8797 0 166 255
24.987 -69.19 -9.35432 0 166 255
23.9107 6.80367 33.2806 0 166 255
22.2112 7.22573 17.8737 0 166 255
30.3934 -50.6603 -5.89334 0 166 255
23.2021 -43.7922 -10.5918 0 166 255
25.5586 -21.91 12.6782 0 166 255
12.169 -34.3283 -10.5765 0 166 255
24.7265 0.529663 21.9063 0 166 255
17.2575 -46.2576 6.26617 0 166 255
25.8169 -10.6396 4.28676 0 166 255
28.6236 -14.0997 21.6522 0 166 255
19.519 -21.2153 -6.71143 0 166 255
19.7927 17.963 21.5309 0 166 255
29.1964 -55.2089 -14.1354 0 166 255
30.4966 -27.5094 4.26402 0 166 255
25.7467 -13.8733 12.279 0 166 255
15.206 -12.9417 2.67745 0 166 255
25.4143 28.3021 33.446 0 166 255
16.7951 -47.8188 6.09868 0 166 255
22.1815 -67.6458 -2.71575 0 166 255
23.6424 -68.9473 -11.9195 0 166 255
30.34 -11.4498 13.2406 0 166 255
21.9555 -42.7699 -11.6821 0 166 255
19.7535 6.19375 11.4582 0 166 255
17.0607 4.37715 12.6534 0 166 255
19.698 -37.7291 10.2646 0 166 255
28.7895 15.113 29.5509 0 166 255
25.4647 -29.4788 17.9741 0 166 255
10.6655 -27.7338 -10.7658 0 166 255
28.2394 -45.3541 -11.5745 0 166 255
13.6418 -13.0194 2.79666 0 166 255
25.1359 -64.8094 -13.0413 0 166 255
20.784 8.39791 12.8458 0 166 255
27.2835 16.6624 35.3113 0 166 255
15.0487 -4.82837 3.74645 0 166 255
29.0578 -16.7476 19.7043 0 166 255
25.4725 23.245 40.3012 0 166 255
29.0921 8.89298 22.1826 0 166 255
17.9961 -13.7294 -2.87309 0 166 255
24.0579 -52.5226 -17.5434 0 166 255
24.608 -33.2464 16.6877 0 166 255
28.8975 14.9569 27.4813 0 166 255
28.4437 -24.5573 17.078 0 166 255
21.4241 -70.0502 -6.17528 0 166 255
11.0629 -27.9394 -5.94405 0 166 255
26.8074 -35.4746 13.606 0 166 255
16.8146 -50.8281 2.92389 0 166 255
29.8428 -0.616529 22.5466 0 166 255
30.6205 -17.8919 12.728 0 166 255
28.5342 -12.2322 22.5853 0 166 255
22.6942 2.28476 29.1126 0 166 255
22.3869 -9.50374 27.463 0 166 255
25.3579 -47.0594 -4.35558 0 166 255
30.3036 -42.6413 -4.3294 0 166 255
30.0256 -2.5254 20.0051 0 166 255
22.016 -13.3782 5.60627 0 166 255
29.7808 -6.82865 13.5559 0 166 255
19.0579 -25.1297 -3.41446 0 166 255
16.844 0.0395985 10.2543 0 166 255
27.5904 -28.1718 -3.54024 0 166 255
18.7772 14.6373 19.0324 0 166 255
26.4489 5.27736 32.7412 0 166 255
29.973 -56.6575 -11.1391 0 166 255
21.4089 -34.3135 -7.10799 0 166 255
21.4347 17.15 22.9238 0 166 255
28.4694 -31.8115 13.356 0 166 255
27.336 -33.9202 13.8117 0 166 255
8.54475 -29.7191 -6.58992 0 166 255
24.712 -14.178 0.991394 0 166 255
19.5312 -2.57063 3.92056 0 166 255
20.1458 -30.4778 -11.953 0 166 255
22.5074 19.1401 25.992 0 166 255
29.7303 -28.1763 0.962348 0 166 255
15.9505 1.72058 9.12155 0 166 255
20.3155 -6.09929 8.6964 0 166 255
28.3809 17.5333 32.1436 0 166 255
21.217 -40.3097 -17.4027 0 166 255
17.7007 -48.5698 3.10473 0 166 255
25.752 -18.5967 8.79746 0 166 255
16.1415 -11.8077 3.38116 0 166 255
25.1457 -29.2775 10.2152 0 166 255
25.1011 -30.4805 -8.2296 0 166 255
29.9628 -64.2657 -10.4304 0 166 255
20.5176 -23.3004 21.2522 0 166 255
16.8101 -26.6238 -5.16049 0 166 255
29.3267 -10.085 9.95476 0 166 255
22.5125 -52.4241 -0.383247 0 166 255
26.7807 -40.2218 11.0805 0 166 255
23.702 -7.18356 29.9419 0 166 255
22.7614 -51.0808 6.97285 0 166 255
28.2317 -23.5419 0.126872 0 166 255
17.9351 -39.7344 -13.0932 0 166 255
24.3502 -60.2348 -8.23252 0 166 255
22.0992 -59.2275 2.15931 0 166 255
23.163 16.8838 26.5857 0 166 255
23.4635 -59.477 -5.354 0 166 255
25.0405 -8.54905 18.8935 0 166 255
27.2876 9.12769 17.429 0 166 255
23.3699 4.20563 31.1514 0 166 255
25.3076 -44.3046 -4.56258 0 166 255
26.1101 16.7794 37.41 0 166 255
26.4 10.279 34.7501 0 166 255
25.2133 -18.5664 14.9983 0 166 255
21.4391 -13.2625 23.3443 0 166 255
25.9781 3.85438 12.4604 0 166 255
29.8307 -26.089 13.5017 0 166 255
25.624 -17.1321 9.29046 0 166 255
24.9324 -42.0808 2.87454 0 166 255
30.1714 -54.3406 -4.69023 0 166 255
24.9589 -52.2166 -10.4658 0 166 255
29.8322 -32.7876 -1.14254 0 166 255
29.929 -8.53848 13.2198 0 166 255
20.0546 2.62765 13.3754 0 166 255
25.797 7.47896 14.3909 0 166 255
30.2053 -27.9144 2.53455 0 166 255
25.7358 -32.8262 1.54833 0 166 255
28.7107 -0.731295 14.2186 0 166 255
11.1898 -13.0746 -0.331783 0 166 255
19.81 -29.0213 20.6457 0 166 255
30.5605 -15.4068 12.1245 0 166 255
19.2108 -33.4309 18.1924 0 166 255
23.8493 -56.7318 -4.44169 0 166 255
29.3154 -29.7615 12.8518 0 166 255
23.7528 -49.0883 0.451896 0 166 255
27.0021 2.54799 13.0765 0 166 255
18.2451 -43.3407 -15.7703 0 166 255
19.8831 13.2898 19.0559 0 166 255
19.5388 -44.6088 11.3984 0 166 255
28.261 -30.415 14.3758 0 166 255
22.827 -58.1957 -3.81704 0 166 255
28.3314 4.91241 29.4783 0 166 255
22.0048 -11.5981 22.8187 0 166 255
25.809 -36.3707 0.33715 0 166 255
30.6519 -20.7641 12.4926 0 166 255
29.0251 10.5363 23.4367 0 166 255
28.4905 -34.7581 -5.49805 0 166 255
25.0317 17.2666 19.2827 0 166 255
29.0711 -19.3561 18.4639 0 166 255
26.2813 23.0201 38.9448 0 166 255
10.5095 -18.8948 -0.0259295 0 166 255
19.3644 -24.4583 -8.66005 0 166 255
16.3365 -64.0308 -2.48677 0 166 255
17.6635 -16.0057 1.27889 0 166 255
28.0129 -56.7678 -18.2571 0 166 255
18.7059 10.9719 16.9614 0 166 255
19.3988 4.07256 13.6767 0 166 255
23.561 -35.6317 -12.8121 0 166 255
22.9186 -11.1465 7.95401 0 166 255
10.8742 -12.8941 1.27388 0 166 255
18.1584 -36.9636 -16.6912 0 166 255
20.9176 -60.2618 1.75917 0 166 255
18.439 3.21386 12.6376 0 166 255
24.4884 3.69214 20.4945 0 166 255
28.8063 9.1539 29.3749 0 166 255
29.7016 -68.3869 -14.5381 0 166 255
27.6709 -10.0109 6.94789 0 166 255
30.1026 -48.7707 -7.58245 0 166 255
21.1021 -18.7192 23.6924 0 166 255
29.3119 -23.6142 16.0121 0 166 255
28.4327 -36.1625 -6.36222 0 166 255
30.1184 -6.06415 19.7773 0 166 255
26.7483 7.98696 33.4128 0 166 255
29.0906 2.6667 17.739 0 166 255
18.9899 -32.1957 17.0998 0 166 255
22.1094 -19.4662 -4.32447 0 166 255
27.0809 -24.878 18.7237 0 166 255
29.3372 -62.151 -6.22625 0 166 255
10.6263 -17.5938 -2.24885 0 166 255
29.3308 -52.6028 -0.216594 0 166 255
26.3524 -47.8286 -16.502 0 166 255
21.8509 -0.592546 6.18056 0 166 255
25.335 -43.6911 -0.328699 0 166 255
22.7162 -25.0764 21.939 0 166 255
30.6005 -41.6063 -2.00795 0 166 255
27.3909 -7.37607 7.95124 0 166 255
20.6962 -9.34763 6.90244 0 166 255
30.1727 -57.4361 -9.15533 0 166 255
23.8656 -6.00876 4.79725 0 166 255
23.8672 -41.0928 -7.96507 0 166 255
19.3572 7.51245 12.4119 0 166 255
25.0882 -39.083 4.59519 0 166 255
20.7735 -7.96766 7.86345 0 166 255
17.7547 12.2201 16.6422 0 166 255
28.9149 -38.3595 -6.47788 0 166 255
22.6696 -35.0735 -6.35784 0 166 255
27.7625 26.2392 31.6787 0 166 255
25.2921 -50.7267 -6.82255 0 166 255
22.4837 10.3701 20.0343 0 166 255
30.4863 -13.0059 13.4298 0 166 255
22.5929 22.8284 28.76 0 166 255
23.1373 10.1729 13.2761 0 166 255
30.0152 -10.7246 11.7524 0 166 255
29.617 -46.8781 -8.81791 0 166 255
14.5277 -2.29055 6.61363 0 166 255
23.7945 8.73443 12.9929 0 166 255
16.9742 -40.2313 -14.1767 0 166 255
18.8974 -66.4774 -1.68346 0 166 255
23.97 -4.90807 22.9635 0 166 255
20.8685 -39.585 8.83029 0 166 255
24.9649 -37.5167 5.89327 0 166 255
30.2089 -7.03782 15.6419 0 166 255
18.5024 -53.1497 0.338269 0 166 255
29.9951 -62.0721 -12.9332 0 166 255
9.62461 -34.3994 -10.4044 0 166 255
16.5082 -5.76381 6.84552 0 166 255
29.7309 -3.14218 22.848 0 166 255
19.2025 -59.863 -3.69017 0 166 255
28.832 -2.48459 13.5047 0 166 255
28.0122 23.656 32.8724 0 166 255
28.0471 -2.69603 27.2725 0 166 255
25.0694 -53.8095 -10.6128 0 166 255
22.3792 21.052 33.3167 0 166 255
30.7343 -41.3857 -0.19456 0 166 255
30.0425 -13.9674 18.2584 0 166 255
28.9998 13.5589 26.4803 0 166 255
19.7277 12.0889 16.0738 0 166 255
23.0129 -65.4681 -1.68855 0 166 255
18.607 -54.9307 5.12377 0 166 255
13.1886 -9.93927 0.254837 0 166 255
21.3812 -16.4867 23.4252 0 166 255
27.1585 -55.8001 1.5288 0 166 255
22.0392 -8.81665 25.4487 0 166 255
17.119 -9.98161 -0.924684 0 166 255
22.197 -55.7163 -2.03881 0 166 255
23.6875 -69.784 -10.6558 0 166 255
16.2683 -28.0152 -11.5125 0 166 255
30.0156 -66.586 -12.5397 0 166 255
30.5108 -48.0352 -3.03317 0 166 255
28.3843 16.5304 25.3592 0 166 255
21.7867 -13.9908 25.4331 0 166 255
30.4356 -10.8386 15.4547 0 166 255
19.9986 -25.8081 20.567 0 166 255
19.1 -11.213 -1.19165 0 166 255
23.2433 -47.4185 2.28528 0 166 255
26.7556 -39.4812 -11.1546 0 166 255
23.9257 10.6676 33.252 0 166 255
24.8565 -34.5703 -2.54375 0 166 255
28.0218 21.7028 28.3061 0 166 255
25.8551 -15.4767 11.6287 0 166 255
28.5316 15.2162 31.3252 0 166 255
27.0999 25.2809 27.6562 0 166 255
22.1948 -8.07543 24.1709 0 166 255
29.4865 -21.8427 16.4772 0 166 255
13.7313 -5.72358 6.74831 0 166 255
28.1432 -65.3446 -5.38748 0 166 255
28.8744 -37.6066 9.58639 0 166 255
24.5902 4.57407 21.902 0 166 255
28.0003 -64.4604 -17.2472 0 166 255
19.1039 -37.429 15.825 0 166 255
26.0793 -20.7343 9.12816 0 166 255
16.0475 -33.1349 -14.6945 0 166 255
18.2296 -58.6112 -2.90565 0 166 255
19.3141 -34.9856 -9.24964 0 166 255
21.0315 13.5757 16.816 0 166 255
19.9565 -38.7656 14.9511 0 166 255
30.3352 -28.2012 10.8332 0 166 255
26.5813 -48.6766 6.43333 0 166 255
16.9591 -36.0425 -11.0615 0 166 255
22.5174 13.6945 22.1539 0 166 255
24.9707 -2.52395 20.6989 0 166 255
21.0806 -61.8 0.844088 0 166 255
29.3873 -57.5234 -14.5993 0 166 255
28.8991 13.2761 29.2272 0 166 255
24.8289 -48.4289 -9.14508 0 166 255
24.9918 -56.9675 2.56126 0 166 255
23.3737 -63.6894 -0.780379 0 166 255
12.8452 -27.3984 -6.01429 0 166 255
24.0194 -54.5588 4.45763 0 166 255
10.8185 -35.3341 -11.3284 0 166 255
17.2474 -5.29824 2.21502 0 166 255
22.1883 -45.6384 -13.1377 0 166 255
28.6345 -56.4641 -16.5713 0 166 255
28.0056 -1.43355 12.4895 0 166 255
13.684 -34.6901 -11.3724 0 166 255
27.1813 24.0455 37.1482 0 166 255
18.1538 2.1794 8.97902 0 166 255
25.8538 0.855949 10.5342 0 166 255
23.8404 1.08508 8.69202 0 166 255
16.5441 -28.9588 -6.67634 0 166 255
19.7693 -23.5554 -2.00615 0 166 255
23.183 -20.6156 23.9613 0 166 255
30.6142 -30.7542 2.95548 0 166 255
27.8855 -50.4447 3.86656 0 166 255
27.4215 6.82223 16.2366 0 166 255
20.7457 23.6994 25.7496 0 166 255
16.2696 -38.4898 -13.0553 0 166 255
22.8685 -32.2277 -4.4025 0 166 255
25.2143 -42.3324 -4.59598 0 166 255
18.9038 -22.0948 -1.6725 0 166 255
27.9933 -55.1405 -17.5627 0 166 255
16.0622 -55.8776 1.65489 0 166 255
29.9735 -52.0695 -9.48726 0 166 255
28.574 -10.1728 8.31327 0 166 255
30.6848 -26.5238 5.71235 0 166 255
24.9958 -27.4351 11.6064 0 166 255
21.2818 19.5397 24.1483 0 166 255
25.4658 -36.0606 -1.39073 0 166 255
20.0906 0.161346 12.1405 0 166 255
26.0429 -21.0362 11.1431 0 166 255
20.4067 -30.511 19.7416 0 166 255
25.5448 -61.8179 -0.699415 0 166 255
14.2993 -6.86815 2.06788 0 166 255
26.4166 25.5429 26.2112 0 166 255
12.4802 -13.2374 -1.73759 0 166 255
26.411 -63.9693 -16.3423 0 166 255
30.2317 -18.6759 7.77621 0 166 255
25.1521 -31.9842 -0.358502 0 166 255
25.5678 -3.36991 7.8612 0 166 255
24.4772 -21.5283 -3.55421 0 166 255
13.4767 -16.7267 -4.56944 0 166 255
23.2069 -1.7176 25.3596 0 166 255
18.5748 -38.3753 11.3034 0 166 255
21.937 -19.8815 24.8771 0 166 255
21.4967 21.93 25.7699 0 166 255
28.9809 -34.4136 11.1231 0 166 255
15.3586 -22.134 -2.74121 0 166 255
29.1858 -34.8963 -4.08141 0 166 255
26.0138 -18.8753 11.6336 0 166 255
21.6469 4.75347 15.8679 0 166 255
30.3341 -8.85268 17.8048 0 166 255
18.4393 -56.8806 -1.8792 0 166 255
30.102 -59.6561 -8.62768 0 166 255
17.3968 -20.9188 -7.10002 0 166 255
25.2313 -50.2609 -5.29642 0 166 255
29.2086 7.04638 21.2331 0 166 255
23.8078 -28.6119 12.7865 0 166 255
23.9146 -42.3759 5.00875 0 166 255
26.3931 -37.6617 -10.6515 0 166 255
11.7655 -22.994 -2.8996 0 166 255
26.383 22.5886 24.263 0 166 255
27.883 -47.6766 5.49511 0 166 255
16.6697 -47.2676 7.45639 0 166 255
23.8736 -60.2627 -6.75863 0 166 255
25.9845 -31.026 16.7011 0 166 255
20.8221 -28.3396 15.3969 0 166 255
22.5273 -48.6817 8.51039 0 166 255
23.5999 -29.468 -1.80318 0 166 255
22.8685 -20.8635 -4.57665 0 166 255
24.9142 12.664 37.2048 0 166 255
25.0047 -56.5227 -8.60629 0 166 255
24.7408 -67.8939 -12.846 0 166 255
10.1336 -20.5612 -2.64827 0 166 255
16.8122 -0.548929 7.29554 0 166 255
25.1501 -18.4049 7.24394 0 166 255
29.3469 -59.1275 -15.4753 0 166 255
21.2465 2.99488 14.575 0 166 255
25.2389 -11.7884 17.6566 0 166 255
26.8634 -8.14992 6.81441 0 166 255
30.1582 -46.8433 -6.48405 0 166 255
24.6345 -14.7482 17.699 0 166 255
27.4101 -0.101374 29.3157 0 166 255
28.2197 10.9907 31.5258 0 166 255
27.3975 -68.5681 -11.3303 0 166 255
19.1583 -59.8883 2.11925 0 166 255
25.1857 -61.1736 -13.2442 0 166 255
29.1574 -52.5185 -12.9507 0 166 255
15.9655 -66.6378 -2.50972 0 166 255
27.2014 14.7464 34.8997 0 166 255
29.1154 -47.6054 3.38407 0 166 255
30.5715 -14.6726 14.9268 0 166 255
19.7288 -28.8064 18.541 0 166 255
22.5002 18.6452 32.8312 0 166 255
22.1614 -9.82522 7.91526 0 166 255
16.6653 -65.5904 -6.2147 0 166 255
23.707 0.678286 16.3678 0 166 255
20.5456 -52.9542 6.19841 0 166 255
17.6127 -30.9312 -13.0804 0 166 255
25.4924 -40.9897 -13.9368 0 166 255
16.7214 -59.7872 2.0225 0 166 255
8.63499 -28.6906 -8.54541 0 166 255
26.2326 -9.19156 26.9424 0 166 255
11.0481 -26.0276 -9.79012 0 166 255
17.3822 -13.1744 2.82117 0 166 255
17.1964 6.21355 13.6177 0 166 255
23.7064 -8.00021 3.60834 0 166 255
22.8987 -30.2798 -10.1122 0 166 255
15.3852 -57.6438 2.14103 0 166 255
25.8411 -23.3756 6.05267 0 166 255
17.5313 -34.9142 -15.55 0 166 255
21.0636 -62.4974 -5.32451 0 166 255
30.0771 -48.9764 -0.194398 0 166 255
19.3056 -47.0415 9.90395 0 166 255
23.6884 12.0761 14.8881 0 166 255
9.47116 -32.0138 -12.326 0 166 255
14.5724 -32.3334 -9.27463 0 166 255
22.1424 -4.86071 25.4683 0 166 255
23.3529 -37.1236 15.2381 0 166 255
17.4702 -4.1901 8.10138 0 166 255
29.6559 -56.0221 -3.35448 0 166 255
21.2671 -18.2989 2.22102 0 166 255
21.9204 -50.068 1.5493 0 166 255
22.3683 -31.3322 18.7866 0 166 255
27.818 -13.7819 23.0299 0 166 255
29.1043 -28.475 -0.832838 0 166 255
30.2576 -8.57441 14.8866 0 166 255
29.7228 -24.067 3.06903 0 166 255
27.8377 16.9059 23.716 0 166 255
16.5332 -62.4511 -3.88164 0 166 255
29.4114 5.18188 20.7844 0 166 255
23.0564 -0.12085 26.1035 0 166 255
29.519 -51.3329 -11.1333 0 166 255
11.9739 -17.9437 0.0740204 0 166 255
27.1131 28.1213 31.145 0 166 255
27.7421 9.21217 32.1258 0 166 255
28.6778 -54.9747 -15.6906 0 166 255
16.2469 -1.86867 6.41129 0 166 255
28.2195 -6.96322 9.51202 0 166 255
29.4415 4.82478 25.8508 0 166 255
20.7503 -21.63 20.9069 0 166 255
24.0581 10.9922 26.2602 0 166 255
22.6612 22.1775 23.6738 0 166 255
25.4131 -45.1789 -1.78084 0 166 255
29.1609 0.729126 26.0629 0 166 255
26.4174 -9.33366 5.67764 0 166 255
27.0104 -31.4727 15.4488 0 166 255
28.0988 11.3248 20.5566 0 166 255
16.3625 -58.8936 -1.21042 0 166 255
28.089 9.34625 19.1957 0 166 255
26.3877 -23.4662 20.1625 0 166 255
30.2327 -21.3947 14.5292 0 166 255
20.7277 -38.4729 -10.3414 0 166 255
26.9339 -13.6111 24.229 0 166 255
30.2298 -17.1453 16.3655 0 166 255
25.0297 6.71803 13.0469 0 166 255
25.9025 -16.7966 13.4104 0 166 255
29.369 8.37317 23.8654 0 166 255
25.2232 -60.7607 -11.7742 0 166 255
29.4561 -8.84623 21.9993 0 166 255
26.6507 28.7279 32.4837 0 166 255
24.2918 -65.2342 -10.8446 0 166 255
20.0039 -42.8124 -18.1455 0 166 255
20.6371 -1.35806 11.7236 0 166 255
21.628 -6.77363 9.4491 0 166 255
18.1203 13.3577 17.8361 0 166 255
28.5129 19.0906 30.1005 0 166 255
28.0408 12.7251 21.4729 0 166 255
25.6731 -59.0141 0.89999 0 166 255
24.1487 -47.5363 -10.5981 0 166 255
22.9636 17.926 30.345 0 166 255
28.2661 8.6942 30.7626 0 166 255
24.8895 4.61965 11.6775 0 166 255
20.1318 -56.0869 -1.6122 0 166 255
23.2716 2.45996 30.6038 0 166 255
23.3853 11.7749 32.0156 0 166 255
29.8942 -63.2208 -9.22485 0 166 255
25.7403 -12.8972 13.6988 0 166 255
28.8381 -49.8861 -12.4862 0 166 255
24.6503 -55.6354 -13.5188 0 166 255
17.4738 -40.2559 -16.1014 0 166 255
17.8147 -60.7293 -4.20114 0 166 255
28.3351 20.5782 29.3189 0 166 255
10.2488 -19.4824 -1.59554 0 166 255
16.9829 -8.39604 5.51941 0 166 255
15.9472 -4.39193 7.52528 0 166 255
30.7733 -28.1518 8.56823 0 166 255
20.9781 -35.5072 16.7799 0 166 255
24.5012 -56.969 -6.26787 0 166 255
28.9011 -68.7367 -17.2988 0 166 255
26.9354 20.6522 37.0649 0 166 255
10.6309 -14.2407 2.44629 0 166 255
26.9736 -28.7493 16.8669 0 166 255
25.1298 -4.51097 19.4437 0 166 255
28.7208 -45.5475 5.4053 0 166 255
30.8232 -26.7872 7.82376 0 166 255
7.12399 -34.7141 -10.5817 0 166 255
11.5145 -26.6263 -5.26066 0 166 255
21.6758 -25.5851 -8.17995 0 166 255
16.3342 -51.0791 4.46296 0 166 255
27.3137 -22.0483 19.8647 0 166 255
23.729 -14.022 26.7996 0 166 255
23.8647 26.9174 28.4429 0 166 255
26.4111 12.9266 18.3898 0 166 255
26.2065 24.2575 24.9637 0 166 255
9.80659 -22.0356 -2.75115 0 166 255
27.8378 -56.6353 0.15388 0 166 255
13.9268 -2.3627 8.46242 0 166 255
22.1968 27.3691 35.9519 0 166 255
29.8266 -64.0336 -15.4108 0 166 255
24.3403 -46.7152 1.16382 0 166 255
29.434 -4.7488 13.6342 0 166 255
25.2274 -32.6749 7.97861 0 166 255
22.1399 -45.0175 4.97172 0 166 255
24.8222 -46.2461 -7.69038 0 166 255
21.6162 -64.5006 -6.79508 0 166 255
25.9219 -50.3275 6.00344 0 166 255
15.6036 -59.0844 1.01513 0 166 255
23.5868 5.70869 31.7958 0 166 255
29.8634 -3.51202 16.3215 0 166 255
24.3091 -58.6148 -6.70886 0 166 255
22.2888 24.3583 29.0357 0 166 255
25.4878 -35.1855 5.82637 0 166 255
29.2059 -46.2486 3.93138 0 166 255
30.0295 -41.0769 -4.79002 0 166 255
25.5689 -5.35396 6.78826 0 166 255
22.1823 -11.9146 6.65359 0 166 255
13.8189 -33.7061 -10.2032 0 166 255
24.1035 26.3919 31.3023 0 166 255
13.7169 -19.9777 -6.51897 0 166 255
30.6226 -33.2629 6.99485 0 166 255
27.2872 -12.9811 4.86178 0 166 255
23.3187 -22.6478 16.5879 0 166 255
25.9133 -5.26061 28.9827 0 166 255
23.6643 -31.7157 -10.3505 0 166 255
22.5303 16.6851 24.1956 0 166 255
30.7797 -22.6156 9.01464 0 166 255
28.7999 -61.3061 -17.8975 0 166 255
23.8091 -24.0267 -5.66155 0 166 255
23.4924 -59.5504 1.60996 0 166 255
18.7306 0.55657 11.3941 0 166 255
25.0612 -26.5115 19.8366 0 166 255
21.579 -37.2381 15.6417 0 166 255
23.1908 -15.5239 -1.16303 0 166 255
21.8471 23.5667 27.4257 0 166 255
16.2122 -29.4402 -12.3925 0 166 255
17.1792 -53.0612 5.99467 0 166 255
20.8382 -42.9469 -12.9707 0 166 255
22.8752 21.1291 28.5882 0 166 255
19.7864 -15.786 -3.48594 0 166 255
30.1017 -58.4735 -10.524 0 166 255
18.3169 -7.85853 6.34803 0 166 255
14.7406 2.40475 10.1048 0 166 255
12.1458 -6.99113 6.36667 0 166 255
27.2973 -19.4201 21.1406 0 166 255
23.4418 -15.4596 26.2965 0 166 255
27.2328 12.9406 19.8156 0 166 255
25.951 26.4644 36.9317 0 166 255
24.8629 26.5655 34.9981 0 166 255
23.1288 -53.9148 -1.77498 0 166 255
25.4701 -31.1908 1.03991 0 166 255
23.8668 12.0293 24.8182 0 166 255
24.1357 18.5395 19.1154 0 166 255
23.1037 25.3716 26.5165 0 166 255
24.1962 -23.3795 14.8397 0 166 255
11.9667 -24.3549 -3.85556 0 166 255
26.1802 -18.8013 -0.0495963 0 166 255
26.1304 -23.5919 8.01285 0 166 255
27.8632 25.372 33.4867 0 166 255
30.6694 -34.4543 6.03402 0 166 255
25.1589 -40.3958 3.4348 0 166 255
27.2959 10.0443 33.2606 0 166 255
26.0014 -45.0211 9.14974 0 166 255
28.7106 -41.4614 -8.52417 0 166 255
19.1839 -5.25078 2.17296 0 166 255
24.7075 2.34794 21.2794 0 166 255
20.0862 -20.0081 -5.77762 0 166 255
24.4681 -40.621 5.29321 0 166 255
24.1267 -13.2405 8.46537 0 166 255
30.7253 -34.3276 1.81418 0 166 255
23.0628 -58.1017 2.60584 0 166 255
29.5859 -64.1391 -17.0374 0 166 255
24.4761 -3.65527 22.0599 0 166 255
28.8111 -9.75478 23.0662 0 166 255
18.9502 -30.365 -6.63553 0 166 255
22.0393 -4.86137 3.96618 0 166 255
25.4094 -10.9385 12.9307 0 166 255
24.9767 -56.0257 -10.265 0 166 255
22.3857 -24.3725 -6.98395 0 166 255
30.3118 -54.124 -6.50818 0 166 255
16.5559 -41.9042 12.1378 0 166 255
13.4054 -9.92014 4.56636 0 166 255
28.5037 3.51101 28.6478 0 166 255
16.3736 -65.47 -3.84869 0 166 255
25.4095 -7.50836 5.496 0 166 255
30.2624 -16.9958 9.22259 0 166 255
15.6615 -36.9591 -14.2053 0 166 255
27.7883 -5.05502 26.7634 0 166 255
17.3527 -37.1013 15.134 0 166 255
24.0999 27.4529 30.0743 0 166 255
30.3959 -22.0204 6.56517 0 166 255
25.7334 -39.6718 1.30636 0 166 255
23.1297 -4.15928 24.6002 0 166 255
25.1827 -50.9752 -8.74785 0 166 255
16.8552 9.28971 14.879 0 166 255
24.4258 14.0924 35.9441 0 166 255
21.0891 -2.54769 4.61129 0 166 255
13.8378 1.08982 10.005 0 166 255
10.5902 -14.9987 0.392111 0 166 255
22.8859 23.3418 37.3549 0 166 255
13.5189 -0.631426 9.3747 0 166 255
16.179 -52.486 3.13729 0 166 255
7.79222 -32.1839 -8.66954 0 166 255
25.0924 -53.443 -8.20213 0 166 255
23.2987 -26.9409 -0.870601 0 166 255
30.6156 -16.3531 13.6282 0 166 255
10.848 -12.8278 3.08362 0 166 255
24.568 -54.6025 -5.18731 0 166 255
23.175 -13.5926 6.86845 0 166 255
22.7058 -42.2056 12.4436 0 166 255
16.9628 -45.6944 7.75022 0 166 255
25.4108 26.1229 27.8576 0 166 255
10.6779 -33.3067 -9.52577 0 166 255
17.8891 -22.9495 -2.60969 0 166 255
28.2859 -53.222 1.5726 0 166 255
30.7463 -23.8136 7.82943 0 166 255
8.32063 -31.3965 -10.3022 0 166 255
29.8416 1.95829 21.735 0 166 255
25.6156 22.0754 22.7992 0 166 255
21.162 -44.9607 11.0112 0 166 255
23.6857 -61.9269 -7.72493 0 166 255
18.8269 1.80618 12.1612 0 166 255
29.5479 0.36706 24.6243 0 166 255
15.3205 0.178026 9.90492 0 166 255
20.4452 -22.4938 -0.951281 0 166 255
19.0776 -11.67 4.44796 0 166 255
16.4753 -16.4974 -4.65187 0 166 255
28.0134 23.327 30.1264 0 166 255
27.1779 -49.6749 5.2077 0 166 255
26.9359 -53.0529 3.43304 0 166 255
12.1477 -4.41004 6.52 0 166 255
24.9719 -18.0182 -0.978772 0 166 255
28.4025 15.1384 24.2943 0 166 255
23.4761 27.8593 32.9888 0 166 255
30.1035 -20.2428 15.6328 0 166 255
18.9986 -66.3555 -6.99069 0 166 255
24.017 -41.0111 -15.6624 0 166 255
19.6522 -31.4851 15.2127 0 166 255
24.9938 -66.6062 -13.9164 0 166 255
18.6107 -39.7795 8.96385 0 166 255
23.8023 -2.4684 6.68126 0 166 255
17.6686 -30.842 -7.4831 0 166 255
27.7338 2.2135 29.6651 0 166 255
28.6699 8.44536 20.1866 0 166 255
22.1826 -69.4738 -9.31133 0 166 255
30.5853 -26.4478 10.5663 0 166 255
19.3897 -70.271 -5.49965 0 166 255
25.5087 -24.3933 -4.14347 0 166 255
30.426 -13.1046 16.5828 0 166 255
29.9182 -65.8291 -11.0562 0 166 255
18.567 -37.1925 13.0545 0 166 255
24.9249 10.1515 15.1071 0 166 255
29.0783 -32.1748 -2.72873 0 166 255
23.2434 -36.8123 9.15336 0 166 255
10.9566 -31.2026 -13.2409 0 166 255
29.8276 -57.1223 -4.83775 0 166 255
28.4241 -18.266 20.1232 0 166 255
22.1944 -25.676 16.1812 0 166 255
23.4034 3.84998 26.9109 0 166 255
26.0421 -60.381 -0.202885 0 166 255
25.4988 -26.2333 3.52101 0 166 255
22.6456 -38.9392 14.3934 0 166 255
28.1792 18.6279 26.5767 0 166 255
25.4147 -22.2026 21.6691 0 166 255
17.4928 -24.1833 -3.52996 0 166 255
19.7897 -29.742 16.2665 0 166 255
18.8736 -35.77 -15.7044 0 166 255
24.0831 -10.0108 10.4227 0 166 255
30.3699 -36.75 -1.22225 0 166 255
25.7415 -39.5027 -1.32557 0 166 255
23.3466 -9.79506 21.9676 0 166 255
29.5904 -39.0502 -5.14482 0 166 255
18.933 -38.3291 -11.6029 0 166 255
29.8755 -60.6839 -7.42717 0 166 255
17.0827 -39.2921 13.9154 0 166 255
30.5961 -45.3789 -0.965605 0 166 255
27.6814 23.5644 28.3166 0 166 255
22.4981 -22.0285 -5.52889 0 166 255
29.9611 -33.8832 9.12096 0 166 255
25.2338 -9.93918 17.8093 0 166 255
9.52843 -23.0802 -3.95895 0 166 255
20.8519 15.8163 21.497 0 166 255
22.5533 19.7169 34.0292 0 166 255
22.6848 -6.56283 3.51741 0 166 255
23.5518 -29.4861 -9.10788 0 166 255
15.7576 5.31701 11.9799 0 166 255
25.5005 -17.6239 23.7785 0 166 255
24.3659 15.666 36.7775 0 166 255
20.0955 -2.57228 10.6902 0 166 255
8.29359 -30.331 -8.54317 0 166 255
21.932 -6.84555 25.1053 0 166 255
21.2484 0.116415 13.0086 0 166 255
28.084 -14.4357 5.19558 0 166 255
24.711 -7.37554 13.1321 0 166 255
13.025 -8.82674 1.26651 0 166 255
25.2496 -5.15412 17.7788 0 166 255
18.362 -70.0538 -6.81155 0 166 255
20.0279 -63.5279 -5.60295 0 166 255
9.80571 -26.9199 -9.32737 0 166 255
18.3345 -9.85219 5.19717 0 166 255
23.1667 -30.5971 -3.01663 0 166 255
27.9696 17.8769 33.7879 0 166 255
24.5036 -56.7088 -14.8023 0 166 255
22.9611 17.0152 32.9259 0 166 255
18.4393 -36.7252 -10.8455 0 166 255
16.4771 -1.29026 9.3878 0 166 255
16.0498 -60.2199 -0.375162 0 166 255
30.1267 -27.0409 12.1714 0 166 255
27.851 18.7722 25.0985 0 166 255
29.0786 4.00483 27.3366 0 166 255
22.8867 21.6807 29.947 0 166 255
12.4019 -14.4226 2.23026 0 166 255
21.1087 -51.6757 0.75724 0 166 255
23.392 14.0849 32.5014 0 166 255
25.3847 -8.61802 16.9268 0 166 255
24.5849 25.0991 40.7724 0 166 255
14.1396 -12.2561 -2.04514 0 166 255
29.11 -42.6484 6.29571 0 166 255
30.4962 -23.8438 12.3107 0 166 255
22.1304 -11.5097 26.5955 0 166 255
23.5666 7.3718 31.9134 0 166 255
22.674 -34.0549 -12.5802 0 166 255
15.6037 -56.0475 3.41473 0 166 255
24.7788 -60.575 -9.66367 0 166 255
24.8311 14.0635 37.732 0 166 255
24.2292 8.44837 25.5794 0 166 255
25.8619 -14.636 13.7968 0 166 255
24.4055 -49.7248 -1.19113 0 166 255
22.0716 -35.8664 -7.39968 0 166 255
30.0182 -37.67 -3.17611 0 166 255
22.121 -65.9012 -7.77852 0 166 255
11.4235 -20.4415 -1.22287 0 166 255
22.602 3.87392 29.0264 0 166 255
19.9407 -27.3091 19.4058 0 166 255
22.4733 -6.27748 27.1128 0 166 255
30.4107 -47.6754 -1.16766 0 166 255
25.1527 -42.2748 -15.153 0 166 255
25.1558 -5.46143 16.089 0 166 255
20.5498 -33.8498 12.5667 0 166 255
24.8156 26.005 25.5961 0 166 255
20.2369 -40.4923 13.8622 0 166 255
19.3378 -28.945 -5.5655 0 166 255
22.8261 -28.2589 14.3069 0 166 255
29.5411 -0.489122 17.1454 0 166 255
12.792 -30.4595 -12.9681 0 166 255
20.8108 -41.7163 13.0461 0 166 255
22.9584 25.104 38.3389 0 166 255
13.2989 -27.3787 -11.0124 0 166 255
18.285 7.33222 14.6529 0 166 255
30.7515 -23.7488 10.61 0 166 255
22.2598 -12.8852 22.0166 0 166 255
22.9367 10.238 30.0539 0 166 255
30.0367 -4.48216 20.0847 0 166 255
20.1515 -41.4503 -12.7388 0 166 255
24.8253 -45.0176 1.10709 0 166 255
26.7176 -38.6332 11.9997 0 166 255
20.9912 -31.8765 -12.3386 0 166 255
30.1294 -36.6023 7.17288 0 166 255
20.2421 -28.0468 -4.43888 0 166 255
25.2101 -45.6701 -5.76179 0 166 255
24.1545 -53.3009 -3.21144 0 166 255
22.9074 22.3119 31.6693 0 166 255
27.538 21.2456 35.6276 0 166 255
28.9447 -5.15307 12.0792 0 166 255
30.2097 -54.6613 -8.27978 0 166 255
23.8304 -27.1027 13.5561 0 166 255
26.478 -46.7986 7.64742 0 166 255
23.6708 21.8633 22.5571 0 166 255
23.0804 -13.8141 20.6451 0 166 255
18.7184 -63.0367 0.297974 0 166 255
17.6521 4.47947 10.6701 0 166 255
15.9445 -9.95025 4.4254 0 166 255
10.1279 -21.3375 -4.08207 0 166 255
29.2581 4.04525 19.2835 0 166 255
23.9981 -25.3025 21.165 0 166 255
22.629 -38.394 8.80158 0 166 255
25.8949 -21.8011 -2.16481 0 166 255
28.4653 3.5179 16.1681 0 166 255
27.77 -9.98131 24.7244 0 166 255
22.5852 -37.3882 -14.7318 0 166 255
26.204 -32.9727 15.5201 0 166 255
28.7329 -39.816 8.63505 0 166 255
30.4109 -9.4937 16.3967 0 166 255
20.742 -5.80384 2.54934 0 166 255
24.7153 -28.4524 19.0975 0 166 255
22.1367 -39.9483 -9.80024 0 166 255
9.23834 -26.8608 -4.63115 0 166 255
16.3737 -37.0917 -16.1446 0 166 255
11.3522 -32.6732 -12.7069 0 166 255
25.3948 -8.8897 14.6719 0 166 255
12.8235 -30.1638 -7.84286 0 166 255
20.5829 -26.6299 -3.36039 0 166 255
27.8658 -67.3602 -6.06766 0 166 255
16.2721 7.83661 13.8242 0 166 255
28.634 16.6274 26.9653 0 166 255
30.2488 -30.0536 1.48447 0 166 255
20.9578 -19.6936 19.8598 0 166 255
26.1531 -3.69366 29.4002 0 166 255
9.49451 -28.3732 -9.96119 0 166 255
25.4653 11.048 36.198 0 166 255
23.8346 -26.2048 -6.93968 0 166 255
12.5565 -33.613 -12.0661 0 166 255
23.809 -51.0628 -13.4807 0 166 255
20.1591 20.7685 22.8161 0 166 255
24.2729 7.50583 22.2616 0 166 255
30.8298 -25.4036 8.62952 0 166 255
9.51628 -31.8432 -8.04136 0 166 255
27.2406 -17.7218 22.0018 0 166 255
30.293 -15.1159 16.8189 0 166 255
27.4826 5.2319 15.3703 0 166 255
24.3437 8.36693 23.9072 0 166 255
24.4423 -52.5503 -12.6303 0 166 255
25.0459 -58.5778 -9.1547 0 166 255
17.2928 -2.41414 5.46386 0 166 255
30.6642 -43.9893 -1.81208 0 166 255
18.4547 -68.7574 -2.96282 0 166 255
25.2974 -36.6276 -11.56 0 166 255
24.9392 15.6847 18.2178 0 166 255
15.4517 -3.59174 4.96577 0 166 255
19.6046 -43.0905 12.321 0 166 255
29.82 -30.5658 11.2766 0 166 255
16.3011 -63.6475 -0.128622 0 166 255
21.6851 -21.8381 23.9767 0 166 255
15.9641 -51.5197 6.42888 0 166 255
13.2405 -15.1672 -3.56466 0 166 255
19.3265 -53.8021 5.78359 0 166 255
22.5014 -60.7682 1.16632 0 166 255
26.6782 -10.4496 25.9153 0 166 255
27.0667 6.5822 32.4236 0 166 255
27.9448 -21.7765 0.689783 0 166 255
18.5658 -50.7024 7.64187 0 166 255
23.8005 23.2542 24.0718 0 166 255
23.0732 -19.005 3.52123 0 166 255
14.7466 -27.7526 -11.3567 0 166 255
30.0861 -3.84306 18.5117 0 166 255
25.5312 -42.7207 10.8404 0 166 255
25.1016 -22.4446 4.62199 0 166 255
18.1025 -27.8115 -11.0688 0 166 255
26.2513 -29.075 6.19104 0 166 255
25.6837 -13.6662 15.1615 0 166 255
25.1549 -40.5457 -4.5403 0 166 255
23.9012 9.23745 22.5307 0 166 255
21.6753 -29.2883 20.1302 0 166 255
24.6796 3.02727 22.8551 0 166 255
27.4642 -8.5701 25.7599 0 166 255
20.9088 -25.1201 22.5391 0 166 255
30.1478 -57.6506 -7.51075 0 166 255
23.1169 -68.1671 -10.1465 0 166 255
19.8481 14.266 17.8947 0 166 255
20.5784 -49.4857 2.33561 0 166 255
27.5298 -64.145 -3.82952 0 166 255
16.9563 -48.7399 4.5698 0 166 255
16.2331 -57.8628 0.192132 0 166 255
17.4253 -67.3001 -2.11657 0 166 255
20.6441 -25.2706 -2.46632 0 166 255
25.3564 -25.7869 -5.15201 0 166 255
25.72 -37.7093 -0.766818 0 166 255
24.9277 -58.2473 -13.867 0 166 255
24.9752 -39.0827 -4.34946 0 166 255
30.5489 -43.2072 1.35951 0 166 255
24.2465 -0.697683 23.3269 0 166 255
30.0924 -10.595 19.142 0 166 255
25.2369 -52.2026 -18.6854 0 166 255
29.9941 -0.587025 19.9804 0 166 255
22.8847 -14.168 -0.591209 0 166 255
20.436 -34.2156 17.6183 0 166 255
10.0669 -24.3151 -7.76021 0 166 255
21.8138 -30.805 -11.2015 0 166 255
26.6117 -69.4499 -13.0369 0 166 255
21.531 -15.1439 4.22651 0 166 255
24.3445 24.3667 25.0888 0 166 255
21.0586 -11.1575 -0.220238 0 166 255
19.6404 -31.642 -6.93514 0 166 255
30.227 -12.2853 18.056 0 166 255
24.3253 -0.983231 32.2819 0 166 255
30.7871 -27.9403 6.43872 0 166 255
25.0851 -27.7251 1.61772 0 166 255
17.8096 -60.8133 1.59262 0 166 255
23.6112 17.9011 35.32 0 166 255
25.0143 -55.692 3.32495 0 166 255
25.2966 -48.5414 -5.51588 0 166 255
29.0974 -60.9055 -4.75479 0 166 255
21.713 -47.3178 -17.5328 0 166 255
24.8371 19.9916 39.4681 0 166 255
28.2088 20.0801 27.8386 0 166 255
24.9935 -12.6909 26.5248 0 166 255
23.1095 26.5173 34.6083 0 166 255
12.8216 -21.4773 -2.20346 0 166 255
24.7696 -50.3164 -10.4698 0 166 255
29.4353 -2.00683 15.4285 0 166 255
30.3371 -13.3781 11.5896 0 166 255
16.5497 -68.7504 -4.74668 0 166 255
28.642 -39.4391 -7.66119 0 166 255
12.1545 -15.7344 1.38108 0 166 255
29.2355 10.7017 25.4926 0 166 255
26.1523 19.0486 21.6738 0 166 255
19.5554 -16.3301 2.18534 0 166 255
29.7494 -62.1115 -14.987 0 166 255
20.3118 8.14187 16.4829 0 166 255
23.4553 13.6556 28.7331 0 166 255
17.5867 -67.2555 -7.23684 0 166 255
14.092 -18.0467 -0.269899 0 166 255
19.0517 -41.4257 -17.8019 0 166 255
8.05096 -31.3578 -7.19634 0 166 255
23.5176 -47.0594 9.27187 0 166 255
21.6611 -38.9832 -16.3163 0 166 255
28.5099 18.4026 28.3029 0 166 255
30.7536 -38.9925 0.268678 0 166 255
24.5401 -56.1081 -16.2079 0 166 255
22.1043 -59.6175 -4.16059 0 166 255
9.28817 -28.2833 -5.51475 0 166 255
18.2505 -39.6682 -17.5653 0 166 255
21.2291 -44.0744 5.97735 0 166 255
28.9735 -56.0324 -1.43315 0 166 255
25.9924 -27.1409 5.21072 0 166 255
26.4507 26.8267 38.8742 0 166 255
24.6431 -31.1031 17.7751 0 166 255
18.8193 -42.037 13.0128 0 166 255
26.2178 -64.9095 -2.98276 0 166 255
19.7925 -57.6096 -2.44575 0 166 255
23.1996 -39.5608 7.59586 0 166 255
20.0686 -29.0434 -11.1293 0 166 255
30.4125 -47.2843 -5.02019 0 166 255
29.5437 -39.2306 7.27457 0 166 255
15.536 -60.8978 1.22287 0 166 255
29.7569 -44.4512 3.68713 0 166 255
22.3875 0.995453 27.531 0 166 255
22.2539 12.4696 20.979 0 166 255
13.7983 -24.3008 -9.15548 0 166 255
30.7053 -19.5094 11.3177 0 166 255
27.8095 -29.2108 15.6273 0 166 255
23.0247 7.68287 30.3288 0 166 255
19.6335 -65.175 -6.41088 0 166 255
18.7895 -48.5186 9.0026 0 166 255
24.212 -62.3538 -9.36275 0 166 255
25.3021 -34.5613 -10.3716 0 166 255
28.8217 -16.6648 5.1333 0 166 255
18.3925 -39.1583 14.7809 0 166 255
17.3157 -65.1783 -0.924214 0 166 255
18.0232 -33.1612 -14.3431 0 166 255
25.5205 -40.2958 -2.91147 0 166 255
27.1016 -62.7309 -2.52789 0 166 255
25.6709 -41.6274 -1.64104 0 166 255
30.5831 -18.7584 9.57918 0 166 255
25.0791 -48.8432 -3.02645 0 166 255
23.2287 -68.4701 -3.44402 0 166 255
22.4313 -0.943024 13.6999 0 166 255
24.4022 -50.8436 -2.28669 0 166 255
22.9196 5.44237 17.7825 0 166 255
30.008 -9.13065 19.9847 0 166 255
25.3302 -62.8799 -12.4569 0 166 255
25.6787 27.7236 28.0525 0 166 255
21.3819 -45.6181 -18.0714 0 166 255
16.0651 -13.9447 -3.23304 0 166 255
26.4304 18.3285 37.3964 0 166 255
25.9691 -21.763 7.58904 0 166 255
23.6187 11.1789 28.1823 0 166 255
24.1415 5.81538 25.7676 0 166 255
23.3525 -30.0997 19.0498 0 166 255
25.669 18.0652 20.4056 0 166 255
15.5606 -10.0887 -1.00979 0 166 255
25.3523 -63.4183 -14.5735 0 166 255
24.0581 -23.1402 2.47336 0 166 255
29.0314 -6.78929 11.1859 0 166 255
25.7829 -14.027 2.19259 0 166 255
27.0047 23.6878 26.3187 0 166 255
20.7009 -12.8107 4.86748 0 166 255
29.2769 -40.4693 -6.65479 0 166 255
24.0221 -40.114 13.2307 0 166 255
22.4572 1.69637 7.95584 0 166 255
24.058 -45.8212 -9.93705 0 166 255
23.8157 -11.4059 9.07596 0 166 255
27.8258 -31.2077 -4.73862 0 166 255
19.7361 3.77366 9.88678 0 166 255
15.6731 -17.7876 -0.101774 0 166 255
23.9566 8.46128 33.3368 0 166 255
29.5599 2.06847 19.3927 0 166 255
14.6827 -22.5214 -8.16121 0 166 255
29.8596 -2.2494 17.3858 0 166 255
24.135 4.35117 25.3465 0 166 255
30.313 -46.9127 0.111518 0 166 255
22.8926 -39.9448 -16.033 0 166 255
22.5503 2.49506 15.5386 0 166 255
29.5849 -58.923 -4.98816 0 166 255
26.6181 -2.2213 29.4934 0 166 255
20.725 -26.5474 21.8342 0 166 255
19.7145 -34.007 -14.2962 0 166 255
20.8816 -57.5035 3.39982 0 166 255
25.7176 -61.7525 -15.9221 0 166 255
26.2908 -2.69251 9.10613 0 166 255
24.1355 -35.5995 8.75143 0 166 255
26.2845 -33.3217 -8.36018 0 166 255
24.0235 -70.3167 -5.72361 0 166 255
19.1226 -33.3063 15.3355 0 166 255
22.8871 -14.9313 5.64321 0 166 255
28.6253 16.9888 30.6129 0 166 255
26.2625 5.67838 13.8916 0 166 255
22.8255 -42.2213 -10.3002 0 166 255
19.6029 -47.4417 3.88824 0 166 255
14.8947 -8.83077 4.91779 0 166 255
29.7832 1.37506 23.2031 0 166 255
20.167 -0.730387 5.34014 0 166 255
23.9908 -31.4405 11.0639 0 166 255
24.5781 -50.8907 6.46976 0 166 255
8.4027 -35.1198 -11.3568 0 166 255
24.5283 -41.8354 12.0116 0 166 255
18.5847 9.29852 14.1079 0 166 255
15.0246 -23.3398 -3.48186 0 166 255
25.2846 -14.2627 25.5453 0 166 255
30.6683 -43.5428 -0.408413 0 166 255
24.8408 -10.7067 19.0622 0 166 255
29.6657 4.03676 24.1996 0 166 255
19.1746 -69.2342 -8.54027 0 166 255
27.7189 24.7036 35.2069 0 166 255
26.9785 -4.29514 9.17873 0 166 255
29.8745 -68.2827 -16.2735 0 166 255
28.6648 -21.5489 18.1772 0 166 255
25.4094 5.02805 33.8693 0 166 255
17.755 -19.2632 -6.07284 0 166 255
29.6131 -30.6481 -0.679775 0 166 255
15.0438 -20.3639 -1.63758 0 166 255
24.2354 -21.7583 15.5612 0 166 255
27.6353 -41.0216 -10.5411 0 166 255
20.2514 -30.4798 -5.80005 0 166 255
24.0166 -36.4283 -5.32938 0 166 255
27.7894 -51.7701 -15.9965 0 166 255
23.575 22.0546 38.092 0 166 255
16.7935 -39.0059 -15.3771 0 166 255
27.8625 19.5981 34.3393 0 166 255
23.7883 -37.196 -13.5718 0 166 255
27.4193 -32.1352 -5.91164 0 166 255
30.1975 -56.1981 -6.81226 0 166 255
19.7704 -36.3273 -9.77758 0 166 255
29.6815 -20.9948 4.60611 0 166 255
25.3427 -7.14284 17.6353 0 166 255
21.9449 25.7333 35.3535 0 166 255
25.7135 -23.0748 -3.12661 0 166 255
25.3514 -38.1959 -2.77091 0 166 255
29.7999 -62.0682 -7.94774 0 166 255
14.408 -16.6707 0.552659 0 166 255
25.2245 -14.9474 16.3647 0 166 255
16.7641 -2.8248 8.58823 0 166 255
29.7748 -12.96 19.5535 0 166 255
11.8403 -8.49146 2.68499 0 166 255
21.0736 -47.6843 3.49141 0 166 255
25.2278 -32.1968 -9.09202 0 166 255
28.3389 -51.0615 -14.343 0 166 255
29.1958 -12.8264 21.0618 0 166 255
29.482 -62.6499 -16.684 0 166 255
15.546 -17.6292 -5.31462 0 166 255
12.0297 -28.2253 -11.4195 0 166 255
23.7854 -38.1038 -6.64156 0 166 255
25.9413 -35.0137 1.79072 0 166 255
17.8911 -33.8609 17.7835 0 166 255
27.3962 12.0158 33.6985 0 166 255
25.3804 -13.3959 16.555 0 166 255
20.1339 -18.8791 1.0241 0 166 255
29.024 11.6695 28.4956 0 166 255
24.4538 -38.081 14.1637 0 166 255
22.5569 -17.2682 -2.69332 0 166 255
19.9334 -51.6232 7.06695 0 166 255
22.1128 10.9586 14.0378 0 166 255
12.3362 -12.3274 3.45333 0 166 255
24.7536 -44.6504 -17.0708 0 166 255
21.3598 -23.5466 23.2326 0 166 255
29.3044 -14.8737 19.9879 0 166 255
17.0844 -19.4269 -0.727061 0 166 255
17.2233 1.39226 11.1598 0 166 255
24.9165 -69.311 -12.9714 0 166 255
13.5606 -28.8099 -11.9598 0 166 255
19.386 -54.8684 -0.822245 0 166 255
29.6642 -10.5261 20.8098 0 166 255
25.3393 -69.5374 -11.2908 0 166 255
25.35 -7.17745 15.9187 0 166 255
19.5656 -33.2663 -8.0587 0 166 255
23.6566 -27.5416 20.2349 0 166 255
22.0931 -21.3571 18.2616 0 166 255
30.2448 -52.7437 -7.9527 0 166 255
7.38634 -33.3869 -9.46394 0 166 255
20.3563 -22.1843 22.9324 0 166 255
28.3281 -48.9374 4.0985 0 166 255
28.09 -57.9286 -1.01419 0 166 255
19.2516 -27.3226 21.3912 0 166 255
23.8399 -5.61755 12.7947 0 166 255
25.8324 26.972 31.1925 0 166 255
20.8431 -47.237 -15.708 0 166 255
28.2174 -62.4616 -3.89186 0 166 255
24.265 2.50864 24.5337 0 166 255
18.5604 -46.0791 4.7652 0 166 255
20.5973 -48.5268 8.90403 0 166 255
24.9075 3.22171 10.8912 0 166 255
24.8491 -0.148401 18.9966 0 166 255
20.5206 -22.7013 18.9914 0 166 255
24.4358 22.0985 39.6515 0 166 255
24.9152 13.1055 16.7283 0 166 255
25.2425 -7.28339 28.7291 0 166 255
27.9542 -4.54569 10.58 0 166 255
29.2773 -51.4129 0.687791 0 166 255
24.1088 -33.8944 -11.2479 0 166 255
29.2976 -43.9135 5.12582 0 166 255
18.2928 -2.44656 9.52192 0 166 255
29.2129 -54.0103 -0.809477 0 166 255
25.1435 -8.69479 4.6263 0 166 255
29.1165 -26.4437 14.982 0 166 255
30.6926 -24.9651 6.4092 0 166 255
23.9305 -16.8244 18.303 0 166 255
27.8169 -40.4267 9.70523 0 166 255
11.2461 -19.8109 -5.41894 0 166 255
22.2407 -16.5718 4.13658 0 166 255
17.2176 -25.7628 -10.0169 0 166 255
26.136 -31.704 4.19579 0 166 255
18.2002 -42.1386 -14.5123 0 166 255
30.8186 -32.1487 5.67141 0 166 255
18.931 16.248 19.6718 0 166 255
11.5753 -8.03779 4.31023 0 166 255
26.6339 -51.1664 -17.9025 0 166 255
29.9438 -12.5439 10.4492 0 166 255
23.5289 -44.0439 -18.0038 0 166 255
27.7269 20.249 25.7936 0 166 255
25.3644 -11.0342 26.9582 0 166 255
18.4636 -17.8452 -5.10982 0 166 255
21.8484 -22.9812 -6.52562 0 166 255
25.9289 -25.4966 5.54978 0 166 255
13.7378 -31.5181 -13.7276 0 166 255
21.6128 -14.3879 21.9104 0 166 255
25.0736 -60.6918 -14.6831 0 166 255
23.6701 16.6124 34.3345 0 166 255
22.3849 -7.76386 26.8731 0 166 255
28.1416 -68.9789 -13.9492 0 166 255
18.2581 -5.59437 7.68856 0 166 255
22.0523 -23.0928 0.0865703 0 166 255
27.3524 -62.2526 -17.033 0 166 255
22.7829 -9.29694 29.4786 0 166 255
28.6988 -3.69506 12.4956 0 166 255
27.6325 -43.9705 -12.1089 0 166 255
19.0892 -17.6684 1.16428 0 166 255
25.506 -41.7787 0.297455 0 166 255
15.0495 -36.2222 -12.3245 0 166 255
22.7134 -3.18144 5.35738 0 166 255
16.6493 -69.7804 -6.15112 0 166 255
24.4949 2.10717 19.2618 0 166 255
