ply
format ascii 1.0
comment Created by Open3D
element vertex 4096
property double x
property double y
property double z
property uchar red
property uchar green
property uchar blue
end_header
12.4248 37.21 -6.08075 255 191 0
11.4799 20.0966 4.00272 255 191 0
13.687 35.9673 -5.13356 255 191 0
17.989 11.7372 6.74579 255 191 0
4.71171 -24.3792 -7.29455 255 191 0
17.1182 14.0323 2.38074 255 191 0
17.8883 31.1955 -3.01483 255 191 0
19.8454 45.3719 -8.22142 255 191 0
4.04415 4.06293 -3.22751 255 191 0
9.6934 25.6657 -3.70918 255 191 0
10.2485 22.7787 -4.60875 255 191 0
20.0883 5.88468 5.28271 255 191 0
18.7491 32.1394 0.382495 255 191 0
12.8566 49.8217 -9.22234 255 191 0
12.8384 23.4917 2.9642 255 191 0
8.46403 -2.78138 -2.51501 255 191 0
8.56792 21.815 -1.30642 255 191 0
10.2063 29.4743 -3.9518 255 191 0
3.48537 -13.2819 -5.62564 255 191 0
22.4315 15.5209 2.81634 255 191 0
14.0839 11.8615 1.62536 255 191 0
15.129 -14.3297 -10.4347 255 191 0
17.8762 -1.94186 9.78041 255 191 0
13.4872 -1.15408 4.43058 255 191 0
22.6617 21.9081 3.1511 255 191 0
22.0594 45.4913 -9.26817 255 191 0
16.5569 40.728 -6.14422 255 191 0
9.56764 23.1294 -5.65537 255 191 0
3.9618 1.15484 -3.16786 255 191 0
11.5703 25.2156 2.74658 255 191 0
14.7849 -4.46848 6.23057 255 191 0
5.31683 -9.6451 1.78239 255 191 0
13.8472 -3.61537 5.40164 255 191 0
6.13521 -10.5215 3.65702 255 191 0
7.61909 3.56188 3.58166 255 191 0
21.7963 38.5436 -2.46716 255 191 0
15.7231 10.7054 7.48298 255 191 0
23.3957 24.7868 0.828093 255 191 0
18.2989 32.7346 -3.58742 255 191 0
9.93159 19.5302 -4.24289 255 191 0
5.97688 12.3484 -3.69999 255 191 0
10.5235 4.79764 -0.198238 255 191 0
21.3593 43.4908 -8.3936 255 191 0
13.7175 40.2707 -2.67644 255 191 0
17.32 -26.87 -12.7905 255 191 0
8.86286 -18.1027 -11.5672 255 191 0
13.7395 8.15463 2.15848 255 191 0
7.47883 -24.797 -4.98427 255 191 0
4.93268 -21.626 -3.69234 255 191 0
14.1242 -19.2108 -13.7033 255 191 0
11.1678 10.8418 5.88181 255 191 0
19.9285 24.7379 -1.2277 255 191 0
6.12074 -0.0586603 1.93163 255 191 0
8.16883 -15.9279 -11.4494 255 191 0
16.897 -23.4518 -11.021 255 191 0
6.17304 17.8735 -1.33349 255 191 0
11.054 0.767517 1.39235 255 191 0
14.2739 -26.3633 -7.74693 255 191 0
6.65066 -2.57326 3.2657 255 191 0
9.04925 -11.2778 -12.2815 255 191 0
10.9583 24.7291 -4.30781 255 191 0
22.4762 16.0458 1.86606 255 191 0
11.5846 -21.9983 -12.5879 255 191 0
12.0559 -17.6819 -13.4092 255 191 0
18.1868 -0.752344 6.95698 255 191 0
16.8606 20.6581 0.314089 255 191 0
13.9831 -31.796 -11.0327 255 191 0
20.6544 -0.231344 7.83496 255 191 0
3.88868 -13.1703 -2.10436 255 191 0
8.8871 -8.93983 5.83052 255 191 0
4.6777 -5.40549 -0.359895 255 191 0
21.1492 5.13451 6.86928 255 191 0
20.6147 50.0835 -9.65699 255 191 0
23.7835 48.3675 -7.94855 255 191 0
14.6882 2.89596 4.33411 255 191 0
21.3329 31.4499 -4.05227 255 191 0
13.4293 23.1548 -1.75181 255 191 0
10.9124 -6.71447 3.29162 255 191 0
12.2146 -28.8907 -11.9362 255 191 0
11.2771 -9.81309 -9.12131 255 191 0
21.5691 39.5425 -7.05757 255 191 0
4.69718 -1.69849 -0.786294 255 191 0
16.6575 -2.42906 9.09904 255 191 0
10.6323 -27.4534 -6.72237 255 191 0
3.39904 -7.11302 -6.91161 255 191 0
6.38685 -20.7688 -2.27083 255 191 0
8.81226 -20.3188 -4.36627 255 191 0
14.7581 42.8868 -7.00645 255 191 0
12.648 9.69087 1.00317 255 191 0
8.36477 -11.6148 -4.34682 255 191 0
3.90645 -3.44396 -8.38382 255 191 0
23.6564 27.1745 0.171918 255 191 0
7.87267 -13.7637 2.83484 255 191 0
16.9766 10.379 7.6663 255 191 0
12.3572 27.7162 -3.67519 255 191 0
23.6311 42.2499 -5.00803 255 191 0
9.74028 17.0459 -4.08587 255 191 0
20.9418 34.4974 -4.91405 255 191 0
9.16657 -23.1273 -10.8794 255 191 0
12.074 49.6564 -8.1682 255 191 0
4.06822 -7.35686 -2.00227 255 191 0
17.7822 10.1721 3.75133 255 191 0
10.6846 35.2433 -5.4666 255 191 0
20.9994 19.1504 4.70366 255 191 0
12.7519 52.6031 -8.07154 255 191 0
12.2118 39.421 -2.75012 255 191 0
20.4384 39.5766 -6.4335 255 191 0
5.02288 -5.82447 0.568579 255 191 0
13.06 12.2651 6.83493 255 191 0
12.5773 31.8178 0.216162 255 191 0
10.6933 -0.500767 1.28435 255 191 0
9.57507 -15.5699 -6.17301 255 191 0
8.49092 -16.0639 -1.02054 255 191 0
22.4981 36.7842 -6.66737 255 191 0
21.7054 43.5612 -4.34557 255 191 0
20.1385 0.438623 6.9427 255 191 0
8.81454 -13.7715 -12.4687 255 191 0
14.9136 33.9624 -0.560684 255 191 0
7.33575 11.3358 1.84585 255 191 0
11.791 -10.1814 6.04812 255 191 0
17.4682 -25.4568 -11.7413 255 191 0
19.971 9.0028 4.25455 255 191 0
17.394 0.660515 9.51637 255 191 0
3.87608 -19.5679 -2.72526 255 191 0
11.3827 18.1264 -2.31455 255 191 0
10.3828 8.03634 -1.0427 255 191 0
10.0899 29.7556 -4.96481 255 191 0
3.38773 -3.78332 -5.95189 255 191 0
8.05615 5.29062 -5.82754 255 191 0
15.556 8.44359 7.85605 255 191 0
3.5337 -10.7289 -7.49823 255 191 0
9.89503 1.31082 -0.526599 255 191 0
17.4287 -24.225 -11.9351 255 191 0
16.964 -4.23539 7.46226 255 191 0
12.8879 34.9692 -5.26525 255 191 0
7.18789 -9.39458 -11.4364 255 191 0
9.30541 -6.68518 -10.2671 255 191 0
18.7608 10.9402 6.98407 255 191 0
6.10368 -12.6019 -11.0556 255 191 0
6.05623 -3.14957 -9.0198 255 191 0
20.5572 19.0391 0.955464 255 191 0
5.16948 -16.9185 -0.153817 255 191 0
19.3983 12.6151 6.52498 255 191 0
14.2631 -30.495 -12.2286 255 191 0
16.1415 -26.4297 -8.96315 255 191 0
10.9484 6.81052 -0.184408 255 191 0
20.2237 -2.2849 7.69431 255 191 0
10.4511 -10.8392 -8.14172 255 191 0
8.39503 -14.3004 -4.05707 255 191 0
20.5881 27.5249 1.6628 255 191 0
3.44581 -5.58045 -8.20328 255 191 0
22.4583 29.6646 0.391408 255 191 0
11.751 21.6675 3.80762 255 191 0
21.9624 49.4633 -6.90454 255 191 0
21.0848 6.24015 7.32542 255 191 0
8.83311 -14.4421 2.84208 255 191 0
8.08071 -18.4119 -10.9056 255 191 0
7.95935 1.85538 -6.30898 255 191 0
22.1052 12.6819 4.38908 255 191 0
15.6385 29.9022 0.824579 255 191 0
4.65288 -21.344 -8.20432 255 191 0
7.78421 17.9474 -3.2165 255 191 0
14.7453 -19.4244 -9.25897 255 191 0
22.8203 20.1883 2.4677 255 191 0
17.3997 45.1285 -7.45025 255 191 0
8.04562 -2.76522 -4.95162 255 191 0
4.71538 -11.4727 0.506057 255 191 0
19.0859 6.46855 8.71761 255 191 0
15.2846 56.9895 -10.4807 255 191 0
11.3867 37.687 -6.64582 255 191 0
19.3274 42.2732 -3.14279 255 191 0
14.4914 -18.0499 -9.46059 255 191 0
16.3386 -1.17154 9.1058 255 191 0
17.3422 -31.6795 -10.7745 255 191 0
18.2983 43.6639 -3.50592 255 191 0
10.9509 -7.794 3.57943 255 191 0
6.33316 -18.3722 -0.758425 255 191 0
9.16773 21.8542 0.0833602 255 191 0
13.2056 -21.0126 -8.23356 255 191 0
6.45962 -17.2719 0.0231924 255 191 0
10.5275 27.6627 -1.70977 255 191 0
7.22709 1.45474 3.4304 255 191 0
10.1919 23.3854 -0.731411 255 191 0
15.361 16.1175 5.49009 255 191 0
18.5684 46.1514 -4.39812 255 191 0
8.31999 -8.35128 -1.69038 255 191 0
13.3498 20.4258 3.96978 255 191 0
8.85044 18.3029 2.24271 255 191 0
7.35204 -3.76876 -9.48373 255 191 0
9.37649 17.6431 -4.91652 255 191 0
19.8494 19.3604 4.40393 255 191 0
8.73703 -11.0367 4.67565 255 191 0
9.09504 3.09897 -2.28528 255 191 0
15.4033 54.5144 -10.4251 255 191 0
19.493 31.581 -3.41506 255 191 0
10.8706 31.7643 -2.70685 255 191 0
23.9762 28.7321 -1.94799 255 191 0
19.2206 29.1068 -2.51981 255 191 0
13.6573 47.023 -5.03896 255 191 0
13.4621 27.9943 -3.03445 255 191 0
10.1741 -10.9162 -12.0744 255 191 0
14.135 -7.0168 6.70405 255 191 0
6.71078 18.3865 -0.209367 255 191 0
15.7384 17.942 4.74136 255 191 0
21.9588 11.708 4.84069 255 191 0
12.2255 4.56364 1.67693 255 191 0
8.82874 21.7056 1.18747 255 191 0
19.6858 34.5419 -4.39558 255 191 0
9.49383 -3.56148 0.243049 255 191 0
8.35471 -14.5345 -1.80791 255 191 0
21.6045 47.7681 -9.94975 255 191 0
14.9235 -32.6786 -9.16826 255 191 0
8.32197 -18.8748 -1.55194 255 191 0
14.2516 54.0132 -10.2526 255 191 0
3.44843 -8.99176 -5.60186 255 191 0
11.7699 -6.10449 4.19325 255 191 0
14.3567 19.4288 4.24041 255 191 0
14.2507 -0.158517 4.80782 255 191 0
19.3564 -3.78463 10.1808 255 191 0
4.49378 -23.0551 -7.33337 255 191 0
15.0419 51.3326 -6.21121 255 191 0
11.9827 25.9281 1.97885 255 191 0
9.04537 -0.575998 6.08 255 191 0
7.53222 -14.5562 -11.3863 255 191 0
7.99784 0.644146 -6.12902 255 191 0
5.32704 13.1887 -1.50623 255 191 0
14.0561 14.5367 0.951256 255 191 0
8.89684 -4.56501 -0.680775 255 191 0
19.613 8.8431 7.61733 255 191 0
12.438 37.7052 -1.80448 255 191 0
6.45507 -7.67942 -10.7805 255 191 0
12.2517 30.6871 -4.45229 255 191 0
8.6737 -15.9317 -4.74706 255 191 0
23.5733 46.276 -8.68594 255 191 0
15.776 45.1409 -7.49805 255 191 0
9.53166 -22.5373 -4.84498 255 191 0
6.63406 -19.3734 -1.22008 255 191 0
22.798 25.7237 1.58637 255 191 0
9.8023 -5.41307 6.65318 255 191 0
10.0546 25.5821 -2.4488 255 191 0
21.4899 9.7802 6.62211 255 191 0
5.72084 7.31581 0.137238 255 191 0
18.6481 21.3713 0.299542 255 191 0
20.7959 7.31637 8.24023 255 191 0
22.5046 39.4169 -7.72064 255 191 0
13.7137 32.2436 -0.0798386 255 191 0
6.2774 -24.5114 -8.78578 255 191 0
14.5162 14.8437 6.0461 255 191 0
8.52762 -12.0622 4.06868 255 191 0
5.13132 11.0825 -1.56924 255 191 0
5.94222 13.8361 -0.549054 255 191 0
7.27932 -13.1355 -11.4483 255 191 0
8.17969 19.9894 -2.24219 255 191 0
8.21188 -5.54985 -2.69435 255 191 0
12.0123 38.2845 -2.78683 255 191 0
3.64409 -1.63125 -4.15313 255 191 0
10.4671 1.33782 0.458347 255 191 0
16.1777 20.3237 3.80229 255 191 0
20.6649 36.5685 -1.41136 255 191 0
16.6896 13.0554 6.64105 255 191 0
11.0628 21.7869 -3.55232 255 191 0
22.6145 47.3428 -6.41662 255 191 0
24.0833 29.9231 -1.19879 255 191 0
21.0701 12.1949 3.12215 255 191 0
13.0771 54.5419 -9.42722 255 191 0
9.41475 -19.7125 -5.28077 255 191 0
6.97387 -3.63872 3.96051 255 191 0
6.7181 -9.90962 4.43955 255 191 0
14.1803 -22.339 -13.2319 255 191 0
21.6905 15.7507 5.83716 255 191 0
14.6246 1.22142 4.74056 255 191 0
8.00624 -6.01318 -10.4113 255 191 0
4.43283 2.89605 -2.02328 255 191 0
12.5955 -1.86769 3.69748 255 191 0
16.8527 17.2355 1.40167 255 191 0
10.2824 22.541 2.6117 255 191 0
17.7791 14.9454 2.31198 255 191 0
8.04814 -4.88285 -4.21873 255 191 0
15.2727 16.6814 1.02811 255 191 0
18.2745 4.70494 5.52756 255 191 0
4.88599 -3.03855 -0.170845 255 191 0
19.5571 0.103321 10.5196 255 191 0
8.53127 -7.91495 -5.96165 255 191 0
8.3444 -9.5895 -1.6304 255 191 0
15.7398 7.25186 7.91375 255 191 0
11.0234 -9.26366 -10.7266 255 191 0
15.9597 -30.3289 -9.46346 255 191 0
22.2035 41.3948 -8.21606 255 191 0
19.3946 38.1594 -1.71371 255 191 0
5.92764 1.36092 1.36672 255 191 0
16.8288 -27.4687 -10.8338 255 191 0
6.91692 9.06478 1.67822 255 191 0
7.82081 6.05312 3.40313 255 191 0
9.90973 -26.3434 -5.81471 255 191 0
3.48729 -12.3452 -6.48611 255 191 0
19.6514 12.4363 3.21918 255 191 0
16.0204 41.9298 -2.94791 255 191 0
16.3339 22.7098 3.12405 255 191 0
6.32179 -11.2802 -11.4991 255 191 0
8.65656 11.2243 -5.09315 255 191 0
17.7264 48.3447 -8.57048 255 191 0
22.4524 19.5306 4.01369 255 191 0
12.0932 36.1872 -1.91565 255 191 0
8.33763 13.9059 -6.14587 255 191 0
3.8292 -20.6052 -6.3257 255 191 0
7.68339 9.13557 2.6823 255 191 0
21.4029 30.4458 0.476275 255 191 0
13.0464 -4.17842 4.74137 255 191 0
16.8939 38.7996 -1.83177 255 191 0
15.3663 48.9332 -8.69632 255 191 0
15.613 -29.4456 -12.4579 255 191 0
16.8623 -16.3334 -11.2207 255 191 0
5.29594 -0.807178 -7.54576 255 191 0
13.0627 39.3055 -2.11562 255 191 0
18.358 8.96009 7.92154 255 191 0
9.17378 -15.5196 1.74875 255 191 0
6.90531 -25.4726 -7.11369 255 191 0
6.28207 6.86426 1.12428 255 191 0
12.2564 -24.7795 -12.441 255 191 0
13.4163 -12.3914 -11.2211 255 191 0
16.3274 15.0662 1.89849 255 191 0
5.69091 4.74483 -6.21208 255 191 0
21.5521 16.4766 1.50258 255 191 0
4.16846 8.66849 -3.38123 255 191 0
13.0512 25.8653 2.19331 255 191 0
8.27837 -15.4011 -3.70616 255 191 0
14.4588 12.8349 6.81318 255 191 0
17.2473 -17.6897 -10.7846 255 191 0
16.8328 52.8813 -9.99077 255 191 0
8.82851 14.1806 3.03333 255 191 0
8.66333 4.31468 -3.56959 255 191 0
17.5689 11.5783 3.26782 255 191 0
16.9125 3.89758 5.24473 255 191 0
8.95823 -20.3733 -11.1249 255 191 0
12.8746 28.7696 -3.58431 255 191 0
10.3232 0.777163 7.09671 255 191 0
4.37135 5.4738 -5.05229 255 191 0
10.8982 -28.8802 -10.4295 255 191 0
22.6318 30.9423 -4.57881 255 191 0
14.8033 -4.60379 8.68326 255 191 0
11.5788 -15.5901 -8.11535 255 191 0
10.5557 34.236 -5.37441 255 191 0
15.2421 39.1883 -5.86378 255 191 0
14.5624 46.6214 -4.7243 255 191 0
8.20544 -4.93745 5.92356 255 191 0
6.82522 3.17957 2.54708 255 191 0
7.31094 13.7648 -5.73697 255 191 0
12.5036 23.3872 -2.43729 255 191 0
13.1428 30.1688 -3.75959 255 191 0
17.4431 -26.676 -11.5782 255 191 0
19.5266 44.1732 -7.64335 255 191 0
8.9398 22.1175 -5.8974 255 191 0
11.5805 15.0775 -1.34256 255 191 0
10.7292 20.413 -3.55773 255 191 0
22.3697 16.2424 3.89499 255 191 0
4.2214 -8.86617 -1.3351 255 191 0
16.1775 -32.1627 -12.0417 255 191 0
6.50177 -10.1946 -11.5004 255 191 0
8.9985 21.791 -3.36662 255 191 0
9.74959 -12.5116 4.25053 255 191 0
13.539 29.35 1.01897 255 191 0
12.8797 34.6458 -0.606438 255 191 0
21.0316 50.9714 -7.05067 255 191 0
12.6919 21.0086 -1.69767 255 191 0
4.1019 -12.2783 -1.35063 255 191 0
8.79013 -16.5467 0.77834 255 191 0
6.08755 -22.6737 -3.32648 255 191 0
3.83581 -5.46532 -3.07041 255 191 0
16.9732 -29.4203 -12.4648 255 191 0
9.73521 -7.53835 1.49828 255 191 0
15.32 0.0854168 5.50569 255 191 0
11.0079 -12.7829 -12.709 255 191 0
9.64104 3.01331 6.03574 255 191 0
17.8021 25.7489 2.38204 255 191 0
12.3495 18.4248 4.91088 255 191 0
5.306 -2.8976 0.797841 255 191 0
12.5275 -24.7521 -6.94282 255 191 0
3.98513 -21.6308 -4.39561 255 191 0
23.1475 29.3919 -3.84329 255 191 0
16.0018 33.5245 -0.226301 255 191 0
9.09854 -19.1956 -11.5163 255 191 0
14.4379 21.2916 3.62091 255 191 0
19.8492 -1.36514 10.2818 255 191 0
8.33776 -8.45806 -5.02676 255 191 0
7.95571 -26.1511 -9.81282 255 191 0
20.1193 22.907 -0.533741 255 191 0
8.21787 17.2547 1.82267 255 191 0
17.3981 46.8543 -4.59347 255 191 0
20.9192 25.4351 -1.78415 255 191 0
3.78723 -4.623 -8.86833 255 191 0
22.1974 14.3852 2.03686 255 191 0
19.4107 27.4671 -1.96782 255 191 0
12.192 29.5273 -4.21531 255 191 0
13.235 -27.1242 -6.94416 255 191 0
11.9032 31.7111 -0.669157 255 191 0
11.1847 39.8907 -6.94715 255 191 0
7.84487 -26.3095 -7.8428 255 191 0
14.8518 17.5647 0.573489 255 191 0
3.72303 -15.8937 -7.36569 255 191 0
3.4506 -4.72871 -5.26131 255 191 0
19.149 -2.70821 7.72071 255 191 0
19.0397 48.5842 -5.38983 255 191 0
20.3664 47.5822 -9.33545 255 191 0
17.6527 32.5978 0.250089 255 191 0
18.1297 15.4989 5.56783 255 191 0
10.5749 28.7994 -2.17216 255 191 0
16.2803 -21.8116 -13.5485 255 191 0
10.3405 -3.31165 1.68278 255 191 0
11.8668 -30.4707 -9.52889 255 191 0
14.7167 20.1863 -0.182191 255 191 0
7.42408 -16.9857 0.422559 255 191 0
16.3118 0.497176 5.92282 255 191 0
21.4577 42.265 -7.96634 255 191 0
7.7314 -11.5681 -12.0419 255 191 0
9.96339 -18.8515 -12.2498 255 191 0
17.9647 38.1218 -1.57493 255 191 0
15.7802 20.2982 0.193423 255 191 0
18.6061 18.6371 1.22444 255 191 0
17.6077 -20.2887 -11.7724 255 191 0
10.7744 -7.24861 -9.35319 255 191 0
12.379 16.647 -0.929527 255 191 0
8.19345 -10.7743 -3.25592 255 191 0
13.0347 -1.63632 7.96844 255 191 0
20.6918 48.6778 -5.93952 255 191 0
3.45421 -11.1743 -6.47971 255 191 0
19.0289 7.6752 8.22064 255 191 0
22.1738 34.0911 -5.4422 255 191 0
15.4924 9.17949 3.2004 255 191 0
9.48228 10.4557 4.44983 255 191 0
13.1824 26.8665 -2.90652 255 191 0
9.78446 -20.0336 -11.9229 255 191 0
3.5444 -13.5688 -4.21153 255 191 0
3.8338 -18.4281 -1.91581 255 191 0
21.6389 28.4735 -3.08595 255 191 0
14.9514 22.2777 -0.681434 255 191 0
3.72762 -21.4069 -5.63943 255 191 0
12.47 50.8222 -7.56915 255 191 0
16.2085 16.8942 5.18108 255 191 0
13.6717 3.64364 7.6185 255 191 0
14.9237 14.3718 1.49417 255 191 0
7.45062 -8.4122 -11.1386 255 191 0
18.5412 7.45731 4.74921 255 191 0
6.07099 -24.5889 -4.65835 255 191 0
8.19485 4.46661 -5.09302 255 191 0
8.73591 21.2607 -4.31659 255 191 0
8.04717 -4.08169 -5.22692 255 191 0
13.7511 -4.66779 8.22097 255 191 0
10.2301 6.48047 -1.0595 255 191 0
16.2464 45.1579 -4.00982 255 191 0
14.9398 -32.3391 -8.08719 255 191 0
6.82488 12.1655 -5.57152 255 191 0
13.6231 53.9411 -7.48825 255 191 0
3.73807 -17.1862 -2.32837 255 191 0
14.5452 -0.72711 8.35078 255 191 0
20.7674 48.4733 -9.88921 255 191 0
10.9819 -28.3821 -7.36476 255 191 0
16.5801 29.5392 1.09816 255 191 0
9.2349 -12.1285 1.03225 255 191 0
13.8147 19.2176 -0.432205 255 191 0
6.32741 -13.5465 2.60064 255 191 0
10.5563 4.02506 6.70875 255 191 0
8.26046 15.3325 2.21803 255 191 0
16.2824 13.4473 2.35923 255 191 0
20.3465 17.3391 1.57446 255 191 0
11.2469 16.2767 -1.99999 255 191 0
14.3616 27.0418 -2.31495 255 191 0
11.2974 12.2783 5.67559 255 191 0
14.3662 -5.8085 8.1476 255 191 0
18.9768 11.0599 3.58811 255 191 0
14.0899 -33.9288 -8.31025 255 191 0
21.6987 32.7262 -0.382799 255 191 0
11.4083 8.6002 6.50693 255 191 0
5.28042 11.5253 -3.5492 255 191 0
9.62784 -24.236 -11.0233 255 191 0
10.3535 -16.4724 -6.83166 255 191 0
3.87584 5.07866 -3.80689 255 191 0
5.24903 15.2372 -2.04207 255 191 0
12.2806 -0.24848 2.96028 255 191 0
5.72567 -6.07769 2.12023 255 191 0
13.5398 9.0946 7.48641 255 191 0
11.841 30.5631 -0.353944 255 191 0
20.2013 -3.35235 9.27498 255 191 0
12.1214 50.6329 -8.92372 255 191 0
4.10047 -16.2146 -8.36199 255 191 0
22.9789 32.9507 -5.56725 255 191 0
5.06692 -22.7628 -8.27629 255 191 0
23.7256 40.7516 -4.47288 255 191 0
16.0748 18.1659 0.907979 255 191 0
19.5924 41.2001 -2.80374 255 191 0
3.53325 -17.7261 -4.89357 255 191 0
15.5174 12.6542 2.23954 255 191 0
17.7987 25.4712 -1.08932 255 191 0
14.091 24.9488 2.42131 255 191 0
11.3911 -8.38975 -9.68808 255 191 0
3.88967 -6.29162 -9.17712 255 191 0
22.5711 39.9137 -3.35098 255 191 0
14.3451 -29.0487 -7.43691 255 191 0
13.1917 -30.8909 -11.4022 255 191 0
11.2291 26.949 0.0325625 255 191 0
8.25781 0.644391 -4.25668 255 191 0
4.83711 -5.2586 -9.73537 255 191 0
23.085 47.2146 -9.71727 255 191 0
9.44997 9.65138 -3.02094 255 191 0
14.1429 29.6951 -3.16454 255 191 0
15.8119 -19.194 -9.512 255 191 0
14.3088 56.3823 -10.592 255 191 0
12.4017 -3.655 4.07547 255 191 0
21.4058 7.63606 6.31488 255 191 0
19.4768 9.92139 3.95131 255 191 0
9.89976 13.6701 -3.24273 255 191 0
13.2706 -32.6646 -8.13116 255 191 0
9.82429 26.9091 -4.02806 255 191 0
5.69482 -7.43302 2.29728 255 191 0
20.2403 -2.1742 9.24997 255 191 0
12.7153 45.1585 -7.98307 255 191 0
10.0515 10.1431 -2.05589 255 191 0
15.9636 -16.2391 -11.9914 255 191 0
14.0859 -12.7102 -10.3164 255 191 0
17.7403 -0.73235 9.8273 255 191 0
14.4065 55.6793 -8.48419 255 191 0
9.08296 7.89903 -3.38048 255 191 0
16.5675 -24.5804 -10.4964 255 191 0
6.94751 12.1971 1.19194 255 191 0
9.41863 -11.9389 -6.69228 255 191 0
3.91982 -8.92948 -2.42325 255 191 0
8.47153 -12.8584 -4.22618 255 191 0
8.03082 -10.2901 -11.95 255 191 0
13.303 42.656 -3.38076 255 191 0
13.2962 19.0208 4.36194 255 191 0
15.4761 38.5741 -1.94196 255 191 0
3.83605 3.11868 -6.06483 255 191 0
7.11289 -25.4142 -9.28082 255 191 0
14.5937 -22.7951 -8.55886 255 191 0
3.53409 -20.1905 -4.42629 255 191 0
22.311 48.4105 -6.67151 255 191 0
14.3642 -33.5757 -9.33803 255 191 0
10.7088 32.6847 -3.82509 255 191 0
21.0659 3.72633 6.85734 255 191 0
23.5431 45.1632 -6.17358 255 191 0
12.7942 36.3572 -1.16741 255 191 0
23.0271 49.2209 -7.5386 255 191 0
23.0925 35.6836 -6.6032 255 191 0
19.0635 3.75704 9.84466 255 191 0
24.1313 37.2712 -6.09931 255 191 0
15.9348 -24.2348 -8.77245 255 191 0
11.4188 -10.3812 -11.1544 255 191 0
18.0361 43.6805 -7.04192 255 191 0
16.4629 30.6595 0.733091 255 191 0
14.2137 10.4264 2.09605 255 191 0
11.9369 -9.46944 -10.1137 255 191 0
15.3969 -2.80564 6.16819 255 191 0
3.41758 -7.85327 -5.91844 255 191 0
10.98 -24.9012 -11.8802 255 191 0
6.03343 11.7099 -0.0783834 255 191 0
13.7708 45.1629 -7.78077 255 191 0
10.5059 30.3009 -2.94491 255 191 0
15.3982 -1.54417 8.5507 255 191 0
20.0632 24.4112 2.75942 255 191 0
3.80923 -2.61953 -3.40041 255 191 0
16.4893 25.84 -1.2797 255 191 0
22.9109 20.1126 1.16674 255 191 0
9.96778 5.34345 -1.26472 255 191 0
8.56576 -17.0682 -0.506684 255 191 0
11.4309 25.4071 1.21245 255 191 0
11.4206 30.6339 -5.12632 255 191 0
22.713 33.003 -0.89474 255 191 0
15.1441 42.5379 -3.27892 255 191 0
23.8913 27.4138 -2.25347 255 191 0
24.1693 38.0843 -4.47152 255 191 0
19.0581 2.23945 6.39955 255 191 0
14.2669 -32.6152 -10.4275 255 191 0
21.6109 8.37199 5.38203 255 191 0
9.57076 -25.171 -4.6168 255 191 0
8.31288 -12.6486 -12.2715 255 191 0
18.7529 -1.83871 10.3568 255 191 0
5.34526 6.06564 -0.379542 255 191 0
4.26855 -21.7633 -7.11959 255 191 0
14.442 -29.0986 -12.4139 255 191 0
8.88336 12.3472 -4.79407 255 191 0
16.4833 5.74485 4.53115 255 191 0
14.0078 49.1156 -8.89489 255 191 0
12.1311 -20.7486 -12.9749 255 191 0
9.09815 -4.34032 6.54498 255 191 0
7.26835 -16.5324 -10.8274 255 191 0
8.52376 17.501 -5.62305 255 191 0
3.54423 -5.72381 -4.6026 255 191 0
13.4858 31.8714 -4.10231 255 191 0
14.4156 -2.41435 5.50307 255 191 0
16.5095 -18.2389 -13.2329 255 191 0
10.5049 -1.85416 1.46021 255 191 0
9.04817 23.4798 -4.27816 255 191 0
12.9751 -19.8009 -13.3477 255 191 0
21.9083 26.9389 1.49912 255 191 0
7.91088 8.12426 -6.67813 255 191 0
8.65302 1.60171 -3.08244 255 191 0
15.6783 44.0505 -3.68469 255 191 0
13.0691 49.1383 -5.84934 255 191 0
22.7335 18.3269 1.81955 255 191 0
6.43259 -13.9092 -10.987 255 191 0
9.89566 -8.37623 6.16347 255 191 0
5.83536 -25.2718 -7.51828 255 191 0
12.8047 13.3751 6.43083 255 191 0
21.5938 15.3252 1.79432 255 191 0
8.55644 -26.9786 -8.45447 255 191 0
17.4737 55.1733 -8.2483 255 191 0
14.1557 41.755 -3.23767 255 191 0
11.5529 36.1066 -6.34115 255 191 0
21.6586 31.6363 0.00777287 255 191 0
14.5607 21.2811 -0.571422 255 191 0
13.5186 -6.14895 5.68645 255 191 0
14.5462 48.5244 -5.34707 255 191 0
5.65753 12.4339 -0.824469 255 191 0
19.5571 13.5233 2.86275 255 191 0
9.64101 4.12098 -1.53544 255 191 0
17.9131 41.1063 -6.1439 255 191 0
4.15983 -13.2945 -0.969688 255 191 0
13.7409 1.38827 4.00405 255 191 0
11.9988 42.0437 -4.52889 255 191 0
18.6628 38.8447 -5.54345 255 191 0
6.24442 3.73379 1.5682 255 191 0
6.52604 19.1489 -1.21988 255 191 0
6.16481 15.4308 -0.477864 255 191 0
19.4291 29.7784 1.09872 255 191 0
24.0639 38.4196 -5.66513 255 191 0
6.07052 -2.06108 2.1633 255 191 0
10.2086 18.123 -3.58176 255 191 0
13.3825 33.9739 -4.73433 255 191 0
19.5504 50.6919 -6.33389 255 191 0
6.62673 8.11947 -6.27046 255 191 0
13.9462 22.2566 -1.18411 255 191 0
13.1998 17.0641 -0.332644 255 191 0
15.0278 23.2498 2.75212 255 191 0
7.53991 15.108 -5.51438 255 191 0
16.3837 34.6123 -4.24727 255 191 0
8.33566 -3.9988 -6.93232 255 191 0
4.16807 -23.7326 -6.44692 255 191 0
3.83419 -2.861 -6.59371 255 191 0
10.4083 -9.82553 -8.37352 255 191 0
11.9605 2.48963 7.34175 255 191 0
15.1425 -15.4531 -10.1964 255 191 0
8.21187 2.95878 4.46144 255 191 0
11.3641 31.9518 -5.45355 255 191 0
21.2712 5.15605 5.55994 255 191 0
16.3813 -27.0722 -9.92834 255 191 0
8.6861 -14.5753 -0.559039 255 191 0
8.23043 -18.1469 -2.87966 255 191 0
11.3438 3.9703 0.895781 255 191 0
18.0478 -31.7751 -11.8367 255 191 0
8.18008 6.4691 -5.43109 255 191 0
6.2905 5.25743 1.40048 255 191 0
11.4053 5.12664 0.676248 255 191 0
9.58999 -7.6605 -8.0252 255 191 0
21.9827 24.2628 -1.8433 255 191 0
6.78702 14.7439 -3.63043 255 191 0
4.62731 8.9594 -2.30154 255 191 0
7.15478 2.60312 -7.49339 255 191 0
22.3652 26.4376 -2.59069 255 191 0
15.6255 -3.78416 6.54233 255 191 0
8.2868 7.68072 -5.30839 255 191 0
11.7667 21.3396 -2.62526 255 191 0
19.4613 10.0769 7.26629 255 191 0
3.62162 -6.72159 -4.05032 255 191 0
8.76851 -27.0378 -9.54482 255 191 0
5.7033 -8.5616 2.48633 255 191 0
17.756 5.31686 9.03096 255 191 0
18.1576 -6.13598 8.65524 255 191 0
19.8906 49.3771 -5.92827 255 191 0
19.37 39.7082 -6.00044 255 191 0
10.4215 10.1309 5.39591 255 191 0
3.49784 -9.89667 -4.99448 255 191 0
4.15233 -16.2638 -0.504223 255 191 0
13.1998 52.3649 -9.85279 255 191 0
9.67753 -1.94449 6.7005 255 191 0
23.0602 31.8138 -5.15688 255 191 0
8.68758 -13.2302 -0.480735 255 191 0
15.7666 48.7455 -5.28679 255 191 0
14.1116 56.0233 -9.57319 255 191 0
9.72932 -0.671097 -0.311814 255 191 0
20.8982 4.38221 7.81346 255 191 0
6.46322 16.9149 -0.293476 255 191 0
17.3196 36.9799 -1.19255 255 191 0
10.8538 -12.3067 -8.16098 255 191 0
16.0538 -32.831 -10.6829 255 191 0
12.8118 50.1128 -6.63879 255 191 0
17.2544 -22.2365 -13.5013 255 191 0
20.6557 38.3182 -2.01073 255 191 0
6.98903 10.2181 1.55838 255 191 0
14.4153 -21.6125 -8.70535 255 191 0
8.74445 -1.33885 -2.0046 255 191 0
15.3256 -17.1019 -9.92884 255 191 0
22.6676 18.4824 0.766423 255 191 0
8.48684 -5.57461 -6.85574 255 191 0
11.4682 -22.3828 -6.75442 255 191 0
11.6157 -19.953 -7.23079 255 191 0
13.7075 51.4233 -6.38641 255 191 0
17.0728 28.2379 -2.00564 255 191 0
17.8276 -29.101 -11.4791 255 191 0
11.2882 -0.693175 2.10892 255 191 0
11.0437 -11.6172 -12.0173 255 191 0
13.3034 11.0288 7.19741 255 191 0
6.60424 13.2303 0.560408 255 191 0
16.4871 -23.5241 -9.54842 255 191 0
17.4318 44.7493 -3.84369 255 191 0
18.971 51.1154 -9.98661 255 191 0
13.9819 16.7687 5.22039 255 191 0
9.39328 -9.88259 -11.8403 255 191 0
18.9408 22.4703 3.46364 255 191 0
20.3981 0.175603 8.94287 255 191 0
22.4494 44.105 -4.96926 255 191 0
20.6711 49.9862 -6.46017 255 191 0
3.43075 -6.78357 -5.56502 255 191 0
15.6624 49.9987 -8.99076 255 191 0
20.694 1.01881 8.00192 255 191 0
3.41806 -8.76207 -6.86548 255 191 0
12.2823 19.6554 4.46891 255 191 0
22.0511 32.1415 -4.66298 255 191 0
16.7353 -17.1863 -12.2315 255 191 0
11.0842 37.5155 -4.66105 255 191 0
11.0815 -10.3022 4.12599 255 191 0
5.06997 -12.9701 -10.4458 255 191 0
5.39401 -16.8656 -9.84301 255 191 0
10.9422 -13.8755 -7.88861 255 191 0
9.30751 15.455 3.26229 255 191 0
11.8496 17.435 4.87882 255 191 0
6.75654 -21.939 -9.61348 255 191 0
19.5574 47.5579 -5.12632 255 191 0
5.972 -2.12573 -8.39245 255 191 0
7.31596 15.7005 1.061 255 191 0
10.7916 10.3431 -1.12828 255 191 0
14.6149 -31.5923 -11.8749 255 191 0
4.2392 -2.09812 -1.9797 255 191 0
16.2825 43.0603 -3.29078 255 191 0
17.089 -19.8714 -10.7728 255 191 0
18.9604 18.7548 4.64947 255 191 0
15.3244 -31.078 -8.39374 255 191 0
13.5092 -24.5943 -12.7886 255 191 0
8.57733 -3.35016 6.085 255 191 0
12.3664 46.6578 -5.85999 255 191 0
13.7243 17.9341 4.77804 255 191 0
11.3313 35.0159 -3.05189 255 191 0
14.5541 -31.4625 -7.45231 255 191 0
10.1791 -25.5916 -11.2815 255 191 0
9.97407 5.32813 5.91677 255 191 0
14.8013 18.4464 4.59346 255 191 0
11.3171 18.2876 4.3152 255 191 0
10.9312 -5.91574 7.13544 255 191 0
10.0212 -27.7242 -10.8193 255 191 0
7.97891 -23.8051 -2.79468 255 191 0
17.0016 -18.9711 -10.1746 255 191 0
10.5538 23.7764 0.209919 255 191 0
18.7617 1.15515 10.1005 255 191 0
9.12758 6.75736 -3.07456 255 191 0
15.3802 55.6594 -7.65451 255 191 0
22.4574 17.5412 3.9961 255 191 0
16.1471 41.8304 -6.53895 255 191 0
14.9335 20.313 3.90422 255 191 0
11.6904 -2.74052 3.18795 255 191 0
6.05184 -21.6097 -3.08029 255 191 0
12.9961 41.5864 -7.00709 255 191 0
12.2824 -12.1736 -12.0644 255 191 0
9.37136 22.3517 1.84561 255 191 0
17.7504 50.7848 -9.4553 255 191 0
21.6193 36.0412 -1.51734 255 191 0
19.7566 2.09315 10.1316 255 191 0
13.3312 -18.0473 -13.7213 255 191 0
19.8521 21.5299 3.70338 255 191 0
18.4981 -24.4081 -13.0389 255 191 0
13.7418 -5.04978 5.61064 255 191 0
17.7202 17.1522 5.03183 255 191 0
18.1842 0.97085 6.50945 255 191 0
11.0046 5.4629 6.82688 255 191 0
17.6601 -28.0329 -11.5788 255 191 0
21.1592 32.539 -4.33709 255 191 0
8.31717 -13.9495 -3.0816 255 191 0
14.1636 34.6133 -0.977722 255 191 0
10.2597 31.1279 -5.03121 255 191 0
7.63904 -7.82763 5.69138 255 191 0
11.535 0.280526 7.49332 255 191 0
6.52209 11.035 0.790703 255 191 0
14.6934 -26.4529 -12.7493 255 191 0
6.4481 -14.3665 1.92403 255 191 0
15.7088 -5.71832 8.59277 255 191 0
12.8779 -18.0817 -8.40388 255 191 0
3.54105 -16.7741 -5.6981 255 191 0
11.5235 43.5885 -7.7765 255 191 0
8.70325 19.0047 -4.63822 255 191 0
8.35377 -17.5759 -1.55575 255 191 0
17.1596 -30.7465 -12.2905 255 191 0
8.35943 -3.88448 -2.59591 255 191 0
8.87444 -4.71851 -7.70197 255 191 0
17.3706 -18.2099 -12.5085 255 191 0
11.9364 9.29613 0.392997 255 191 0
19.9956 -4.9451 9.69595 255 191 0
10.7476 33.1828 -6.26853 255 191 0
19.0689 53.0161 -8.81609 255 191 0
15.8123 2.68542 5.04894 255 191 0
23.5746 38.9886 -8.02317 255 191 0
13.2488 -28.3443 -6.78743 255 191 0
9.65054 7.51297 -2.21738 255 191 0
18.8005 36.6733 -4.85351 255 191 0
3.57233 -10.7341 -4.17703 255 191 0
10.2567 3.63248 -0.368665 255 191 0
8.10968 -3.26797 -6.10039 255 191 0
12.8658 -23.4188 -12.794 255 191 0
16.1075 1.56971 5.47569 255 191 0
8.17107 -2.39026 -7.24803 255 191 0
8.30313 -24.4263 -4.02789 255 191 0
17.4573 -0.0511793 6.53618 255 191 0
8.98069 10.5292 -4.16998 255 191 0
20.7293 9.90886 7.52151 255 191 0
23.9122 38.6174 -6.76331 255 191 0
10.6283 -8.70946 -8.80073 255 191 0
11.7652 -7.70914 4.53719 255 191 0
14.925 15.5305 1.1678 255 191 0
18.5905 42.2115 -6.62725 255 191 0
23.1566 22.0334 0.934507 255 191 0
18.5581 30.6159 0.890382 255 191 0
8.06278 -6.62052 6.02551 255 191 0
11.7115 0.499131 2.19258 255 191 0
5.25014 -11.9965 2.00565 255 191 0
9.14625 13.6777 -4.49896 255 191 0
16.1755 56.1504 -10.2946 255 191 0
4.50121 -7.51533 -9.79878 255 191 0
18.0728 29.8259 -2.56645 255 191 0
11.0043 -27.8521 -11.5116 255 191 0
7.83475 -23.2693 -10.0718 255 191 0
7.11859 -1.82565 3.86479 255 191 0
20.9245 8.7613 7.85998 255 191 0
19.2777 28.6086 1.49238 255 191 0
11.1836 33.0403 -2.53109 255 191 0
13.0068 -23.2654 -7.59126 255 191 0
23.5869 47.9763 -8.95635 255 191 0
12.6635 4.67374 7.32858 255 191 0
16.7575 38.4057 -5.38772 255 191 0
22.9823 24.3259 1.95902 255 191 0
10.9305 -29.3178 -8.77418 255 191 0
9.44952 -27.1587 -7.36378 255 191 0
7.76693 3.99139 -7.25599 255 191 0
8.51145 -2.95194 -8.90127 255 191 0
18.6416 44.8336 -3.95017 255 191 0
12.2089 -3.05131 7.59231 255 191 0
10.0003 27.7482 -5.99499 255 191 0
6.92995 -8.31497 4.67534 255 191 0
21.5333 46.7985 -9.49853 255 191 0
9.41422 12.7286 -3.79669 255 191 0
3.90661 -15.79 -1.63313 255 191 0
17.0779 -32.6799 -11.7969 255 191 0
23.5339 30.6285 -0.483531 255 191 0
5.72298 7.34975 -5.53049 255 191 0
14.1679 45.2138 -4.3559 255 191 0
8.90663 -9.90954 0.155895 255 191 0
8.69255 -3.59284 -1.50165 255 191 0
8.91682 -12.7113 -5.52331 255 191 0
16.1803 -31.7515 -10.2272 255 191 0
15.5969 -1.50422 6.05308 255 191 0
9.5449 6.06902 -2.08445 255 191 0
7.86735 -3.16019 5.14839 255 191 0
12.5286 -7.23898 5.1581 255 191 0
12.2729 32.8758 -0.413902 255 191 0
17.7472 29.7223 1.14788 255 191 0
6.47721 -20.46 -9.63991 255 191 0
3.65256 1.22943 -4.32339 255 191 0
18.2584 51.4636 -6.32274 255 191 0
14.5724 -20.3834 -13.583 255 191 0
12.3703 -31.3241 -9.23509 255 191 0
23.0998 35.7955 -2.09595 255 191 0
14.7298 28.347 1.0875 255 191 0
20.2411 35.0662 -0.796221 255 191 0
3.97262 -1.18808 -6.9171 255 191 0
21.2016 41.7716 -3.44714 255 191 0
14.9479 5.92924 7.69318 255 191 0
8.10672 1.39018 -5.17957 255 191 0
10.8961 36.5352 -4.99127 255 191 0
7.41785 -18.7599 -0.716962 255 191 0
17.1795 1.28957 6.04317 255 191 0
9.90261 -2.50776 0.658896 255 191 0
18.1547 13.7559 2.66641 255 191 0
12.3729 29.3144 0.9977 255 191 0
6.69826 1.41784 -7.54537 255 191 0
6.19169 -19.373 -9.72175 255 191 0
16.0654 -15.4491 -10.965 255 191 0
16.1259 28.5323 1.33233 255 191 0
9.69014 14.172 3.87974 255 191 0
15.3656 -7.14959 7.98066 255 191 0
10.8235 -23.6545 -11.9778 255 191 0
6.01845 0.324725 -7.46002 255 191 0
17.4665 50.4607 -5.87449 255 191 0
13.7607 38.3855 -2.05179 255 191 0
9.30009 -17.284 -5.55875 255 191 0
24.1497 30.7857 -4.94287 255 191 0
8.66582 -23.1321 -3.73523 255 191 0
18.2112 48.0311 -5.05543 255 191 0
10.8242 -12.2433 4.25234 255 191 0
13.998 43.9676 -3.99271 255 191 0
18.4403 34.905 -4.26629 255 191 0
11.5107 23.902 -3.46432 255 191 0
19.5291 -2.76781 10.4948 255 191 0
3.63481 -2.23524 -5.60662 255 191 0
12.9958 -16.5328 -8.80355 255 191 0
17.0472 26.7688 -1.52881 255 191 0
18.8479 33.3405 -0.013499 255 191 0
18.1426 35.2055 -0.604324 255 191 0
23.111 24.5272 -2.36318 255 191 0
3.6525 -19.3239 -5.89043 255 191 0
20.8625 16.7787 5.24107 255 191 0
23.7491 26.2019 -1.95497 255 191 0
19.0564 5.90036 5.30699 255 191 0
10.8844 23.9113 2.74992 255 191 0
24.3669 31.9217 -2.78535 255 191 0
23.9066 39.4516 -4.06923 255 191 0
5.82111 2.61108 1.01369 255 191 0
13.0785 48.1529 -5.48362 255 191 0
4.16364 7.14441 -3.22213 255 191 0
15.1898 4.25629 4.29643 255 191 0
8.78796 -17.5247 -4.67248 255 191 0
8.92384 -10.9962 -5.78025 255 191 0
14.6518 29.3457 0.787588 255 191 0
5.19677 7.08311 -0.803082 255 191 0
18.0046 49.6503 -9.09111 255 191 0
11.4318 28.3767 -0.209804 255 191 0
15.5221 46.1616 -7.81966 255 191 0
9.73393 25.6224 -5.95403 255 191 0
16.1191 -28.2768 -12.6144 255 191 0
18.5703 -23.2706 -12.8453 255 191 0
3.57011 4.64354 -4.95102 255 191 0
22.422 17.4565 0.92621 255 191 0
23.0021 28.3037 0.607384 255 191 0
12.452 -13.0474 -9.29025 255 191 0
21.4967 47.7533 -5.93283 255 191 0
4.97238 13.8462 -2.35771 255 191 0
9.78983 9.20855 4.9907 255 191 0
17.2908 18.7445 0.990172 255 191 0
20.8428 35.8735 -5.32108 255 191 0
6.9954 4.89721 -7.04193 255 191 0
16.138 4.67093 4.63647 255 191 0
15.4571 -16.9507 -13.2418 255 191 0
19.0836 14.6187 2.54497 255 191 0
5.47562 -4.86546 1.41628 255 191 0
15.2132 -26.7734 -8.16804 255 191 0
16.9186 7.82466 4.12657 255 191 0
12.842 14.8524 6.08944 255 191 0
6.95035 14.4337 -4.63499 255 191 0
16.0199 5.57669 8.23201 255 191 0
24.421 33.6322 -3.14503 255 191 0
24.2037 37.056 -5.00639 255 191 0
13.0495 46.4301 -8.18738 255 191 0
11.3058 -18.7134 -7.20596 255 191 0
16.7641 -29.0694 -10.6279 255 191 0
22.5817 48.662 -9.15103 255 191 0
9.4292 20.0597 2.43786 255 191 0
11.2035 39.8174 -5.64618 255 191 0
15.6665 12.9924 6.81059 255 191 0
23.2718 26.6051 1.05047 255 191 0
13.9056 -27.2176 -12.5462 255 191 0
4.62111 9.66216 -3.85953 255 191 0
6.44231 -3.99071 3.14178 255 191 0
16.5523 1.52844 8.99541 255 191 0
6.13735 3.34811 -6.92008 255 191 0
11.5534 -13.1789 -8.54624 255 191 0
8.7239 -4.28249 -9.38826 255 191 0
10.5735 -8.75164 3.1811 255 191 0
11.7887 46.3172 -7.63318 255 191 0
14.5809 25.5773 -1.80338 255 191 0
11.7283 -23.0799 -12.4853 255 191 0
17.0182 23.8609 2.89374 255 191 0
6.28305 -5.305 3.05621 255 191 0
22.2027 16.6754 4.91657 255 191 0
21.1629 21.2937 3.56081 255 191 0
9.9985 22.6881 0.301494 255 191 0
4.06528 -19.1067 -7.41313 255 191 0
9.66828 -26.5979 -10.764 255 191 0
13.9713 15.6914 5.62708 255 191 0
21.5906 40.8517 -7.53045 255 191 0
15.9769 -23.9223 -13.2056 255 191 0
17.2002 -19.5141 -13.5082 255 191 0
14.971 11.5297 2.26711 255 191 0
10.3162 25.2801 -1.24894 255 191 0
15.9552 36.9163 -4.98387 255 191 0
6.76655 7.01385 -6.55459 255 191 0
18.3593 12.5982 3.09162 255 191 0
23.8478 47.2494 -8.03349 255 191 0
7.48664 7.32329 2.77663 255 191 0
9.48456 22.4107 -0.90842 255 191 0
19.4052 26.1115 2.27334 255 191 0
16.2621 46.5236 -4.4852 255 191 0
20.4957 -3.24142 8.00137 255 191 0
12.5519 53.2664 -9.03782 255 191 0
11.9784 48.5024 -8.4625 255 191 0
8.34764 -12.5263 -2.32665 255 191 0
11.0964 16.2478 4.63139 255 191 0
14.2387 16.7286 0.475778 255 191 0
9.90388 -23.9119 -4.9009 255 191 0
12.3676 51.6339 -8.63641 255 191 0
7.9937 -10.0743 4.91582 255 191 0
8.19734 -7.45034 -2.38858 255 191 0
13.9569 -33.2164 -7.46379 255 191 0
10.1476 15.1239 4.11944 255 191 0
19.6407 15.304 5.68887 255 191 0
16.0562 -26.0952 -12.9027 255 191 0
22.463 34.7371 -1.38411 255 191 0
23.5134 24.5921 -0.298402 255 191 0
7.81594 -0.332854 4.5766 255 191 0
4.41057 -0.78774 -1.65555 255 191 0
14.1657 37.3553 -5.38872 255 191 0
10.6848 21.6039 3.11198 255 191 0
10.7897 7.6473 6.20027 255 191 0
6.04974 11.1961 -4.6053 255 191 0
4.75189 1.22413 -1.01526 255 191 0
10.2713 26.7755 -2.28113 255 191 0
4.33846 1.62006 -2.11872 255 191 0
4.73586 6.67436 -4.90427 255 191 0
10.9218 -8.10626 6.57004 255 191 0
19.9855 38.6019 -5.90332 255 191 0
16.8328 2.69902 5.51668 255 191 0
4.77574 2.41338 -1.11007 255 191 0
16.1386 -6.03129 7.39925 255 191 0
9.87144 -11.5729 2.35748 255 191 0
13.9713 13.9317 6.47368 255 191 0
24.4576 34.2671 -4.72568 255 191 0
8.92116 -9.01476 -11.4883 255 191 0
9.74386 7.84092 5.20094 255 191 0
3.70318 -14.2404 -7.59691 255 191 0
20.5506 14.4682 2.32564 255 191 0
5.39868 8.71659 -0.714876 255 191 0
7.62618 -21.1493 -10.2186 255 191 0
19.9121 33.3022 -4.0972 255 191 0
4.78097 -11.8722 -10.4672 255 191 0
17.4887 -4.38858 9.18333 255 191 0
14.0969 -27.8181 -7.43655 255 191 0
18.0899 -21.3885 -12.4489 255 191 0
20.8677 14.7456 5.95344 255 191 0
16.3813 -3.76442 8.99125 255 191 0
4.79665 -9.93424 -10.7381 255 191 0
9.74983 21.8451 -5.1426 255 191 0
10.3811 16.3785 -2.98211 255 191 0
18.5703 19.944 4.27074 255 191 0
4.72036 10.0751 -2.25391 255 191 0
10.688 24.2953 1.78778 255 191 0
24.3713 32.0541 -4.70165 255 191 0
7.03213 4.45892 2.62802 255 191 0
11.1086 22.8969 -3.72924 255 191 0
3.46914 -11.0429 -5.28583 255 191 0
20.8377 26.4944 -2.12096 255 191 0
12.1426 43.7821 -5.16927 255 191 0
14.551 48.1988 -8.59783 255 191 0
21.5261 39.5076 -2.71547 255 191 0
17.1109 42.7455 -6.65763 255 191 0
10.6278 -23.8974 -5.71123 255 191 0
18.5138 -25.4574 -12.508 255 191 0
10.3455 32.4957 -5.42163 255 191 0
20.147 44.2643 -4.04474 255 191 0
4.30585 -5.92878 -1.36895 255 191 0
7.60573 17.6747 1.05932 255 191 0
7.98942 -25.4719 -5.85561 255 191 0
17.9834 6.11814 5.05873 255 191 0
17.5779 6.99766 4.69388 255 191 0
12.8981 -3.68279 7.97163 255 191 0
15.3685 -29.6786 -8.23241 255 191 0
21.9011 37.6694 -6.57067 255 191 0
23.9493 31.9843 -1.21115 255 191 0
4.46042 0.394527 -1.67429 255 191 0
9.15666 20.0791 -5.30824 255 191 0
11.624 -29.3116 -7.56267 255 191 0
9.76717 -20.9653 -5.36521 255 191 0
8.47362 5.29853 -4.3822 255 191 0
13.3493 -13.8524 -12.6181 255 191 0
4.85218 -9.30786 0.558014 255 191 0
23.0097 20.9916 0.314015 255 191 0
13.1203 -15.3172 -9.073 255 191 0
8.47033 6.83394 4.03548 255 191 0
12.5144 22.2294 -2.13342 255 191 0
15.7773 27.4854 1.59045 255 191 0
3.45519 -6.80609 -8.10002 255 191 0
3.79561 -12.628 -8.42196 255 191 0
14.1163 13.3887 1.27766 255 191 0
5.36773 -24.8397 -6.55409 255 191 0
21.8719 28.6984 0.926175 255 191 0
3.6665 -12.709 -3.35043 255 191 0
5.11673 -1.6748 0.217625 255 191 0
16.9496 -20.989 -10.4465 255 191 0
17.5651 41.9552 -2.86104 255 191 0
12.0183 11.4203 -0.0280115 255 191 0
6.05892 6.00943 -6.24603 255 191 0
22.0815 18.4748 4.91415 255 191 0
18.0994 46.1095 -7.87427 255 191 0
3.50471 -14.8289 -5.54212 255 191 0
13.2134 -12.2041 -9.82673 255 191 0
15.0133 23.7872 -1.12416 255 191 0
10.89 25.8513 -0.223599 255 191 0
16.7351 40.1451 -2.28228 255 191 0
17.3963 19.4116 4.33294 255 191 0
16.3381 9.33624 7.85267 255 191 0
24.344 31.3673 -3.72795 255 191 0
5.86167 5.72813 0.605763 255 191 0
4.75176 6.59173 -1.68651 255 191 0
4.9016 -22.831 -4.40015 255 191 0
20.0586 3.21656 9.68654 255 191 0
20.9699 51.3694 -8.33433 255 191 0
9.52392 4.28938 5.6737 255 191 0
13.6427 -2.13463 4.86564 255 191 0
16.5516 49.6477 -5.57473 255 191 0
21.6977 9.47999 5.5367 255 191 0
20.4431 -1.00256 8.65444 255 191 0
12.1311 -10.5124 -9.63619 255 191 0
8.06618 1.61136 4.53414 255 191 0
8.39838 -1.29167 -8.2473 255 191 0
3.50534 -15.951 -4.92031 255 191 0
19.1279 22.5771 -0.236033 255 191 0
16.7116 4.53904 8.6676 255 191 0
8.12187 -1.46796 -4.68089 255 191 0
16.4539 54.7968 -7.34954 255 191 0
17.261 15.8938 1.89168 255 191 0
15.1306 49.826 -5.70742 255 191 0
10.3223 12.941 4.73638 255 191 0
10.2066 -5.91217 -9.10027 255 191 0
15.7649 19.264 4.20451 255 191 0
16.4695 32.6872 -3.55249 255 191 0
15.7359 27.7097 -2.03663 255 191 0
13.2098 -7.61949 6.15028 255 191 0
21.375 21.2069 -0.160336 255 191 0
8.73945 9.5445 -4.52612 255 191 0
7.1014 19.8772 -0.5254 255 191 0
11.3129 -26.6322 -11.8307 255 191 0
24.4048 35.1565 -5.65085 255 191 0
21.6357 11.7004 6.35022 255 191 0
21.9237 25.539 -2.269 255 191 0
5.44321 -14.9661 -10.2379 255 191 0
22.037 29.5268 -3.41377 255 191 0
8.92869 -7.27145 -7.02111 255 191 0
16.8805 51.5192 -9.54067 255 191 0
9.80578 -14.1965 -6.63644 255 191 0
8.7344 -8.85074 -0.463789 255 191 0
17.7963 24.783 2.68307 255 191 0
10.6834 -1.51987 7.06635 255 191 0
11.7362 -10.7768 5.13499 255 191 0
19.5204 26.2897 -1.61945 255 191 0
15.4138 35.1794 -4.47437 255 191 0
20.1428 40.3293 -2.61084 255 191 0
15.7407 24.7599 -1.20185 255 191 0
18.7941 33.7641 -3.94454 255 191 0
9.12628 -6.83129 6.27294 255 191 0
17.7194 -20.9836 -13.7093 255 191 0
19.8132 45.6828 -4.47519 255 191 0
18.1101 40.0055 -2.21807 255 191 0
13.0123 -8.16491 7.2438 255 191 0
12.8969 43.5796 -3.73963 255 191 0
15.1078 -6.38066 6.97685 255 191 0
11.9497 11.648 6.27031 255 191 0
7.83608 16.5395 -5.21953 255 191 0
21.3226 13.7203 2.41547 255 191 0
16.7794 -5.88269 8.78871 255 191 0
10.2852 17.9304 3.61689 255 191 0
10.9489 37.9272 -5.68864 255 191 0
17.2056 46.7095 -7.95352 255 191 0
10.1581 15.2001 -3.11024 255 191 0
19.0418 34.6942 -0.483996 255 191 0
16.6344 -30.7394 -10.3142 255 191 0
10.8615 17.3094 -2.68005 255 191 0
4.90674 -19.2398 -1.87165 255 191 0
9.16757 -8.4811 -7.19897 255 191 0
13.2338 3.1755 3.12921 255 191 0
17.4663 8.10074 8.21008 255 191 0
18.5708 -26.4936 -12.6975 255 191 0
18.5905 2.73158 9.82601 255 191 0
3.34843 -4.82646 -6.55998 255 191 0
3.50603 -12.6424 -4.72236 255 191 0
17.3775 48.6644 -5.23639 255 191 0
12.4454 -8.40613 5.3967 255 191 0
7.68096 11.6979 -6.46997 255 191 0
9.9128 28.1607 -4.5911 255 191 0
11.372 8.15086 0.00413686 255 191 0
9.70961 3.10165 -1.21833 255 191 0
14.5224 39.1824 -2.34426 255 191 0
16.0187 47.7133 -8.24853 255 191 0
14.1334 -30.1783 -7.16361 255 191 0
10.9597 -2.80314 7.2189 255 191 0
23.5004 43.7382 -5.53135 255 191 0
14.943 40.261 -6.22614 255 191 0
18.9961 25.0048 2.64959 255 191 0
17.8573 54.4085 -8.95026 255 191 0
14.5492 -2.11771 8.44919 255 191 0
13.1554 -7.06464 7.58834 255 191 0
8.06498 -7.27308 -4.66494 255 191 0
24.3711 33.0328 -5.29639 255 191 0
16.7521 -25.0331 -13.0636 255 191 0
20.772 33.6356 -0.43299 255 191 0
18.9338 25.2454 -1.16677 255 191 0
9.80599 -10.5636 2.09566 255 191 0
21.7836 22.8488 2.89155 255 191 0
12.3824 28.2209 1.39773 255 191 0
22.5182 30.794 -0.0248409 255 191 0
12.3423 -30.1359 -7.41114 255 191 0
6.19484 8.30229 0.745987 255 191 0
11.3853 -10.9801 -8.8885 255 191 0
15.4632 36.7988 -1.38222 255 191 0
15.5636 -20.5466 -9.18544 255 191 0
12.2582 -29.9847 -11.5517 255 191 0
4.3851 -17.3444 -0.81461 255 191 0
21.8237 24.3901 2.37465 255 191 0
9.39634 11.5623 -3.55206 255 191 0
20.7917 43.1313 -3.82293 255 191 0
12.7746 36.0211 -5.58004 255 191 0
12.0516 -19.3251 -13.1544 255 191 0
3.58123 -17.5438 -3.46958 255 191 0
14.3488 35.8153 -1.30843 255 191 0
8.30959 15.9501 -6.10504 255 191 0
21.7933 50.4407 -7.89284 255 191 0
16.7311 11.7273 7.17977 255 191 0
17.8256 39.6384 -5.70194 255 191 0
8.94513 -21.5445 -4.39235 255 191 0
12.024 10.5732 6.55903 255 191 0
3.71301 -10.6527 -8.64358 255 191 0
18.2347 -3.70423 7.77753 255 191 0
5.45454 -20.6194 -9.0779 255 191 0
19.4596 35.8596 -4.77901 255 191 0
23.1851 43.5646 -9.26649 255 191 0
20.9789 25.3235 2.29605 255 191 0
7.69271 10.3444 2.475 255 191 0
5.31248 -13.7537 2.13373 255 191 0
9.63342 26.8066 -5.83345 255 191 0
7.18866 16.0984 -2.78797 255 191 0
23.6363 33.8325 -1.71524 255 191 0
8.12138 -9.55161 -3.50763 255 191 0
4.20124 5.88813 -2.95675 255 191 0
16.4206 31.7865 0.385994 255 191 0
6.5094 13.5846 -3.84479 255 191 0
17.2994 -28.3447 -12.5855 255 191 0
9.48823 -5.74129 -8.29119 255 191 0
23.6012 45.2151 -8.39503 255 191 0
14.9044 36.3315 -4.89771 255 191 0
4.42791 -14.7003 0.181458 255 191 0
8.54008 19.3146 1.7372 255 191 0
4.93938 -20.167 -2.69527 255 191 0
21.6595 49.8784 -9.14545 255 191 0
8.83291 3.49597 5.08564 255 191 0
23.8727 46.1405 -7.49404 255 191 0
7.07364 10.1263 -6.28198 255 191 0
8.29109 -12.1292 -3.31911 255 191 0
20.7304 5.63365 8.35873 255 191 0
9.53691 8.58213 -2.57876 255 191 0
8.01358 -4.94419 -9.91215 255 191 0
6.74028 -11.2613 4.10653 255 191 0
7.85581 14.3792 1.92293 255 191 0
12.0642 12.9892 -0.352418 255 191 0
23.9858 39.7539 -5.22303 255 191 0
8.43096 -13.2893 -1.54974 255 191 0
8.44089 -11.1865 -1.34817 255 191 0
8.67152 20.8992 -2.61206 255 191 0
16.5555 -1.31262 6.51965 255 191 0
11.7407 39.4215 -3.68523 255 191 0
23.3161 41.7048 -8.48495 255 191 0
10.9199 29.8522 -1.77644 255 191 0
20.8555 1.81868 7.29842 255 191 0
7.86684 -14.9113 2.20119 255 191 0
6.9905 -5.35962 -10.1344 255 191 0
16.15 31.1219 -3.04147 255 191 0
6.95984 -15.4826 -10.9629 255 191 0
13.9894 22.5445 3.21309 255 191 0
11.4571 15.0555 5.17312 255 191 0
8.97339 -11.3297 0.370834 255 191 0
12.2924 47.7321 -6.56837 255 191 0
19.4074 27.4414 1.8573 255 191 0
11.2455 29.1838 -0.896731 255 191 0
14.9201 7.67384 3.10756 255 191 0
13.3099 -0.177027 3.98942 255 191 0
21.7667 10.6943 5.65801 255 191 0
8.13429 -0.363239 -7.31506 255 191 0
17.1792 -23.7515 -13.2548 255 191 0
10.5675 13.5345 -2.24422 255 191 0
21.2218 44.9284 -4.66792 255 191 0
6.08974 -16.0378 -10.3479 255 191 0
21.3342 10.7983 7.22782 255 191 0
9.25458 25.218 -4.67227 255 191 0
14.9195 38.0623 -5.5079 255 191 0
6.81832 -7.32997 4.3237 255 191 0
9.66937 18.9045 2.89105 255 191 0
8.26554 13.3753 2.58428 255 191 0
11.3388 38.6721 -4.45423 255 191 0
10.1163 -1.16751 0.526556 255 191 0
10.1689 0.154725 0.295665 255 191 0
13.4939 42.6165 -7.22217 255 191 0
9.28219 4.78383 -2.27666 255 191 0
14.5808 10.5355 7.36225 255 191 0
11.7171 -29.7288 -10.6699 255 191 0
11.9591 -17.9844 -7.86358 255 191 0
9.45354 -9.47225 1.25799 255 191 0
18.9521 16.1823 2.04027 255 191 0
4.59523 -20.2529 -8.36676 255 191 0
3.58996 -18.6463 -3.18695 255 191 0
5.61912 4.10623 0.409781 255 191 0
7.61997 16.8834 -3.807 255 191 0
17.6731 18.2081 4.71632 255 191 0
19.2781 -5.92281 9.113 255 191 0
17.4745 33.8722 -0.177731 255 191 0
4.54617 4.4873 -1.90967 255 191 0
12.7899 24.5045 -2.52208 255 191 0
23.6321 43.4403 -7.91724 255 191 0
5.58858 -1.85472 1.22521 255 191 0
18.5152 4.63079 9.5067 255 191 0
7.49931 12.9992 1.77348 255 191 0
15.5943 -2.7241 8.65938 255 191 0
10.955 -4.34056 2.83532 255 191 0
11.8822 37.0425 -2.61094 255 191 0
3.79304 6.0632 -4.16077 255 191 0
3.63019 -0.581809 -5.39253 255 191 0
11.8454 27.1491 0.915318 255 191 0
22.8877 38.0655 -7.42908 255 191 0
14.2606 43.9625 -7.42116 255 191 0
8.39932 -6.5873 -1.61489 255 191 0
8.49599 -9.74578 -5.10781 255 191 0
11.2751 -26.4938 -5.67441 255 191 0
14.5193 8.14892 7.6609 255 191 0
12.4997 -16.3314 -13.4156 255 191 0
9.28956 -10.4824 1.03277 255 191 0
14.2572 9.02342 2.51441 255 191 0
17.2196 20.5147 3.97265 255 191 0
4.80227 -8.50022 -10.2786 255 191 0
15.4929 53.7703 -6.99621 255 191 0
16.6835 56.0025 -7.8788 255 191 0
18.5094 52.5159 -6.76596 255 191 0
19.6998 20.4506 4.05752 255 191 0
19.9717 1.00687 9.90928 255 191 0
24.3298 36.4368 -3.68376 255 191 0
19.2323 49.6282 -9.52107 255 191 0
12.1256 25.5481 -3.27721 255 191 0
4.02938 -0.0345934 -2.83524 255 191 0
3.52944 -7.80701 -4.64809 255 191 0
16.5037 11.2772 3.04887 255 191 0
13.4626 25.5406 -2.40477 255 191 0
19.3901 4.36656 5.79067 255 191 0
21.8362 12.9206 5.88432 255 191 0
11.838 17.3993 -1.57125 255 191 0
11.2185 41.0357 -6.50554 255 191 0
13.4718 38.7088 -6.0475 255 191 0
11.6724 2.13957 1.73695 255 191 0
6.36512 9.85958 0.74549 255 191 0
16.792 6.97341 8.18368 255 191 0
13.2631 13.6645 0.55428 255 191 0
13.1035 2.05965 7.66956 255 191 0
7.62682 20.7343 -1.45596 255 191 0
11.8022 22.7565 -2.93136 255 191 0
4.44448 -7.20334 -0.808753 255 191 0
6.99621 -22.0717 -2.55335 255 191 0
17.665 -22.5921 -12.1102 255 191 0
5.33536 10.4747 -3.95516 255 191 0
20.6449 28.5849 1.30023 255 191 0
4.65212 -4.01919 -0.59103 255 191 0
11.9246 -30.4539 -8.4176 255 191 0
14.0505 -23.339 -13.064 255 191 0
11.0808 9.56087 -0.46067 255 191 0
11.8575 -9.20832 4.97509 255 191 0
23.1569 38.8254 -3.27297 255 191 0
14.9466 5.32139 3.78721 255 191 0
13.305 47.9815 -8.63491 255 191 0
16.3681 -2.55697 6.75795 255 191 0
15.9633 21.6089 -0.149467 255 191 0
3.76113 -17.0273 -7.00178 255 191 0
14.0516 33.1096 -4.23006 255 191 0
20.7736 2.39075 6.30237 255 191 0
10.2549 -28.4149 -9.70918 255 191 0
4.95117 0.957832 -6.67486 255 191 0
8.88884 -9.28295 -6.08103 255 191 0
9.14565 22.5064 -2.41759 255 191 0
14.2173 6.55592 2.81413 255 191 0
15.8798 44.0194 -7.17184 255 191 0
23.213 40.3229 -8.47864 255 191 0
6.62084 -17.1921 -10.3138 255 191 0
10.017 24.3537 -1.96313 255 191 0
12.3415 -13.0478 -12.5956 255 191 0
12.8413 12.4171 0.498347 255 191 0
8.82635 -18.7614 -4.62104 255 191 0
11.7808 29.322 0.0844841 255 191 0
14.1482 46.1415 -8.02426 255 191 0
8.03257 -0.737458 -6.33308 255 191 0
23.0775 22.7003 1.95956 255 191 0
9.45714 16.0798 -4.54984 255 191 0
12.2822 -26.7908 -6.32051 255 191 0
15.2489 45.6307 -4.27538 255 191 0
15.3336 10.2718 2.79407 255 191 0
9.35972 -9.59806 -7.20488 255 191 0
8.07181 -2.19172 -6.19712 255 191 0
12.4115 41.9289 -3.56948 255 191 0
23.8823 37.7892 -3.3566 255 191 0
7.51823 -5.44045 5.0806 255 191 0
8.47438 12.7898 -5.68458 255 191 0
21.2332 27.4767 -2.61618 255 191 0
14.3244 30.6436 0.309006 255 191 0
15.1075 -32.3876 -11.0991 255 191 0
18.3939 20.9236 3.95437 255 191 0
8.81364 -5.78372 6.22361 255 191 0
18.1471 53.3045 -9.73368 255 191 0
19.9101 14.0122 6.08535 255 191 0
10.6663 27.0514 -5.14719 255 191 0
10.9501 -21.022 -12.4632 255 191 0
21.3676 8.5299 6.77774 255 191 0
8.40706 -18.5497 -0.416068 255 191 0
16.7099 39.7282 -5.80628 255 191 0
15.5307 25.8489 2.01251 255 191 0
16.5135 37.5671 -1.45226 255 191 0
8.04045 4.89034 3.89347 255 191 0
4.1769 -11.3036 -9.73061 255 191 0
8.95424 -25.8068 -5.45039 255 191 0
17.25 53.696 -7.00845 255 191 0
11.7068 13.6034 5.6773 255 191 0
17.5814 34.036 -3.98267 255 191 0
3.85037 -10.2978 -2.65382 255 191 0
13.3792 -25.7478 -7.33239 255 191 0
8.63986 6.74003 -4.17461 255 191 0
10.4157 -10.173 3.11291 255 191 0
24.237 30.6083 -2.35941 255 191 0
8.01787 20.7745 0.200659 255 191 0
3.66761 -0.55687 -4.13807 255 191 0
18.1732 -2.3331 7.38889 255 191 0
17.1956 28.2847 1.56456 255 191 0
12.0123 32.8628 -5.18118 255 191 0
20.2394 43.2873 -7.62794 255 191 0
16.3701 26.4563 2.00161 255 191 0
8.60406 -7.39519 -10.7791 255 191 0
12.3916 -26.0044 -12.3204 255 191 0
12.6165 -22.0269 -12.9266 255 191 0
13.5322 -2.65595 8.20706 255 191 0
21.3912 22.4517 -0.692728 255 191 0
13.8649 23.8771 2.84324 255 191 0
14.9751 17.2853 4.99344 255 191 0
10.7083 25.7708 -4.82722 255 191 0
12.3339 49.0063 -7.11283 255 191 0
11.7416 -21.0159 -7.20162 255 191 0
8.1266 10.2657 -6.02614 255 191 0
14.2717 4.15633 3.71211 255 191 0
21.0996 9.00064 4.07234 255 191 0
8.05192 -6.89143 -3.43737 255 191 0
13.8102 2.5128 3.78053 255 191 0
15.0077 22.1658 3.02912 255 191 0
11.6465 -25.147 -6.14831 255 191 0
4.72304 11.983 -2.50021 255 191 0
11.5409 -27.5717 -6.15305 255 191 0
6.35846 -6.49877 3.39682 255 191 0
17.7855 36.3036 -4.67303 255 191 0
11.653 44.7937 -7.49497 255 191 0
18.4893 -20.4015 -13.1116 255 191 0
13.4001 52.5884 -7.11366 255 191 0
17.1705 43.5995 -3.42765 255 191 0
11.7008 40.9098 -4.78305 255 191 0
12.0482 26.6219 -3.61146 255 191 0
3.52295 -8.44485 -8.17206 255 191 0
13.6399 -13.7611 -9.70867 255 191 0
12.966 53.9995 -8.29718 255 191 0
8.36109 -6.72494 -5.94975 255 191 0
8.06343 -0.197193 -5.40642 255 191 0
7.99843 1.91607 -7.60796 255 191 0
13.5701 -15.1647 -13.1756 255 191 0
23.6509 25.2294 -1.31395 255 191 0
14.2492 50.2706 -9.16991 255 191 0
11.4215 29.1316 -4.80551 255 191 0
13.8412 51.5038 -9.56027 255 191 0
7.37325 0.447366 3.821 255 191 0
21.5267 40.6491 -3.1478 255 191 0
19.7997 18.2471 1.35329 255 191 0
8.93109 -25.7442 -10.3498 255 191 0
20.6388 31.5856 0.290337 255 191 0
5.12796 -4.00632 0.547899 255 191 0
8.96094 -26.4232 -6.59829 255 191 0
20.2556 20.2846 0.539298 255 191 0
11.7878 -16.6176 -8.05453 255 191 0
12.4354 30.5258 0.606024 255 191 0
12.4567 31.7263 -4.61556 255 191 0
9.90439 6.61146 5.5961 255 191 0
13.2908 -31.2885 -7.19239 255 191 0
18.9801 52.1426 -9.79418 255 191 0
6.54925 -1.21987 2.85756 255 191 0
13.797 50.0811 -5.98876 255 191 0
12.6717 43.8939 -7.82521 255 191 0
19.1295 -0.155958 7.01307 255 191 0
4.04175 0.00130435 -6.79515 255 191 0
9.93764 28.8479 -5.73998 255 191 0
6.40237 -25.5583 -8.45863 255 191 0
23.8186 27.6904 -0.807594 255 191 0
18.6676 38.9333 -1.892 255 191 0
19.1103 -1.49303 7.39433 255 191 0
13.681 33.7113 -0.548167 255 191 0
19.6335 41.8517 -6.87978 255 191 0
8.2542 -20.9156 -2.34896 255 191 0
11.2748 -9.10289 6.27086 255 191 0
3.60873 -4.73239 -4.16586 255 191 0
6.52344 -6.60759 -10.4487 255 191 0
7.91838 -16.0549 1.44785 255 191 0
17.7076 12.9268 6.24906 255 191 0
10.274 2.36124 -0.128716 255 191 0
16.6448 48.8951 -8.6379 255 191 0
11.8919 24.1105 3.08813 255 191 0
12.8235 4.21936 2.47296 255 191 0
23.6841 42.3441 -7.40962 255 191 0
5.85423 -4.08194 2.06176 255 191 0
11.0561 12.8234 -1.4142 255 191 0
16.4015 8.60365 3.7006 255 191 0
8.82141 21.1809 -5.45618 255 191 0
22.8992 46.0902 -6.06958 255 191 0
16.4599 47.7528 -4.91385 255 191 0
7.02808 0.331724 -7.86029 255 191 0
15.0993 -18.0592 -13.7072 255 191 0
10.5037 2.29185 6.99119 255 191 0
22.9826 21.2275 2.00673 255 191 0
8.76646 15.2502 -5.48181 255 191 0
4.66442 -8.22675 -0.0622461 255 191 0
23.5834 41.0728 -7.73956 255 191 0
18.7072 9.14875 4.13803 255 191 0
10.4462 -11.5165 4.98183 255 191 0
4.09647 -3.47391 -2.28104 255 191 0
13.5245 -29.6644 -12.1912 255 191 0
4.79997 -12.6593 0.955464 255 191 0
22.6904 18.8706 2.81326 255 191 0
10.9289 34.1142 -3.6266 255 191 0
12.8723 1.6236 3.17483 255 191 0
5.77522 -19.7761 -1.88971 255 191 0
22.2267 13.2946 3.01199 255 191 0
4.31692 -14.4282 -9.27241 255 191 0
7.74295 5.70657 -7.11524 255 191 0
13.3874 -0.269227 7.93867 255 191 0
14.6677 52.5567 -6.64542 255 191 0
4.502 -2.84125 -1.15136 255 191 0
16.6234 -21.7894 -9.53378 255 191 0
15.6524 -28.0032 -8.27949 255 191 0
11.4511 34.8206 -6.12135 255 191 0
3.90068 -14.496 -1.87773 255 191 0
17.1313 35.3812 -4.4512 255 191 0
10.0425 -7.657 -10.3961 255 191 0
11.168 11.7948 -1.06062 255 191 0
20.5077 3.58346 8.71802 255 191 0
16.5436 25.3696 2.36161 255 191 0
3.55217 -8.89079 -4.40181 255 191 0
19.5717 5.27048 9.19274 255 191 0
13.1665 20.0815 -1.087 255 191 0
12.3968 -30.607 -10.4548 255 191 0
8.95274 1.70934 5.56758 255 191 0
6.41587 -0.66479 -7.83834 255 191 0
10.4847 11.3092 -1.81184 255 191 0
11.9474 34.5248 -1.52608 255 191 0
16.125 0.323039 8.94382 255 191 0
10.3054 16.7299 3.9072 255 191 0
15.1391 -23.1559 -13.245 255 191 0
3.54787 -16.4304 -3.97439 255 191 0
17.4711 31.3572 0.626913 255 191 0
17.97 23.6073 -0.451028 255 191 0
9.40753 -3.14775 6.6535 255 191 0
13.756 5.14379 7.42148 255 191 0
22.1062 20.6612 3.92598 255 191 0
17.3 -21.3744 -11.5233 255 191 0
5.0262 4.07709 -0.766801 255 191 0
10.697 31.3236 -6.01515 255 191 0
22.5569 16.9872 2.75004 255 191 0
19.3713 -4.02435 8.07928 255 191 0
10.6096 -15.222 -7.30773 255 191 0
8.71199 -13.8765 -5.02678 255 191 0
15.395 14.0599 6.34636 255 191 0
12.7574 -19.4518 -8.11972 255 191 0
9.63173 -18.4713 -5.69971 255 191 0
10.4653 -25.7144 -5.08448 255 191 0
18.0772 54.1432 -7.70243 255 191 0
17.8163 3.62655 5.70211 255 191 0
18.9863 43.1338 -7.10008 255 191 0
13.2998 -5.76168 7.71431 255 191 0
15.2376 1.44394 8.42861 255 191 0
22.8245 37.5841 -2.59886 255 191 0
16.0743 2.60749 8.65027 255 191 0
12.6588 15.6253 -0.43995 255 191 0
9.65467 10.781 -2.93625 255 191 0
7.55221 2.46256 3.70531 255 191 0
6.75134 7.73197 1.68086 255 191 0
4.58952 -15.8988 0.483113 255 191 0
9.3996 -21.6774 -11.2694 255 191 0
8.54129 -21.8297 -3.43102 255 191 0
17.759 37.6591 -5.11783 255 191 0
21.4283 7.11426 4.9506 255 191 0
4.04894 -15.1528 -8.55469 255 191 0
4.82125 -14.1664 1.2583 255 191 0
9.91766 -8.64861 2.01399 255 191 0
5.17547 -7.08698 1.12204 255 191 0
12.011 6.60479 7.35464 255 191 0
9.42822 -4.70655 0.467039 255 191 0
8.89205 10.9867 3.7389 255 191 0
9.67222 -6.3174 1.27188 255 191 0
7.79363 18.5948 -2.01714 255 191 0
4.36134 10.8518 -3.15285 255 191 0
22.1568 20.0764 0.0872131 255 191 0
9.05544 -5.71878 -0.186135 255 191 0
12.1214 9.43796 6.86905 255 191 0
11.2477 31.2025 -1.59862 255 191 0
12.6503 -9.22197 6.50275 255 191 0
8.62557 8.08115 -4.43165 255 191 0
14.7801 37.6826 -1.80606 255 191 0
23.5685 34.6655 -6.33966 255 191 0
6.618 13.0793 -4.83155 255 191 0
8.67091 20.7034 1.58683 255 191 0
4.48563 -9.61826 -0.418189 255 191 0
11.9067 -7.82646 6.99781 255 191 0
18.9263 53.1903 -7.44275 255 191 0
23.7832 40.6648 -6.45913 255 191 0
7.48272 -8.94908 5.3082 255 191 0
20.3643 28.0549 -2.45015 255 191 0
12.413 42.8385 -7.63888 255 191 0
16.8042 55.93 -9.01104 255 191 0
24.0601 33.5093 -6.24086 255 191 0
4.30511 -4.60989 -1.514 255 191 0
14.3806 -16.3214 -13.3956 255 191 0
16.5612 -20.5366 -13.7712 255 191 0
14.9786 -14.8255 -11.5252 255 191 0
22.4953 40.9517 -3.71624 255 191 0
23.9478 36.5433 -7.04996 255 191 0
20.301 -5.0413 8.65561 255 191 0
22.2673 36.8451 -2.04734 255 191 0
12.5816 51.5276 -9.70656 255 191 0
13.4763 15.8043 0.212226 255 191 0
20.0056 16.3315 1.81093 255 191 0
17.4247 -30.1665 -11.0514 255 191 0
12.2311 -15.1621 -13.193 255 191 0
17.8026 52.0159 -9.93501 255 191 0
9.39339 14.8694 -4.39185 255 191 0
19.587 31.1895 0.621392 255 191 0
15.3577 47.5528 -4.90789 255 191 0
16.1217 51.6737 -6.26299 255 191 0
20.2709 52.1026 -7.87131 255 191 0
9.81514 21.4854 2.46308 255 191 0
17.8674 3.65051 9.36057 255 191 0
10.5089 -11.1924 3.38394 255 191 0
23.1599 21.9576 -0.35241 255 191 0
4.91563 5.34344 -1.14971 255 191 0
4.49689 -17.5469 -8.98687 255 191 0
20.7697 22.4091 3.2782 255 191 0
16.1522 36.0511 -1.01086 255 191 0
17.8112 8.45978 4.3405 255 191 0
6.77444 -18.5532 -10.1427 255 191 0
9.09292 -13.3016 0.664271 255 191 0
10.7602 36.7577 -6.38439 255 191 0
11.6788 42.0402 -5.55729 255 191 0
20.8667 2.95866 7.72867 255 191 0
8.27897 -2.07399 -3.58861 255 191 0
20.4395 29.2416 -2.89197 255 191 0
6.27755 -8.9816 3.64925 255 191 0
9.76602 -27.9748 -8.46711 255 191 0
14.3497 35.0147 -4.61367 255 191 0
19.6727 51.8347 -6.82527 255 191 0
22.0714 14.0354 4.97203 255 191 0
9.00192 -15.1097 0.652014 255 191 0
15.0892 33.8724 -4.06111 255 191 0
21.2308 12.6054 6.89803 255 191 0
6.98473 -25.0716 -6.15042 255 191 0
7.43704 17.3159 -2.16357 255 191 0
8.07259 -8.30364 -3.71456 255 191 0
15.0666 -27.7376 -12.6287 255 191 0
22.6669 31.9861 -0.50205 255 191 0
11.9876 -27.6339 -11.9874 255 191 0
8.53373 -12.2732 -0.93166 255 191 0
21.3562 17.6656 5.19034 255 191 0
20.1818 11.0594 6.96907 255 191 0
18.3773 23.6762 3.07968 255 191 0
7.91407 17.5966 -4.62507 255 191 0
18.521 -3.99393 9.59988 255 191 0
3.80195 -8.69244 -9.44006 255 191 0
20.5197 44.3147 -8.15481 255 191 0
7.88278 6.64069 -6.67693 255 191 0
9.43316 0.742611 6.26566 255 191 0
9.90581 -13.9035 3.08921 255 191 0
14.9524 28.787 -2.65085 255 191 0
9.43975 24.2141 -3.11228 255 191 0
18.5316 36.1938 -0.944694 255 191 0
6.23947 -23.9686 -3.81645 255 191 0
10.9588 -2.4823 2.36575 255 191 0
20.9991 46.0479 -5.01632 255 191 0
20.4301 30.1316 0.824615 255 191 0
12.236 7.70043 7.29824 255 191 0
9.98009 -0.487445 6.99767 255 191 0
13.3567 -24.5106 -7.53203 255 191 0
16.9772 21.9895 -0.0113813 255 191 0
3.93421 -22.6156 -4.99276 255 191 0
16.7968 49.9624 -9.00095 255 191 0
5.81818 16.4882 -1.19886 255 191 0
4.11769 -9.99087 -1.56177 255 191 0
17.0837 2.71718 9.09678 255 191 0
22.5151 27.7986 -2.82324 255 191 0
3.53448 -13.5494 -6.76843 255 191 0
13.709 -18.7114 -8.97878 255 191 0
7.28627 15.5755 -4.31181 255 191 0
14.411 52.8557 -9.90203 255 191 0
23.3904 29.3344 0.0606252 255 191 0
14.6027 9.35794 7.57755 255 191 0
9.59695 -10.3138 5.34526 255 191 0
15.2208 4.58751 8.01088 255 191 0
18.4318 -27.732 -12.5885 255 191 0
11.0836 -7.13019 6.88425 255 191 0
22.5836 45.2502 -5.52026 255 191 0
5.0666 -18.5067 -9.29088 255 191 0
20.9386 45.6444 -8.95786 255 191 0
3.65394 -17.791 -6.28021 255 191 0
11.6772 41.5181 -7.34553 255 191 0
11.9172 -12.1098 -9.11999 255 191 0
7.17901 -0.75105 3.77829 255 191 0
10.191 -13.239 -7.3281 255 191 0
13.2598 9.00816 1.67304 255 191 0
19.0893 37.7251 -5.32475 255 191 0
16.0258 23.6946 -0.774184 255 191 0
4.02991 -10.2047 -9.69215 255 191 0
17.5795 22.5708 3.37129 255 191 0
5.59295 -10.8919 2.61237 255 191 0
20.4227 1.42212 8.90684 255 191 0
4.00407 -20.3626 -3.42071 255 191 0
24.4731 34.6724 -3.34689 255 191 0
11.8813 -1.83029 7.4602 255 191 0
9.09975 -0.262557 -1.39375 255 191 0
11.5194 22.673 3.44492 255 191 0
18.0548 10.1465 7.49642 255 191 0
10.0741 -22.5454 -11.7124 255 191 0
22.1857 15.3516 4.67947 255 191 0
14.3577 -16.6417 -9.69008 255 191 0
3.5737 1.94357 -6.14307 255 191 0
10.9732 18.9074 -2.94904 255 191 0
19.6456 35.8699 -0.961754 255 191 0
23.2181 44.9252 -9.43736 255 191 0
13.923 54.958 -10.5713 255 191 0
7.26604 -19.828 -10.2074 255 191 0
14.1445 -14.7351 -9.91796 255 191 0
12.2142 40.3611 -6.94116 255 191 0
10.9306 -15.4469 -13.0738 255 191 0
8.17662 -19.6407 -2.53938 255 191 0
19.8207 30.418 -3.11185 255 191 0
16.3073 -28.3633 -9.97968 255 191 0
8.56224 2.83204 -3.66505 255 191 0
3.67086 -16.0083 -2.91195 255 191 0
15.0797 19.0911 0.305264 255 191 0
13.4516 26.9168 1.77357 255 191 0
8.76484 4.55006 4.82097 255 191 0
12.6538 -31.4794 -8.0973 255 191 0
14.5444 -24.4352 -8.24772 255 191 0
18.2267 -4.89049 8.05212 255 191 0
19.8617 46.5554 -8.67035 255 191 0
8.01764 0.751613 -7.14118 255 191 0
16.3919 29.1992 -2.38772 255 191 0
19.3535 19.7793 0.82467 255 191 0
9.42795 12.9112 3.89813 255 191 0
9.67367 -10.7285 -7.43479 255 191 0
12.7645 -22.1187 -7.6106 255 191 0
9.2761 -15.7807 -12.3974 255 191 0
5.1931 -3.93627 -9.31409 255 191 0
23.711 26.4036 -0.85991 255 191 0
3.54673 -14.7939 -4.08991 255 191 0
17.3363 45.858 -4.22893 255 191 0
3.80013 -7.54211 -3.07756 255 191 0
7.3305 -6.60762 5.00946 255 191 0
22.6158 49.5825 -8.44614 255 191 0
10.1435 27.9809 -3.23531 255 191 0
12.226 -4.72465 7.64847 255 191 0
9.53989 -12.8238 1.82911 255 191 0
12.8496 16.4394 5.60494 255 191 0
10.9036 -19.6247 -12.6563 255 191 0
20.4058 10.763 3.66785 255 191 0
16.8186 -22.3381 -10.5406 255 191 0
10.3049 -6.33953 2.36102 255 191 0
10.2363 9.09197 -1.49424 255 191 0
10.4899 29.9098 -5.95009 255 191 0
8.29238 -16.4452 -2.08802 255 191 0
13.5934 -25.961 -12.6289 255 191 0
20.4913 41.1102 -7.00961 255 191 0
18.1712 -19.4198 -12.5856 255 191 0
18.3893 -30.4208 -11.7287 255 191 0
3.53554 -3.70925 -4.69064 255 191 0
14.5695 -1.19936 5.30682 255 191 0
21.2522 17.8836 1.15332 255 191 0
4.9631 7.91334 -1.42077 255 191 0
19.9678 4.29204 9.54682 255 191 0
3.65617 -14.0361 -3.23211 255 191 0
17.9577 6.92466 8.56234 255 191 0
24.2015 30.2653 -3.57865 255 191 0
12.0256 19.3128 -1.89763 255 191 0
18.6344 44.8844 -7.63139 255 191 0
20.2133 32.1691 -3.82137 255 191 0
20.6999 23.7441 -1.08117 255 191 0
10.3211 20.224 3.14368 255 191 0
16.6072 9.76983 3.5044 255 191 0
17.9132 2.56509 6.02566 255 191 0
3.49739 3.46679 -5.05836 255 191 0
10.4694 11.5334 5.15168 255 191 0
5.57936 10.6569 -0.653134 255 191 0
5.29512 1.31167 0.175984 255 191 0
9.27542 -3.83677 -8.49916 255 191 0
21.804 9.71933 4.36793 255 191 0
15.8321 -28.9011 -8.79763 255 191 0
15.5443 -30.7382 -12.3068 255 191 0
23.5689 25.8321 0.306013 255 191 0
15.2006 -21.8199 -13.4489 255 191 0
5.83129 -21.7924 -9.00603 255 191 0
6.70637 0.461055 2.83287 255 191 0
8.86084 -2.3829 -1.45348 255 191 0
22.6989 42.6252 -8.97663 255 191 0
14.4475 3.0477 7.93149 255 191 0
8.26021 11.4492 2.95638 255 191 0
24.0971 29.056 -3.16241 255 191 0
7.40257 -12.2305 3.69913 255 191 0
12.1397 6.25762 1.08535 255 191 0
17.6327 13.9928 5.92 255 191 0
9.17166 1.83197 -1.79482 255 191 0
21.1036 7.9716 4.41855 255 191 0
3.52389 -9.54064 -7.85209 255 191 0
9.4789 24.4604 -5.95677 255 191 0
10.5563 14.1179 4.68238 255 191 0
22.0748 42.4647 -4.09228 255 191 0
19.4164 40.9345 -6.44238 255 191 0
12.4517 0.956471 7.60244 255 191 0
20.2088 23.3305 3.08589 255 191 0
7.15738 -2.75174 -8.87809 255 191 0
17.1545 30.2505 -2.71375 255 191 0
11.3456 -14.3118 -13.038 255 191 0
9.88772 -14.5132 -12.7709 255 191 0
23.8972 34.8134 -2.235 255 191 0
23.2121 47.9351 -7.1185 255 191 0
10.2774 -7.58648 2.49266 255 191 0
10.2808 -9.49552 5.8452 255 191 0
4.58263 4.41267 -5.57908 255 191 0
16.5288 54.2365 -10.4392 255 191 0
11.0581 35.5569 -3.96744 255 191 0
10.117 12.1277 -2.42769 255 191 0
3.52911 -18.9062 -4.37874 255 191 0
5.41914 8.47717 -4.92347 255 191 0
3.78044 3.06818 -3.95593 255 191 0
11.7922 44.2162 -6.21963 255 191 0
18.9376 48.5885 -8.9721 255 191 0
8.5331 8.96029 3.71027 255 191 0
4.96724 -23.8634 -5.02871 255 191 0
4.96035 -18.2201 -1.19132 255 191 0
7.5527 -20.4836 -1.55429 255 191 0
11.986 -6.59267 7.45244 255 191 0
11.6343 10.3799 -0.171985 255 191 0
10.5616 -20.4377 -6.26251 255 191 0
15.3958 56.4529 -9.03093 255 191 0
23.7772 44.768 -7.45427 255 191 0
6.65987 11.0188 -5.6835 255 191 0
5.26596 5.55767 -5.67992 255 191 0
3.55264 -4.3927 -7.46075 255 191 0
16.1198 6.8829 3.99928 255 191 0
6.04191 -8.89942 -10.8526 255 191 0
8.33044 -22.6999 -2.67929 255 191 0
15.4276 31.8652 -3.40362 255 191 0
10.1225 -4.38152 1.68154 255 191 0
4.39818 -12.1208 -0.315142 255 191 0
9.36634 -5.68819 -9.73923 255 191 0
5.80889 9.71819 -4.92827 255 191 0
17.5864 -18.5352 -11.5081 255 191 0
11.5095 4.46742 7.3171 255 191 0
10.0571 -6.73055 6.70957 255 191 0
7.73175 19.7954 0.801513 255 191 0
13.5758 -21.2365 -13.2775 255 191 0
10.9784 -17.2859 -13.0686 255 191 0
13.3766 -16.9699 -13.5405 255 191 0
11.6664 32.5642 -1.30281 255 191 0
8.15438 8.99546 -6.02173 255 191 0
8.63751 -14.9447 -12.0935 255 191 0
9.62732 -17.1054 -12.3751 255 191 0
4.29869 -13.3499 -9.47809 255 191 0
9.15215 -7.70715 0.284579 255 191 0
16.422 14.4685 6.17085 255 191 0
21.5448 11.1448 3.31358 255 191 0
24.41 32.6237 -3.73392 255 191 0
5.2663 2.27309 -6.65813 255 191 0
15.332 55.8983 -10.8633 255 191 0
4.0165 -1.2655 -2.79648 255 191 0
22.1061 12.0474 3.48874 255 191 0
14.4602 -15.0632 -12.5678 255 191 0
6.7745 -15.323 1.363 255 191 0
12.9659 -29.4332 -6.57485 255 191 0
13.0591 -31.6298 -10.0752 255 191 0
23.3406 23.7209 0.313955 255 191 0
7.52785 -24.2237 -9.70469 255 191 0
7.54084 12.7632 -6.24473 255 191 0
22.2317 35.7287 -5.96748 255 191 0
17.4311 -3.22105 9.28655 255 191 0
8.17846 -5.59514 -5.72033 255 191 0
18.4401 47.2558 -8.36547 255 191 0
11.9879 39.116 -6.71905 255 191 0
22.5291 21.068 -0.767499 255 191 0
9.87115 -8.84938 -8.11647 255 191 0
13.2799 6.29064 2.12507 255 191 0
11.7642 43.0992 -5.86008 255 191 0
9.65741 11.5238 4.40458 255 191 0
23.8405 43.8501 -6.68405 255 191 0
8.71789 -1.9078 5.96694 255 191 0
4.39128 -18.85 -8.3774 255 191 0
5.24536 3.02002 -0.153446 255 191 0
17.0576 52.563 -6.58184 255 191 0
10.4886 8.67446 5.7357 255 191 0
14.1825 -13.6301 -11.3279 255 191 0
4.62527 -2.59058 -8.22692 255 191 0
3.68731 -7.52266 -9.16494 255 191 0
14.3792 -3.41607 8.55682 255 191 0
13.3999 -28.5777 -12.2947 255 191 0
9.22445 5.77846 5.08365 255 191 0
16.8579 -26.0262 -10.9637 255 191 0
23.9544 41.3015 -5.32929 255 191 0
6.44144 2.03401 2.15405 255 191 0
9.8616 -8.81858 -11.0658 255 191 0
12.2629 40.4627 -3.12704 255 191 0
10.4029 -19.3084 -6.2482 255 191 0
20.2167 37.0913 -5.48342 255 191 0
23.8716 37.7029 -7.38863 255 191 0
3.4356 -10.1469 -6.48316 255 191 0
8.43616 -4.90328 -1.88811 255 191 0
12.4457 8.06043 1.02038 255 191 0
11.232 1.39478 7.32469 255 191 0
17.068 24.2546 -0.704429 255 191 0
15.6894 52.0952 -9.62353 255 191 0
15.6451 -4.88912 6.85565 255 191 0
12.9761 45.3194 -4.45356 255 191 0
8.1199 -17.099 -11.2142 255 191 0
22.8782 42.9845 -4.76032 255 191 0
8.34047 -0.973798 -3.58966 255 191 0
20.1492 3.41364 6.02859 255 191 0
16.9673 5.97153 8.49605 255 191 0
6.6028 -23.5588 -9.22258 255 191 0
18.7263 49.6981 -5.74144 255 191 0
8.68624 19.8898 -4.08969 255 191 0
8.71481 0.31135 -2.55208 255 191 0
11.4538 -0.74255 7.35338 255 191 0
10.9532 38.6837 -6.40838 255 191 0
18.7505 37.1818 -1.30379 255 191 0
18.5213 -29.4257 -12.2218 255 191 0
12.3161 14.2592 -0.421474 255 191 0
9.4624 -12.9926 -6.52578 255 191 0
10.3313 -12.5403 3.30297 255 191 0
15.3775 11.7654 7.17387 255 191 0
23.8781 42.7698 -6.2218 255 191 0
8.92634 5.38667 -3.22334 255 191 0
16.4949 -17.675 -10.0124 255 191 0
23.4651 23.6371 -1.04083 255 191 0
11.8193 -1.37709 2.84278 255 191 0
5.54954 -15.0677 1.37242 255 191 0
5.09939 -10.8171 1.44413 255 191 0
8.16104 -3.59387 -3.74031 255 191 0
19.0376 24.0091 -0.798216 255 191 0
19.889 7.56377 4.69875 255 191 0
13.3959 40.1785 -6.47512 255 191 0
17.529 21.5085 3.70638 255 191 0
8.83546 -7.00267 -0.604438 255 191 0
24.3874 35.7457 -4.6282 255 191 0
11.8519 3.2621 1.67106 255 191 0
20.9123 37.8017 -6.02066 255 191 0
12.7698 -5.49773 4.88997 255 191 0
10.4279 23.7789 -4.62226 255 191 0
21.7939 33.9226 -0.839103 255 191 0
19.3221 39.6583 -2.22236 255 191 0
13.4801 -33.0166 -9.44005 255 191 0
3.54481 2.34146 -4.81298 255 191 0
24.2932 36.2667 -5.98896 255 191 0
5.28504 -6.65911 -10.1709 255 191 0
3.57309 -15.0293 -6.60822 255 191 0
11.2984 -23.3503 -6.41923 255 191 0
13.8237 17.8318 -0.0616427 255 191 0
12.0897 45.1841 -5.84694 255 191 0
10.5366 26.4806 -1.27055 255 191 0
10.7867 14.5902 -2.18617 255 191 0
16.3354 -25.184 -9.33064 255 191 0
21.7927 44.4319 -9.00905 255 191 0
9.60471 17.1751 3.19484 255 191 0
18.3817 17.2122 1.65792 255 191 0
15.2648 31.6066 0.231025 255 191 0
12.5499 22.3481 3.37869 255 191 0
3.61124 0.775559 -5.80538 255 191 0
10.9037 24.8715 0.1662 255 191 0
4.99594 -0.292292 -0.257412 255 191 0
17.2905 5.26531 5.04081 255 191 0
6.30988 -4.06108 -9.76753 255 191 0
4.43522 -10.8211 -0.40122 255 191 0
16.9861 35.108 -0.622204 255 191 0
16.0911 21.6399 3.3957 255 191 0
20.1364 1.53464 6.60424 255 191 0
14.871 41.6325 -6.62612 255 191 0
8.5232 -13.1916 3.38869 255 191 0
13.1555 5.27523 2.50533 255 191 0
20.8104 26.4525 1.97832 255 191 0
18.695 13.7399 6.15164 255 191 0
4.01396 2.20134 -3.10273 255 191 0
22.2782 14.5779 3.71188 255 191 0
13.0445 32.9436 -4.63969 255 191 0
15.4628 32.6759 -0.0511606 255 191 0
20.6961 47.2186 -5.35936 255 191 0
15.8395 -22.6753 -8.94907 255 191 0
13.314 7.18743 7.46343 255 191 0
14.5519 27.3123 1.36312 255 191 0
15.0879 50.9609 -9.24473 255 191 0
5.5529 -0.29633 0.917877 255 191 0
12.3659 18.4198 -1.38723 255 191 0
11.4136 -3.9566 7.3881 255 191 0
16.7194 12.39 2.80611 255 191 0
6.34157 14.9156 -2.64056 255 191 0
6.80145 -4.97119 3.90892 255 191 0
3.98705 7.65926 -4.39315 255 191 0
21.0607 4.18882 5.77851 255 191 0
15.4055 39.6852 -2.30864 255 191 0
18.8689 16.5598 5.31411 255 191 0
15.8606 34.98 -0.712616 255 191 0
15.1752 6.43631 3.52615 255 191 0
10.4707 -22.4007 -5.83797 255 191 0
9.94328 -12.014 -12.4822 255 191 0
9.36852 -1.74488 -0.502307 255 191 0
14.9349 -25.1525 -12.9352 255 191 0
3.89011 -11.703 -2.33445 255 191 0
13.1579 6.07897 7.39845 255 191 0
7.94339 2.98745 -6.39548 255 191 0
14.8812 40.8509 -2.78849 255 191 0
14.9605 47.2306 -8.23556 255 191 0
11.3267 27.6055 -4.51918 255 191 0
14.3322 0.72226 8.17935 255 191 0
20.9376 13.5897 6.41223 255 191 0
15.3544 53.39 -10.0563 255 191 0
17.4147 27.1149 1.94235 255 191 0
15.8257 -19.1363 -13.8852 255 191 0
11.5611 -4.98557 3.72246 255 191 0
23.6722 36.7366 -2.8063 255 191 0
21.3701 6.45268 5.94384 255 191 0
11.8937 -14.2346 -8.64654 255 191 0
7.00833 5.5798 2.41188 255 191 0
8.16292 -8.85913 -2.71214 255 191 0
4.56854 -16.4251 -9.2984 255 191 0
20.2154 51.794 -8.97954 255 191 0
12.0913 -11.221 -11.3137 255 191 0
15.8054 30.1279 -2.79711 255 191 0
24.3621 32.9275 -2.28209 255 191 0
16.0026 -27.197 -12.7578 255 191 0
14.2915 54.8331 -7.52322 255 191 0
9.01825 7.71914 4.49256 255 191 0
18.0086 20.5877 0.5696 255 191 0
10.7699 19.1204 3.72744 255 191 0
5.29867 -23.9747 -8.14926 255 191 0
10.8294 6.48788 6.46398 255 191 0
14.1885 25.8937 2.05446 255 191 0
7.84106 -1.63771 4.82107 255 191 0
19.966 17.5498 4.96156 255 191 0
14.8607 30.8149 -3.27243 255 191 0
8.25165 3.3546 -4.72245 255 191 0
5.12764 9.581 -1.35619 255 191 0
11.9435 47.1034 -8.54908 255 191 0
13.6753 -19.9237 -8.75278 255 191 0
18.0881 27.3906 -1.78093 255 191 0
19.8042 43.2299 -3.57677 255 191 0
6.12077 -12.3403 3.23771 255 191 0
16.1482 16.2353 1.51703 255 191 0
23.0563 22.577 -1.5713 255 191 0
15.9875 23.8914 2.69591 255 191 0
10.0551 20.6734 -4.44519 255 191 0
5.14509 -8.38455 1.20031 255 191 0
9.71323 -4.84519 -9.00951 255 191 0
16.4589 15.5426 5.70553 255 191 0
32.5313 7.02695 -7.79381 0 166 255
32.4644 9.74117 -4.52905 0 166 255
33.5143 -5.72824 -2.19709 0 166 255
34.2425 -59.5249 13.6915 0 166 255
32.6253 -61.332 -0.0958471 0 166 255
30.5307 7.90028 2.14849 0 166 255
29.0659 -48.5833 -7.4693 0 166 255
32.4404 -4.51672 -8.02897 0 166 255
29.3441 -19.8247 3.44988 0 166 255
21.5439 13.2165 5.70667 0 166 255
27.7933 7.73915 -5.3742 0 166 255
25.3295 -22.124 9.2779 0 166 255
25.6314 -6.73172 -10.1613 0 166 255
15.5726 -39.71 16.6841 0 166 255
23.576 16.7852 4.63057 0 166 255
31.2361 -1.34955 4.38784 0 166 255
29.6817 -76.6964 16.8282 0 166 255
15.1918 -71.7908 20.4726 0 166 255
34.0525 -20.6046 2.6394 0 166 255
34.5214 -32.4104 5.33609 0 166 255
26.0857 25.171 0.504683 0 166 255
19.4701 -68.9963 22.7879 0 166 255
35.2884 -65.3799 11.2825 0 166 255
25.5494 -8.56575 5.23688 0 166 255
30.5421 -24.2724 12.1005 0 166 255
32.4439 -2.8138 -8.26324 0 166 255
29.2845 -69.385 22.5535 0 166 255
27.7912 -52.8308 -2.42116 0 166 255
31.2493 23.655 -6.27012 0 166 255
32.0186 -4.26271 3.94995 0 166 255
27.4642 10.5094 -4.98383 0 166 255
27.7267 -0.115761 7.72906 0 166 255
29.5763 8.24426 3.30694 0 166 255
28.9459 7.93093 -10.6991 0 166 255
22.8016 -71.7623 24.466 0 166 255
30.3062 -31.5501 -8.50728 0 166 255
18.2184 -31.69 17.0116 0 166 255
33.2406 -5.27563 0.802603 0 166 255
23.2978 -44.1835 -6.51176 0 166 255
23.5686 -46.4609 -6.22196 0 166 255
29.4423 -32.9845 15.1698 0 166 255
33.7191 -45.5761 12.2541 0 166 255
23.2002 -35.866 13.4981 0 166 255
32.4737 -70.8707 19.4995 0 166 255
35.3268 -55.8614 4.7244 0 166 255
31.5852 -56.8864 18.0197 0 166 255
31.486 -41.1395 15.0432 0 166 255
21.2323 -29.5513 -8.88825 0 166 255
22.6055 -48.508 20.7534 0 166 255
28.4721 -4.85942 -0.338533 0 166 255
29.5704 -9.17355 -9.71295 0 166 255
27.8024 -42.6697 18.3333 0 166 255
24.5884 -31.8351 17.2676 0 166 255
29.8099 -19.8006 11.6656 0 166 255
33.575 -28.5026 -2.75401 0 166 255
35.211 -51.8531 6.60637 0 166 255
35.5318 -62.853 7.6362 0 166 255
27.3742 -62.7182 15.5256 0 166 255
33.1118 -49.6806 -2.8424 0 166 255
33.5258 -33.0672 -2.83483 0 166 255
34.2821 -64.846 3.98105 0 166 255
31.3091 -42.5299 -6.03567 0 166 255
15.0031 -42.5437 16.4603 0 166 255
20.4735 -31.7636 12.7241 0 166 255
31.6311 -8.83314 6.17821 0 166 255
17.5278 -64.6717 15.5767 0 166 255
34.784 -55.5913 11.0877 0 166 255
33.3689 -22.2599 -3.52828 0 166 255
24.3847 -49.4593 15.3917 0 166 255
32.6321 -64.1113 3.85942 0 166 255
21.8983 -21.9431 -9.84029 0 166 255
30.156 -20.5731 -10.3401 0 166 255
31.1056 -61.6755 7.00858 0 166 255
19.2703 -55.5321 14.8936 0 166 255
33.3717 -51.5115 14.2852 0 166 255
15.2224 -56.3662 18.1114 0 166 255
29.9423 -75.3537 15.8332 0 166 255
25.9621 17.8487 -4.91734 0 166 255
31.6862 3.35884 1.83154 0 166 255
30.869 -62.448 9.68059 0 166 255
24.8659 -33.4113 -11.2655 0 166 255
18.7428 -73.1485 22.7036 0 166 255
34.065 -23.9893 4.74104 0 166 255
28.0888 -5.3993 1.07947 0 166 255
28.2657 -39.7148 -2.63798 0 166 255
24.3488 -14.4248 -10.0462 0 166 255
22.8197 7.46789 7.61634 0 166 255
15.9668 -41.4988 14.8008 0 166 255
19.75 -14.107 13.5426 0 166 255
24.6969 -57.5341 16.3679 0 166 255
28.8546 27.1152 -2.98407 0 166 255
22.2398 -45.6263 15.3283 0 166 255
31.965 18.1782 -6.67367 0 166 255
34.4307 -30.4865 1.70475 0 166 255
29.1353 -15.7435 -10.6813 0 166 255
33.2631 -23.9286 -3.86671 0 166 255
32.4085 -52.0448 16.0538 0 166 255
25.135 -47.6325 20.3518 0 166 255
28.1512 -20.8071 -4.59045 0 166 255
27.8574 2.49846 -1.88028 0 166 255
27.1281 16.887 -7.76096 0 166 255
24.8226 14.4419 -2.266 0 166 255
20.3562 -36.5421 13.4338 0 166 255
23.9066 -74.5745 22.6252 0 166 255
18.4175 -36.3833 12.8231 0 166 255
22.6337 23.7655 0.24876 0 166 255
19.2594 -45.6481 19.4672 0 166 255
24.8033 -37.8248 -10.9001 0 166 255
32.5155 -77.0698 16.9113 0 166 255
24.7246 6.33425 1.07085 0 166 255
31.7169 19.0905 -5.54782 0 166 255
27.6433 6.35259 -8.2553 0 166 255
27.9453 -36.7431 17.015 0 166 255
26.5721 -22.0683 -6.81646 0 166 255
33.5757 -8.75063 -2.48364 0 166 255
22.4042 -14.5535 -11.2558 0 166 255
30.0902 -35.4112 1.69147 0 166 255
27.015 -23.2648 -11.811 0 166 255
30.6934 -53.8277 7.87424 0 166 255
34.3127 -31.9916 0.471369 0 166 255
25.6192 -9.1959 11.4501 0 166 255
34.7571 -42.1567 2.88296 0 166 255
23.0345 28.3773 -4.41934 0 166 255
27.1126 -47.9509 -3.52351 0 166 255
28.1601 -34.3929 16.376 0 166 255
26.3013 11.2302 -2.37009 0 166 255
22.3147 -45.6793 -6.73955 0 166 255
19.8975 -56.3688 21.1147 0 166 255
35.2666 -54.1259 4.77465 0 166 255
32.1918 -41.1665 -4.98783 0 166 255
28.0116 -41.9129 -2.82818 0 166 255
23.8274 -21.4932 9.80841 0 166 255
27.1636 -5.71341 9.72851 0 166 255
28.7279 -78.802 19.4003 0 166 255
31.9787 6.59047 -10.1719 0 166 255
23.7395 -69.7549 24.2319 0 166 255
24.37 -43.7536 19.8081 0 166 255
31.8544 -3.37425 -9.58949 0 166 255
30.6283 -4.45307 -9.69632 0 166 255
29.4206 -10.9752 -9.88591 0 166 255
25.2025 -25.3598 10.2602 0 166 255
26.7714 -40.7859 12.541 0 166 255
28.6432 -7.82971 -2.11092 0 166 255
22.9621 -25.9817 16.2676 0 166 255
17.1584 -73.4266 18.4343 0 166 255
24.0348 -18.5755 -9.4528 0 166 255
21.4918 -54.1146 21.3807 0 166 255
34.7942 -69.2402 9.04484 0 166 255
27.143 -54.0278 20.8601 0 166 255
24.0486 -13.7035 7.54992 0 166 255
26.8211 -57.3261 21.57 0 166 255
31.7228 -21.7723 -7.95418 0 166 255
19.8873 -2.94729 8.75472 0 166 255
25.7583 -39.1274 18.4812 0 166 255
33.1761 -31.8496 -3.83692 0 166 255
28.4408 12.8842 2.9688 0 166 255
23.1737 -46.96 15.3796 0 166 255
28.5744 -24.3202 6.85465 0 166 255
24.9872 -9.83843 6.06206 0 166 255
27.5141 -32.9839 -4.26659 0 166 255
20.0802 -45.2122 14.5053 0 166 255
24.0993 -7.37031 5.84542 0 166 255
32.5713 -29.2964 -5.41776 0 166 255
15.9296 -57.4826 15.7285 0 166 255
31.208 -62.0317 1.41085 0 166 255
33.2691 -56.5581 15.3404 0 166 255
24.9817 28.5478 -4.40909 0 166 255
27.586 2.57927 -8.33216 0 166 255
29.3251 -74.4984 23.1796 0 166 255
34.4829 -30.4386 4.39587 0 166 255
24.5833 -43.5048 -5.81683 0 166 255
24.0714 -31.6938 12.1532 0 166 255
28.6424 -8.34415 -0.628994 0 166 255
30.7756 -51.4141 4.55147 0 166 255
16.6031 -66.2625 17.2655 0 166 255
34.6564 -41.9928 1.26945 0 166 255
34.6172 -59.0703 0.625524 0 166 255
34.5456 -35.6701 6.30855 0 166 255
28.2122 -25.162 14.2341 0 166 255
25.3116 23.3221 -5.82319 0 166 255
23.7272 -25.1415 -11.948 0 166 255
28.0515 27.5342 -4.4688 0 166 255
19.3869 -23.8538 10.8763 0 166 255
35.4882 -60.1719 5.93015 0 166 255
24.2445 -36.3691 -6.67759 0 166 255
33.9419 -71.6241 12.1236 0 166 255
27.9324 -12.82 -5.23295 0 166 255
28.1212 -59.2701 14.24 0 166 255
29.8682 -26.7794 3.32883 0 166 255
30.2751 -35.9879 3.53508 0 166 255
31.208 -64.3309 5.34331 0 166 255
30.125 -31.8228 14.3606 0 166 255
18.2935 -56.2607 20.3085 0 166 255
28.8368 -22.0397 5.57738 0 166 255
23.3386 -50.4152 -8.03314 0 166 255
30.8612 -58.5877 19.1273 0 166 255
21.1788 -24.1635 11.1945 0 166 255
32.481 -8.86616 4.5411 0 166 255
30.0693 -44.6022 1.89124 0 166 255
34.1365 -62.9722 14.659 0 166 255
16.1723 -53.3263 18.4236 0 166 255
30.6704 -50.7277 7.07535 0 166 255
33.5572 -68.1716 8.13372 0 166 255
19.9009 -8.41878 8.79884 0 166 255
33.8517 -66.1567 5.43205 0 166 255
27.5929 22.5595 -8.93801 0 166 255
22.3656 -74.3307 19.5466 0 166 255
27.8846 3.42143 -7.19018 0 166 255
35.1053 -48.7539 5.40981 0 166 255
30.749 23.4662 -4.76073 0 166 255
15.7184 -58.002 18.8306 0 166 255
23.9616 -42.0129 19.5489 0 166 255
32.8729 1.85585 -5.94582 0 166 255
34.9951 -57.7142 10.4857 0 166 255
34.0151 -53.7077 13.1955 0 166 255
23.7122 -40.6085 14.2913 0 166 255
23.9665 18.68 3.87863 0 166 255
31.5395 -15.681 8.45475 0 166 255
27.2913 -74.5867 22.4089 0 166 255
26.4826 -43.0899 -9.60831 0 166 255
22.4165 14.957 3.67393 0 166 255
19.8681 -72.0588 23.4889 0 166 255
34.5844 -37.4077 1.59812 0 166 255
32.0289 18.0461 -9.50698 0 166 255
24.2925 28.8012 0.241026 0 166 255
23.638 -66.0758 23.5733 0 166 255
26.8861 -2.36168 8.91396 0 166 255
15.2129 -33.5555 14.5293 0 166 255
28.534 -61.9228 21.5689 0 166 255
16.1885 -45.1851 15.6962 0 166 255
25.9291 -42.7009 -4.93575 0 166 255
27.3609 -31.8818 10.2799 0 166 255
27.3784 -3.49957 -11.2231 0 166 255
32.8205 3.33163 -6.22845 0 166 255
34.6628 -39.5046 6.65745 0 166 255
25.0598 -6.31323 4.89133 0 166 255
31.0643 -34.8706 14.1322 0 166 255
21.8381 -27.664 11.9637 0 166 255
27.8064 9.82281 -10.8534 0 166 255
30.0472 -60.4332 1.15281 0 166 255
34.4287 -62.4722 0.818173 0 166 255
34.9969 -46.0233 5.39898 0 166 255
21.0012 0.602768 9.77374 0 166 255
33.3241 -42.6899 12.5548 0 166 255
34.1751 -41.8524 -0.748282 0 166 255
25.4613 -26.3164 -11.8745 0 166 255
29.1108 21.291 -0.956354 0 166 255
34.6896 -40.2839 2.05821 0 166 255
22.4022 -37.2557 18.7461 0 166 255
25.8439 -25.3715 15.4421 0 166 255
16.0519 -43.3119 15.1541 0 166 255
15.815 -49.8768 17.1527 0 166 255
14.6759 -68.1142 19.2824 0 166 255
32.5964 9.33348 -6.65782 0 166 255
28.0282 -43.1283 -8.73778 0 166 255
28.0378 -37.17 -9.49823 0 166 255
28.8721 -13.9853 -2.34908 0 166 255
19.6497 4.69704 8.26107 0 166 255
32.0788 9.01555 -1.70998 0 166 255
31.9223 -6.08267 -9.02066 0 166 255
29.6758 -37.352 15.9764 0 166 255
28.16 6.53407 5.35899 0 166 255
20.1403 -20.7581 15.1591 0 166 255
26.7498 0.880934 -9.92256 0 166 255
22.9038 -33.1539 17.8695 0 166 255
16.2813 -59.9895 19.5536 0 166 255
27.8736 -25.8147 -4.72758 0 166 255
30.6223 -45.869 6.18839 0 166 255
29.2783 -17.6838 2.25439 0 166 255
15.6526 -74.1119 20.7639 0 166 255
24.646 -46.0313 20.1622 0 166 255
21.5279 -43.0263 14.7723 0 166 255
30.5606 -50.0614 3.61169 0 166 255
32.9132 5.38843 -4.55964 0 166 255
27.3509 -14.4317 -6.33103 0 166 255
27.8115 -31.7777 -10.4257 0 166 255
17.4231 -69.6871 17.1555 0 166 255
21.2281 -48.071 20.4848 0 166 255
26.8262 -50.0694 -3.60692 0 166 255
29.0888 -44.8536 17.9507 0 166 255
32.6519 -70.7311 11.4047 0 166 255
17.4975 -75.5767 18.134 0 166 255
32.1869 14.6395 -9.46798 0 166 255
34.9621 -59.2323 11.0778 0 166 255
20.4572 -5.31982 11.3464 0 166 255
25.4325 -41.6479 -10.2863 0 166 255
22.1794 -59.065 16.7908 0 166 255
26.9857 -59.8932 15.3367 0 166 255
35.3061 -70.926 12.9733 0 166 255
30.1215 -2.8138 -9.96718 0 166 255
15.2567 -45.4672 17.1237 0 166 255
32.5218 10.8595 -6.26957 0 166 255
20.8295 -9.07075 7.30588 0 166 255
30.069 -32.219 4.59107 0 166 255
25.0267 16.4772 4.12464 0 166 255
28.5361 -41.1337 -8.66137 0 166 255
30.557 -59.045 2.8661 0 166 255
17.1691 -13.8947 12.5968 0 166 255
34.6914 -35.0856 4.19053 0 166 255
29.7302 -69.212 14.2488 0 166 255
35.0082 -54.2831 2.25457 0 166 255
25.5394 -34.3723 17.5346 0 166 255
23.8928 8.99315 0.479619 0 166 255
24.8853 -16.3112 -11.756 0 166 255
27.4495 -2.05923 0.761819 0 166 255
26.5894 28.8766 -3.91562 0 166 255
33.9637 -31.6422 -1.30644 0 166 255
29.8341 10.0338 2.35718 0 166 255
28.1273 3.51581 -4.97743 0 166 255
30.6809 -37.8977 -7.26516 0 166 255
30.2088 -67.2919 12.6973 0 166 255
24.5578 -1.37163 9.66702 0 166 255
15.5767 -29.4956 15.3418 0 166 255
33.4274 -3.37337 -2.03543 0 166 255
34.0776 -23.4087 -0.146008 0 166 255
28.3863 -1.48414 -2.42323 0 166 255
24.6632 28.213 -2.47586 0 166 255
30.0957 -58.8117 -1.81777 0 166 255
28.8312 -11.1472 1.30709 0 166 255
17.0379 -17.9557 12.6711 0 166 255
30.3104 -78.9606 19.3473 0 166 255
22.6049 20.7212 1.58466 0 166 255
27.6498 1.78377 -11.1631 0 166 255
34.8233 -40.7525 3.53578 0 166 255
30.3235 5.40608 3.31009 0 166 255
33.1389 -69.4232 18.0936 0 166 255
35.0084 -72.0089 14.2898 0 166 255
19.9005 -54.196 20.8269 0 166 255
35.3726 -58.8303 7.81568 0 166 255
27.7194 24.6149 -0.633745 0 166 255
35.2003 -54.7584 8.05587 0 166 255
23.4196 -43.4526 14.8357 0 166 255
32.2357 -43.021 -4.75628 0 166 255
29.893 -42.8996 1.21742 0 166 255
21.5255 -64.4635 17.5538 0 166 255
21.8236 -37.0268 13.7516 0 166 255
14.4867 -40.5803 15.5473 0 166 255
17.2874 -25.0634 15.4315 0 166 255
19.3116 1.72153 8.89744 0 166 255
29.963 22.3701 -2.67483 0 166 255
18.4166 -70.903 22.5143 0 166 255
30.8723 -57.7436 4.78175 0 166 255
30.9215 -12.5511 8.41209 0 166 255
33.1765 -46.5017 13.6399 0 166 255
23.2476 7.69787 1.3563 0 166 255
25.4305 -22.0441 14.8189 0 166 255
28.4571 14.7485 2.27569 0 166 255
31.7744 -25.121 10.8273 0 166 255
26.2444 -74.689 18.6506 0 166 255
33.3027 -53.5323 -2.3166 0 166 255
26.6567 4.90316 -0.267653 0 166 255
27.005 -3.10654 2.15564 0 166 255
34.0251 -32.8408 8.00901 0 166 255
28.9819 3.33033 5.65767 0 166 255
24.2636 -13.9378 13.1499 0 166 255
31.0895 -7.16755 -10.1549 0 166 255
18.3479 -47.0614 19.1896 0 166 255
26.4189 3.01208 0.73945 0 166 255
20.82 -16.4241 14.1585 0 166 255
35.0626 -52.7143 2.83354 0 166 255
31.0206 -23.1609 -8.9156 0 166 255
33.3006 -76.3553 19.3351 0 166 255
21.4949 -49.7706 -9.15998 0 166 255
17.9508 -10.1712 11.6031 0 166 255
27.9591 5.89452 -4.6967 0 166 255
20.5939 5.95662 6.82299 0 166 255
25.1722 -61.7589 22.771 0 166 255
34.5047 -64.6306 13.9785 0 166 255
33.4368 -30.3877 -3.11907 0 166 255
25.8314 8.62212 6.18287 0 166 255
24.4767 -55.9358 16.1711 0 166 255
34.2804 -29.8862 6.02643 0 166 255
18.0011 -61.8823 14.8749 0 166 255
27.9027 -61.2027 14.7365 0 166 255
34.0816 -68.9479 16.0742 0 166 255
32.9749 2.25879 -2.13036 0 166 255
28.1713 -3.99604 8.57522 0 166 255
27.1655 7.61686 -2.35404 0 166 255
28.4426 -12.9479 -3.81138 0 166 255
20.6815 -49.6773 20.5408 0 166 255
30.8863 -49.617 17.4424 0 166 255
18.8872 -37.9309 13.1823 0 166 255
33.1753 -8.15491 2.36048 0 166 255
33.6722 -70.0162 10.2757 0 166 255
21.5907 -1.03173 4.85185 0 166 255
20.5319 2.45459 7.38888 0 166 255
18.1507 -8.38756 11.3042 0 166 255
28.4418 -11.1865 -3.97779 0 166 255
28.4843 -27.2362 -10.7294 0 166 255
20.8469 -34.0748 18.1055 0 166 255
26.1715 -62.9852 22.7807 0 166 255
22.8309 -20.1413 -9.71239 0 166 255
17.3649 -57.4875 19.9361 0 166 255
21.7038 -16.9041 9.32533 0 166 255
28.814 -20.7912 -11.2152 0 166 255
26.9982 27.7821 -1.18989 0 166 255
33.8787 -20.1063 -0.845658 0 166 255
31.0244 -66.0278 9.96088 0 166 255
29.9673 -27.3361 13.4284 0 166 255
27.9332 -38.2305 10.8581 0 166 255
33.2459 -73.2481 18.7526 0 166 255
29.8819 -28.321 4.79037 0 166 255
35.2871 -60.0086 9.17302 0 166 255
29.7943 -26.0716 1.37624 0 166 255
33.9627 -15.9907 0.990073 0 166 255
26.6868 -51.8347 14.3173 0 166 255
25.9128 21.2482 2.01394 0 166 255
33.2947 -26.1232 8.30405 0 166 255
35.6338 -65.3281 5.48179 0 166 255
28.1693 -39.5833 17.4885 0 166 255
30.2723 -37.3246 4.52927 0 166 255
18.488 -42.486 18.6839 0 166 255
31.7346 -44.7013 15.5438 0 166 255
18.3096 -6.8773 11.4577 0 166 255
33.441 -59.0621 15.5037 0 166 255
28.246 1.31861 -3.14411 0 166 255
22.8505 11.9119 1.9887 0 166 255
31.4739 -66.5759 7.31205 0 166 255
28.7417 -6.14064 -1.33152 0 166 255
29.2161 -16.8141 -1.32774 0 166 255
23.0125 -34.0744 -10.5864 0 166 255
28.5218 -43.79 11.2522 0 166 255
29.9257 26.6357 -4.55043 0 166 255
27.7451 -15.3463 5.18305 0 166 255
19.3949 -53.7747 14.7166 0 166 255
25.9464 -37.0414 17.9647 0 166 255
27.0916 -30.1042 -5.09004 0 166 255
29.5319 -52.8706 -6.71121 0 166 255
32.1805 -59.2838 17.6886 0 166 255
25.65 -15.3999 13.0952 0 166 255
22.4862 -52.9876 21.4178 0 166 255
29.6538 -26.2274 4.84989 0 166 255
26.2384 -26.3186 9.86827 0 166 255
28.2306 -6.03692 -5.10467 0 166 255
34.0408 -67.2166 15.8003 0 166 255
27.4702 -16.8637 -6.07572 0 166 255
30.0334 -33.5487 1.83921 0 166 255
19.5637 -67.8924 17.1514 0 166 255
35.5114 -63.146 4.47059 0 166 255
27.1436 9.13115 5.23395 0 166 255
29.8623 -58.4263 11.4129 0 166 255
22.0846 -15.3046 8.80482 0 166 255
19.485 -4.46019 9.47222 0 166 255
29.973 -26.8076 -9.5448 0 166 255
32.1829 -37.9684 13.4178 0 166 255
23.0757 29.2127 -2.73992 0 166 255
26.5502 -26.2755 -6.35172 0 166 255
26.6664 -8.22969 4.14934 0 166 255
26.5571 -38.4308 -4.74601 0 166 255
31.5345 -55.3965 17.7882 0 166 255
31.3986 13.1112 -1.57153 0 166 255
21.9979 -52.4829 15.9223 0 166 255
23.5711 12.9644 -0.262471 0 166 255
21.3947 -35.4276 13.4587 0 166 255
30.2429 -44.4592 17.0411 0 166 255
24.5489 -48.1988 -5.47727 0 166 255
23.5393 3.49447 8.58903 0 166 255
32.5065 -21.819 8.71941 0 166 255
26.1856 -44.3662 -4.53881 0 166 255
31.0733 -39.5386 15.1915 0 166 255
24.9145 20.0139 -4.2357 0 166 255
22.5411 22.5251 1.28633 0 166 255
27.2373 -53.597 14.1272 0 166 255
24.7537 -72.0663 18.7289 0 166 255
31.2303 -20.3068 -9.00386 0 166 255
34.9412 -54.5921 9.97662 0 166 255
30.1143 8.97405 -10.4579 0 166 255
26.6874 -34.1579 -10.6551 0 166 255
33.1298 -20.8894 -4.2331 0 166 255
29.757 -23.8826 2.13625 0 166 255
18.3925 -24.8519 11.7747 0 166 255
31.288 -27.96 -7.87138 0 166 255
28.0313 -41.0467 11.3078 0 166 255
31.0176 -60.0352 7.10645 0 166 255
32.3002 -36.252 -5.29698 0 166 255
30.0043 -58.6596 1.21548 0 166 255
22.9311 -18.3572 14.5106 0 166 255
21.1667 -40.9718 -9.24509 0 166 255
19.2454 -19.0766 14.6639 0 166 255
28.035 -48.5736 -2.32774 0 166 255
26.5335 -3.91853 9.55757 0 166 255
28.2888 12.9584 -10.7644 0 166 255
27.6843 -2.13846 -7.45499 0 166 255
19.1872 -43.4475 13.7947 0 166 255
26.6708 -7.7748 -11.3012 0 166 255
27.9616 1.88556 -6.91541 0 166 255
29.5952 -21.6718 2.68103 0 166 255
29.6367 -30.1921 -9.34821 0 166 255
25.8544 -10.7856 -11.4663 0 166 255
26.9077 17.9412 2.46357 0 166 255
29.9094 -38.7467 1.06537 0 166 255
14.4186 -44.0711 15.8202 0 166 255
34.0293 -27.3799 -0.853697 0 166 255
30.9833 -58.0336 6.26076 0 166 255
26.4524 27.5896 -5.82039 0 166 255
22.5727 -8.33022 6.73906 0 166 255
29.0243 -24.1223 13.4167 0 166 255
26.0199 14.7348 -3.69522 0 166 255
17.5552 -63.6064 20.8748 0 166 255
25.5022 -60.8214 16.5751 0 166 255
19.7137 -67.1913 22.6283 0 166 255
26.8459 -33.5621 16.888 0 166 255
30.978 -46.7142 -5.99655 0 166 255
21.5985 -75.7334 19.9339 0 166 255
25.0931 1.05832 8.77021 0 166 255
28.4491 -6.83448 9.2127 0 166 255
17.654 -50.6682 13.6473 0 166 255
33.8132 -20.0835 4.37757 0 166 255
23.6663 -2.91402 10.3434 0 166 255
20.8186 -73.8882 18.915 0 166 255
28.3107 -1.90281 7.82981 0 166 255
29.2286 -58.8791 20.559 0 166 255
35.6234 -64.3467 6.79322 0 166 255
29.6796 -34.4935 15.3302 0 166 255
33.2304 -0.578072 -1.72891 0 166 255
30.6053 -2.88345 5.75921 0 166 255
18.4585 -39.1922 18.2279 0 166 255
30.4949 -42.8274 4.39837 0 166 255
34.2533 -24.4766 1.81369 0 166 255
14.8476 -56.7122 16.3904 0 166 255
33.9079 -17.9796 3.19257 0 166 255
16.0025 -39.7574 14.7154 0 166 255
24.9257 7.9309 0.341974 0 166 255
28.51 -18.6729 12.4559 0 166 255
30.5124 -54.3861 2.87983 0 166 255
20.6641 9.2535 7.08722 0 166 255
28.1766 26.1268 -7.34541 0 166 255
31.6222 -46.2351 15.9866 0 166 255
20.9803 -18.224 14.5979 0 166 255
29.3942 -42.4325 17.2775 0 166 255
17.8883 -67.9865 21.7284 0 166 255
28.8326 -68.0779 15.3612 0 166 255
14.8061 -34.9284 15.5941 0 166 255
24.973 7.53433 6.92577 0 166 255
32.6291 -3.05079 1.64346 0 166 255
34.1355 -52.2492 12.5883 0 166 255
25.4262 -3.11889 3.52286 0 166 255
28.3335 -72.809 23.8806 0 166 255
19.7402 -7.56273 11.9126 0 166 255
27.3109 20.0232 -10.6303 0 166 255
28.3922 -24.3509 -3.78986 0 166 255
29.3206 -51.206 19.075 0 166 255
19.1753 -1.83239 9.59302 0 166 255
28.4361 -9.68844 -3.4533 0 166 255
25.7252 -37.7018 12.6163 0 166 255
16.3401 -29.3633 14.0071 0 166 255
29.9641 -36.6255 6.84177 0 166 255
29.9006 -54.3668 0.965915 0 166 255
34.7494 -60.289 12.2675 0 166 255
24.6701 -59.5189 22.4621 0 166 255
20.3947 -57.9804 21.5351 0 166 255
22.1848 20.7305 3.18009 0 166 255
29.5699 -34.947 7.81002 0 166 255
34.5506 -34.4717 1.89462 0 166 255
27.417 -43.3414 12.456 0 166 255
20.6345 -39.1659 -8.11569 0 166 255
28.6179 -63.3947 14.3438 0 166 255
19.5322 -0.149466 9.7374 0 166 255
18.8491 -60.4642 15.2142 0 166 255
23.5321 16.5409 -0.723485 0 166 255
22.7796 26.3103 -3.51724 0 166 255
23.4011 -12.1488 7.38069 0 166 255
32.7651 4.93616 -6.49535 0 166 255
26.3405 -42.1727 18.9171 0 166 255
30.1629 -52.9262 9.35725 0 166 255
30.2428 -38.2462 5.67553 0 166 255
20.9729 -48.6685 -7.06389 0 166 255
35.4116 -58.2699 6.37574 0 166 255
21.2692 -72.9395 24.2371 0 166 255
28.8492 -53.2262 12.4226 0 166 255
20.5475 -43.0104 19.6153 0 166 255
32.4965 -41.9126 13.8745 0 166 255
27.7191 -36.3814 10.8877 0 166 255
29.369 -4.6415 7.74178 0 166 255
33.3927 -51.7394 -2.25492 0 166 255
28.1159 3.39388 -3.44855 0 166 255
19.4524 -15.2926 9.31827 0 166 255
25.5745 -34.3491 11.9986 0 166 255
23.8803 23.7082 2.24539 0 166 255
18.7772 -23.7272 15.6201 0 166 255
22.4014 -23.036 -11.2572 0 166 255
22.7417 -37.8936 -10.4006 0 166 255
25.5681 28.2891 -0.309552 0 166 255
26.3842 -6.88462 10.4857 0 166 255
28.0261 -30.3293 9.34182 0 166 255
35.0507 -49.415 3.61697 0 166 255
34.5621 -58.14 12.4503 0 166 255
33.4125 -4.51846 -0.655421 0 166 255
34.6923 -36.3687 2.97912 0 166 255
26.3392 22.8629 -7.52142 0 166 255
33.5331 -7.22884 -3.08328 0 166 255
32.6986 -54.6757 -3.19705 0 166 255
30.6969 14.158 -10.4158 0 166 255
28.7443 11.2953 -10.8039 0 166 255
34.2277 -26.0364 4.65468 0 166 255
17.237 -74.9409 21.1592 0 166 255
23.1082 -32.46 -7.85848 0 166 255
27.1594 8.14562 -9.52688 0 166 255
24.5641 -70.2671 18.4912 0 166 255
33.3336 -2.91781 -3.76443 0 166 255
14.8564 -47.2988 16.9528 0 166 255
28.4719 -3.53638 -1.18431 0 166 255
21.0444 10.9594 6.45255 0 166 255
35.4546 -60.6815 7.62966 0 166 255
24.4484 -39.5833 -10.7693 0 166 255
33.9935 -20.5464 1.04924 0 166 255
28.9172 -31.8343 8.592 0 166 255
29.8275 -49.8271 18.4489 0 166 255
34.6474 -53.2176 11.1445 0 166 255
34.7468 -46.0466 8.7625 0 166 255
32.5688 2.64347 -0.419433 0 166 255
34.555 -51.4822 11.0769 0 166 255
28.0699 28.9394 -3.49949 0 166 255
21.9358 -30.5926 -10.1565 0 166 255
30.0821 -55.0566 19.2139 0 166 255
20.702 -1.22114 7.00887 0 166 255
22.145 -19.203 9.80437 0 166 255
30.7506 -55.4102 7.59974 0 166 255
35.1106 -59.2092 2.16706 0 166 255
32.8296 -57.656 -2.81529 0 166 255
33.8146 -22.8014 -1.88785 0 166 255
29.4829 -37.0277 8.35159 0 166 255
21.3592 2.66263 5.40292 0 166 255
33.7481 -41.5438 11.2242 0 166 255
23.8083 -72.9741 24.8439 0 166 255
30.1436 -71.3657 22.2944 0 166 255
30.8536 -54.074 6.39716 0 166 255
30.4827 -65.3677 11.6349 0 166 255
29.4653 6.69837 4.00798 0 166 255
29.4467 -67.2072 14.0554 0 166 255
24.5829 -6.37387 -11.6296 0 166 255
31.0272 5.33331 -10.3274 0 166 255
33.9609 -21.9912 4.27585 0 166 255
35.3735 -62.0488 9.24282 0 166 255
23.6042 -48.0137 -9.80136 0 166 255
24.3793 -23.5978 -8.35652 0 166 255
33.1905 -44.0504 -3.03493 0 166 255
27.0583 -34.4276 -4.67122 0 166 255
28.9601 -35.6061 -9.07212 0 166 255
15.4317 -65.1132 19.627 0 166 255
32.3585 6.895 -1.57113 0 166 255
32.2016 16.241 -7.00185 0 166 255
27.6986 10.6395 -7.11708 0 166 255
26.9448 -28.0796 15.5984 0 166 255
31.9354 -38.035 -5.68901 0 166 255
18.2032 -17.9711 11.7041 0 166 255
32.9726 -15.4339 -5.63205 0 166 255
21.0775 -37.5218 -7.81209 0 166 255
32.1967 -49.1366 -4.30817 0 166 255
27.3128 -56.8392 14.5949 0 166 255
32.7866 -23.3604 -5.15407 0 166 255
27.6777 4.84507 -8.13073 0 166 255
31.6802 -33.2654 12.9408 0 166 255
27.4218 13.8957 -6.8258 0 166 255
30.195 -33.8385 3.77869 0 166 255
26.9271 -51.8959 -5.58388 0 166 255
27.554 21.534 -10.0705 0 166 255
22.1865 -31.2936 12.6613 0 166 255
26.9517 -23.0649 8.45049 0 166 255
35.6941 -67.0676 8.51871 0 166 255
31.8255 -32.9692 -6.38771 0 166 255
22.0351 4.70904 8.5373 0 166 255
25.2093 -18.1101 8.23269 0 166 255
30.2151 -56.9575 19.4625 0 166 255
32.1339 -27.1748 -6.58415 0 166 255
22.6715 27.1509 -0.805924 0 166 255
27.9101 -0.354156 -6.80105 0 166 255
24.2194 -61.4435 17.2694 0 166 255
32.2151 -43.546 14.6437 0 166 255
35.3529 -62.2101 3.14989 0 166 255
28.0959 -52.8843 -5.70612 0 166 255
32.9363 -11.6561 -6.02141 0 166 255
28.3085 -31.4509 -3.2158 0 166 255
20.8244 7.59441 6.39872 0 166 255
27.9275 -63.773 22.2439 0 166 255
18.9727 -34.2227 17.7033 0 166 255
34.1674 -25.2861 0.348415 0 166 255
19.4503 -69.7093 17.469 0 166 255
18.3709 -50.8472 19.6744 0 166 255
24.9308 -12.2188 -11.5786 0 166 255
21.0029 -2.36248 6.01588 0 166 255
31.2408 -10.2157 -10.1097 0 166 255
18.2969 -13.2695 11.3181 0 166 255
33.3229 -34.8996 10.4517 0 166 255
17.7995 -34.9424 13.3226 0 166 255
30.7968 -42.7191 16.1541 0 166 255
32.7345 -14.0381 5.68606 0 166 255
21.8843 -33.7199 13.0849 0 166 255
34.4282 -28.9005 4.18247 0 166 255
26.444 -64.5096 22.9905 0 166 255
32.4412 12.5709 -5.91335 0 166 255
25.5251 -74.4675 23.4123 0 166 255
23.2442 -66.8736 18.3363 0 166 255
29.9586 -28.3617 3.13791 0 166 255
20.8554 -1.91872 10.4545 0 166 255
32.2253 -22.9892 -6.69995 0 166 255
25.3923 -27.9017 10.8379 0 166 255
28.927 18.5558 -9.88779 0 166 255
23.4039 5.67458 7.99545 0 166 255
32.3327 -72.8035 20.1126 0 166 255
29.0334 19.8507 -0.273024 0 166 255
27.1058 -33.4878 10.9631 0 166 255
27.2767 -27.5296 9.3452 0 166 255
19.624 -10.1815 9.23204 0 166 255
32.4679 -7.79723 -7.7021 0 166 255
30.1982 -49.671 -6.44675 0 166 255
19.3354 -15.5581 13.8562 0 166 255
29.8364 -22.3139 -10.4044 0 166 255
34.4374 -42.7569 9.1727 0 166 255
33.9823 -60.0261 -0.736153 0 166 255
34.3863 -44.2603 9.86566 0 166 255
29.3747 -35.1946 -0.517924 0 166 255
23.569 -15.5246 8.35409 0 166 255
22.9619 -17.7514 -11.8258 0 166 255
22.4553 -74.7056 21.1933 0 166 255
27.2071 12.1674 -4.93584 0 166 255
29.9063 -30.6866 1.41607 0 166 255
22.1911 -49.8931 15.7035 0 166 255
28.3499 -7.9407 1.47515 0 166 255
29.6119 -40.2177 -7.98256 0 166 255
27.7675 -52.0705 20.1915 0 166 255
18.4201 -33.4382 12.6425 0 166 255
26.2702 2.02551 7.94007 0 166 255
27.6979 8.29412 -7.87936 0 166 255
30.2448 10.7575 -10.4581 0 166 255
23.8673 -55.9479 21.9616 0 166 255
31.0703 -61.691 5.43604 0 166 255
32.4524 3.58232 -7.88299 0 166 255
28.1767 -26.6355 8.18391 0 166 255
24.3054 -35.0402 12.767 0 166 255
30.6332 -39.6385 -7.10194 0 166 255
28.6436 -6.37258 -3.157 0 166 255
20.5172 -48.415 15.0265 0 166 255
31.5429 1.37955 2.82757 0 166 255
32.4579 -10.9973 -7.51291 0 166 255
24.9088 -47.959 14.9808 0 166 255
17.3396 -43.6656 13.887 0 166 255
26.4312 -50.8665 -7.81576 0 166 255
26.6442 15.6916 3.39205 0 166 255
32.3255 14.6879 -7.57444 0 166 255
21.6859 -22.0581 15.4825 0 166 255
24.6978 -74.2163 24.8934 0 166 255
26.137 -40.1333 -10.1104 0 166 255
22.1298 -62.6774 17.4766 0 166 255
22.5771 -67.6003 23.6606 0 166 255
33.7162 -15.9828 -2.53488 0 166 255
22.1967 -35.2001 -7.76849 0 166 255
31.0377 -60.5514 -0.53256 0 166 255
31.2945 -64.0256 6.82636 0 166 255
31.6067 -68.0115 8.47339 0 166 255
34.5228 -32.8273 2.02839 0 166 255
29.4982 -19.3709 1.96321 0 166 255
26.5527 -48.1405 13.7589 0 166 255
27.9536 -67.8991 23.0429 0 166 255
30.2974 3.20105 -10.355 0 166 255
18.1508 -23.1143 12.0545 0 166 255
29.0908 -13.404 -10.1622 0 166 255
28.3062 -46.5983 -2.00165 0 166 255
20.8905 -64.2854 22.6468 0 166 255
26.6925 -58.1004 15.3086 0 166 255
28.4483 -70.922 23.3995 0 166 255
29.169 0.245251 -10.61 0 166 255
19.068 -17.552 10.2278 0 166 255
34.342 -33.8614 6.77979 0 166 255
32.6307 -20.962 -5.81374 0 166 255
32.1818 12.8523 -9.41911 0 166 255
31.2309 4.88657 2.15338 0 166 255
21.2553 -44.3116 19.9836 0 166 255
31.085 -17.0775 -9.68104 0 166 255
29.0678 -77.7092 17.8933 0 166 255
25.6989 -72.7533 24.7667 0 166 255
35.3368 -58.9337 3.5772 0 166 255
25.854 -44.4841 19.5449 0 166 255
15.4009 -27.9388 14.2645 0 166 255
33.0447 -37.9277 11.9296 0 166 255
20.7678 -13.0035 13.3113 0 166 255
29.9438 -29.1362 1.88512 0 166 255
22.1309 -62.3686 22.7356 0 166 255
26.7021 -29.5303 10.2968 0 166 255
29.4971 -40.9258 16.9119 0 166 255
18.2856 -65.2478 21.555 0 166 255
34.3317 -63.65 2.31117 0 166 255
29.0276 -51.4356 11.6321 0 166 255
16.935 -60.6415 15.5731 0 166 255
16.8087 -73.6815 21.7682 0 166 255
33.6184 -10.1689 -1.53116 0 166 255
27.5856 -13.4171 4.77237 0 166 255
23.0148 22.3808 -2.44777 0 166 255
23.7488 -19.6962 -12.0084 0 166 255
33.0257 -74.7337 19.4782 0 166 255
14.6767 -55.1995 16.5979 0 166 255
29.6947 -24.5602 0.643787 0 166 255
33.307 -6.19156 -4.73957 0 166 255
32.1534 -39.6533 13.8662 0 166 255
31.712 10.8259 -1.38939 0 166 255
19.841 -32.6471 17.66 0 166 255
23.8459 14.8977 -1.24093 0 166 255
16.7803 -30.1241 16.1186 0 166 255
29.1351 -15.3851 1.1742 0 166 255
28.1972 -51.1247 -7.8336 0 166 255
23.8534 -28.9336 -11.6693 0 166 255
28.7492 -10.2881 -0.970911 0 166 255
24.1958 -19.2003 9.09641 0 166 255
32.5613 -34.95 11.9873 0 166 255
18.2566 -47.418 13.4975 0 166 255
19.2537 -74.841 18.2323 0 166 255
32.2407 -30.9019 -5.98798 0 166 255
17.2188 -46.0097 14.1043 0 166 255
26.5137 -29.0251 -11.4832 0 166 255
32.1962 -68.3145 19.3649 0 166 255
25.0259 -35.7205 17.9895 0 166 255
22.4868 -25.2385 11.3003 0 166 255
20.7957 4.3329 6.78704 0 166 255
33.4387 -64.146 16.4393 0 166 255
29.6703 -22.5017 1.44292 0 166 255
22.8959 22.5474 -0.672258 0 166 255
22.4072 -6.47308 6.24111 0 166 255
23.0925 23.6357 -3.88529 0 166 255
24.3766 22.4523 -4.53894 0 166 255
29.2324 -30.288 -1.42453 0 166 255
25.7664 -27.9421 -6.73055 0 166 255
34.9722 -47.6263 3.29296 0 166 255
30.4618 15.7381 -0.766431 0 166 255
18.2488 -14.669 13.4547 0 166 255
32.3226 -71.866 12.5818 0 166 255
23.6382 2.06773 3.09936 0 166 255
22.7707 6.33552 2.13667 0 166 255
29.503 -43.6713 -7.68597 0 166 255
20.5718 0.663061 7.39544 0 166 255
20.8103 -38.2947 13.8702 0 166 255
29.8111 23.5608 -7.53713 0 166 255
22.5694 -12.9276 13.2001 0 166 255
26.0224 1.97812 -11.33 0 166 255
34.8092 -40.8076 5.61385 0 166 255
18.8418 -45.7984 13.752 0 166 255
17.3574 -57.3992 14.6191 0 166 255
33.8396 -13.8056 -0.993412 0 166 255
30.4412 -41.4859 5.12131 0 166 255
24.9338 -18.6297 -11.8454 0 166 255
30.5187 7.39096 -10.3483 0 166 255
29.8084 -40.7973 0.720352 0 166 255
23.8744 -2.97525 4.63328 0 166 255
24.5706 -18.8614 14.3091 0 166 255
33.7629 -39.3359 10.696 0 166 255
34.4354 -40.6115 0.19041 0 166 255
28.9914 14.4689 -10.4605 0 166 255
27.1475 -45.9371 -3.49686 0 166 255
29.8431 -42.2521 8.31543 0 166 255
23.0515 16.2441 1.60101 0 166 255
33.9452 -47.1308 12.0513 0 166 255
33.879 -26.8752 6.76459 0 166 255
27.7744 -20.3511 13.3202 0 166 255
24.3546 -30.7095 -11.5468 0 166 255
15.9538 -35.0143 14.4887 0 166 255
15.7502 -52.4156 15.776 0 166 255
30.6481 -74.597 22.5179 0 166 255
22.3254 -16.216 14.0484 0 166 255
29.7484 -56.8284 11.2994 0 166 255
30.5878 -44.4377 4.56248 0 166 255
24.2708 -27.3448 -7.86265 0 166 255
27.8981 -17.2354 12.4763 0 166 255
33.4811 -9.38231 -3.89584 0 166 255
22.0602 2.53521 9.14333 0 166 255
28.749 -12.3888 -2.39765 0 166 255
31.77 -78.3288 19.8128 0 166 255
29.5539 -38.6727 -8.20798 0 166 255
27.4583 -0.929283 -8.2993 0 166 255
34.3539 -27.1336 2.33114 0 166 255
18.0506 -56.1989 14.1729 0 166 255
21.8001 -39.4539 -9.89314 0 166 255
19.0934 -30.274 17.0202 0 166 255
34.3421 -28.8138 1.36005 0 166 255
19.2684 -12.8844 9.96132 0 166 255
20.9935 -57.5587 16.1142 0 166 255
34.2964 -77.0183 16.9951 0 166 255
33.874 -70.4128 16.845 0 166 255
26.4417 -38.366 -10.1744 0 166 255
24.4882 -52.6832 21.3672 0 166 255
30.5201 10.7435 1.11668 0 166 255
33.1719 -9.86593 -5.45197 0 166 255
24.0646 -73.573 19.431 0 166 255
28.3924 -2.17897 -4.19433 0 166 255
30.9386 -71.1011 12.3111 0 166 255
19.283 -26.6762 11.458 0 166 255
14.9996 -51.1147 16.0229 0 166 255
21.2612 0.464329 5.32206 0 166 255
18.2037 -59.1167 14.5798 0 166 255
28.517 -22.8785 -11.2949 0 166 255
28.2383 22.7449 -0.460616 0 166 255
24.372 16.2316 -2.48754 0 166 255
25.2501 -47.4074 -9.8492 0 166 255
25.6891 24.391 -6.8223 0 166 255
22.6121 11.8518 6.41248 0 166 255
24.1354 25.3078 1.56174 0 166 255
15.1684 -65.5976 18.182 0 166 255
25.4097 -39.4544 -5.55067 0 166 255
25.379 -17.9437 -8.65178 0 166 255
31.0093 -75.991 21.3792 0 166 255
23.3116 -4.60227 10.8775 0 166 255
20.7468 -74.4534 23.8844 0 166 255
26.0326 16.1037 -4.41247 0 166 255
26.3426 21.3396 -6.77746 0 166 255
24.5315 -38.1369 -6.31756 0 166 255
25.1434 -41.1126 -5.59765 0 166 255
24.5205 -0.257566 3.31332 0 166 255
34.8775 -42.9423 6.22626 0 166 255
27.0776 17.0274 -10.8466 0 166 255
30.3823 -54.8508 9.13695 0 166 255
22.9328 -24.5216 15.938 0 166 255
29.4774 -31.6202 -0.649361 0 166 255
33.1554 -20.6622 6.81845 0 166 255
30.5097 -8.85634 7.75827 0 166 255
26.3334 25.2279 -8.16336 0 166 255
29.141 -14.8246 -1.08288 0 166 255
24.7455 -39.2668 13.4622 0 166 255
32.5781 -25.2364 9.59315 0 166 255
34.8524 -44.6847 2.59409 0 166 255
31.6361 -1.6192 -9.8923 0 166 255
26.8622 3.5625 7.16769 0 166 255
21.8581 -43.8877 -7.01381 0 166 255
23.2788 -68.8021 18.6532 0 166 255
27.2055 -10.493 -7.00627 0 166 255
24.7106 -4.33829 10.4507 0 166 255
30.0205 -73.2259 22.7917 0 166 255
22.0943 -35.5176 18.4175 0 166 255
26.7231 -71.6245 17.7376 0 166 255
33.7386 -14.8052 2.95118 0 166 255
33.8795 -29.4196 7.58139 0 166 255
17.6468 -11.9098 12.6382 0 166 255
25.5931 -75.3119 21.6852 0 166 255
21.6762 10.1401 5.05572 0 166 255
28.1748 1.05477 -5.69896 0 166 255
32.8376 -57.8686 16.4123 0 166 255
30.9468 -56.1838 5.70968 0 166 255
26.4577 -24.6657 9.22093 0 166 255
24.1259 -50.137 -5.61313 0 166 255
26.5777 -1.50697 1.93732 0 166 255
16.8924 -48.8561 14.3346 0 166 255
33.6729 -20.7198 -2.17539 0 166 255
26.3563 -12.7243 12.1056 0 166 255
31.4502 -36.4837 -6.53742 0 166 255
26.9454 11.4174 -10.7603 0 166 255
34.9099 -66.5456 13.1768 0 166 255
33.4343 -33.4693 9.81981 0 166 255
28.7782 -18.5183 4.57246 0 166 255
25.1501 -24.8996 -7.6864 0 166 255
28.0867 27.4523 -6.06467 0 166 255
16.2135 -50.2527 14.8524 0 166 255
20.2886 -70.497 23.4186 0 166 255
25.8392 -76.828 19.2178 0 166 255
32.6821 -15.4214 6.32346 0 166 255
30.7175 -56.1896 3.77703 0 166 255
29.1386 -3.91475 -10.4571 0 166 255
25.8628 -4.99369 -10.167 0 166 255
18.9693 -39.3983 13.3787 0 166 255
29.629 15.133 0.745269 0 166 255
21.8499 -27.5077 16.7064 0 166 255
24.589 -45.2286 -10.2474 0 166 255
35.2288 -57.3433 8.72617 0 166 255
23.7772 -25.0958 -8.42356 0 166 255
28.653 -74.0258 17.0175 0 166 255
29.8266 -1.20632 -10.2651 0 166 255
25.8452 19.5992 2.63929 0 166 255
26.4603 -17.8607 -11.6528 0 166 255
27.0549 -15.9255 12.614 0 166 255
23.4287 27.5488 1.06731 0 166 255
32.0909 5.85214 -0.190557 0 166 255
30.0756 -28.4684 -9.17491 0 166 255
33.042 -67.1301 6.74213 0 166 255
20.8726 -31.3702 17.5484 0 166 255
30.7281 13.7885 -0.396423 0 166 255
25.9693 -23.755 15.0193 0 166 255
20.8267 -74.5646 22.1986 0 166 255
22.426 -42.4611 -6.91394 0 166 255
23.7076 -34.6835 18.0808 0 166 255
17.1021 -54.5268 14.573 0 166 255
30.2048 -1.35833 5.77423 0 166 255
31.6002 -20.7892 9.76715 0 166 255
26.266 -10.7011 11.5912 0 166 255
21.6768 3.9156 4.32849 0 166 255
19.3787 -6.43967 9.73873 0 166 255
28.774 -54.7638 12.5999 0 166 255
33.93 -50.6001 12.8438 0 166 255
31.1766 -4.36195 5.36182 0 166 255
29.1925 -22.6003 -1.89707 0 166 255
33.1887 -11.6493 3.62501 0 166 255
28.4434 -37.6748 -2.54418 0 166 255
25.8389 -9.88723 -9.34846 0 166 255
34.8207 -39.0341 3.74519 0 166 255
26.5584 7.16019 -11.0071 0 166 255
23.6756 8.94429 6.96235 0 166 255
33.6813 -65.8014 16.2777 0 166 255
30.0148 -46.8385 1.5873 0 166 255
27.3995 11.8214 -8.5405 0 166 255
26.1034 -31.7146 16.7812 0 166 255
24.4203 -33.2609 17.6269 0 166 255
20.2357 -44.5867 -7.6951 0 166 255
33.5635 -25.6326 -2.84786 0 166 255
30.6307 -15.3796 -10.3595 0 166 255
32.3603 -46.8607 -4.26763 0 166 255
27.2192 15.3691 -7.15958 0 166 255
34.3095 -36.0686 7.71969 0 166 255
26.0841 -9.3505 -11.4836 0 166 255
27.9993 -15.2187 -4.98133 0 166 255
28.5695 18.5423 0.779599 0 166 255
33.6042 -57.754 -1.56549 0 166 255
18.2949 -52.5148 13.9046 0 166 255
29.3919 -24.334 5.05481 0 166 255
25.8444 -23.4588 -7.37247 0 166 255
25.5639 -32.0213 11.5901 0 166 255
34.5725 -43.988 0.759527 0 166 255
31.4557 -71.4016 20.9759 0 166 255
17.6078 -21.3125 12.5814 0 166 255
27.1036 -40.1954 -4.02234 0 166 255
33.8411 -16.4358 2.9599 0 166 255
23.0992 -57.0135 16.5229 0 166 255
23.8048 -39.9517 19.154 0 166 255
19.7778 -2.95064 10.7004 0 166 255
19.9084 -51.5272 20.4848 0 166 255
34.6251 -33.0965 3.78409 0 166 255
28.8485 -55.1587 -0.999278 0 166 255
26.6857 -67.6384 17.018 0 166 255
19.8083 -60.9352 21.6913 0 166 255
26.9097 14.024 -5.16754 0 166 255
24.6799 -65.4373 17.9004 0 166 255
26.1455 -10.4494 5.32033 0 166 255
33.0628 2.96313 -4.26693 0 166 255
21.6724 6.7418 4.89058 0 166 255
29.5101 -52.7136 10.9002 0 166 255
23.8408 20.7898 3.23873 0 166 255
23.8396 14.0956 5.38365 0 166 255
25.814 -20.6799 8.60292 0 166 255
19.7622 -11.9977 8.76311 0 166 255
33.2077 -4.34851 -5.12062 0 166 255
28.5531 -26.9192 14.4097 0 166 255
29.3941 -22.8974 4.47113 0 166 255
25.9772 -46.5641 14.078 0 166 255
31.1459 -60.0927 19.1018 0 166 255
30.2782 -62.545 11.4682 0 166 255
34.3333 -40.9612 9.0489 0 166 255
33.0638 -13.1837 4.45478 0 166 255
27.5459 -5.55329 -7.10121 0 166 255
32.9657 -0.351376 -6.04882 0 166 255
33.9702 -34.8603 8.81106 0 166 255
29.5735 -39.9251 8.50651 0 166 255
33.4574 -6.56878 0.0364218 0 166 255
23.3198 -27.3296 -11.6799 0 166 255
15.9323 -26.2956 15.0224 0 166 255
32.4631 -19.1904 7.96637 0 166 255
15.602 -31.3288 15.6386 0 166 255
25.2076 -62.6693 17.1411 0 166 255
27.5591 -30.2816 15.7812 0 166 255
24.5168 -53.7116 15.8516 0 166 255
33.4235 -4.87993 -3.44555 0 166 255
29.5795 -59.57 -0.475527 0 166 255
27.132 6.25335 -9.63314 0 166 255
16.5832 -44.1877 17.852 0 166 255
25.7558 -30.0281 16.5196 0 166 255
23.6882 -63.5897 17.7913 0 166 255
26.7954 6.95581 6.16484 0 166 255
20.9027 -10.9196 7.81264 0 166 255
29.3816 -43.4437 9.7786 0 166 255
31.0438 -23.1988 11.247 0 166 255
31.8019 7.89243 -0.367368 0 166 255
34.9478 -45.297 6.70874 0 166 255
32.2464 10.2142 -8.90612 0 166 255
27.0569 -18.7286 13.3108 0 166 255
24.7295 26.6678 0.791074 0 166 255
21.1808 -31.8431 -8.60041 0 166 255
31.5169 -40.2339 -6.01777 0 166 255
16.2217 -68.2687 18.3413 0 166 255
27.1423 -27.8358 -5.49711 0 166 255
35.6374 -70.3952 10.8379 0 166 255
26.6528 3.01374 -10.2814 0 166 255
27.2039 -4.31621 -8.08162 0 166 255
34.3609 -51.0029 -0.0482955 0 166 255
29.2953 -19.3138 -1.19288 0 166 255
22.2899 -26.2699 -10.9541 0 166 255
31.5317 -55.0838 -4.66909 0 166 255
18.781 -62.1483 21.376 0 166 255
26.7265 -5.74237 -8.77177 0 166 255
27.8681 0.122046 -0.843447 0 166 255
28.2765 10.3138 3.98365 0 166 255
32.313 -77.1495 20.5856 0 166 255
34.0124 -18.3898 0.141948 0 166 255
33.9139 -57.4194 14.1434 0 166 255
17.9745 -16.1532 11.8529 0 166 255
27.4575 -23.5304 14.302 0 166 255
34.9944 -46.932 6.92614 0 166 255
30.5044 -7.28654 7.25344 0 166 255
24.245 11.5292 6.02592 0 166 255
32.8189 -1.72819 0.531319 0 166 255
16.2742 -31.0323 14.1458 0 166 255
32.8111 -33.3336 -4.61602 0 166 255
23.9307 -23.206 15.4785 0 166 255
29.3262 -67.301 22.0659 0 166 255
22.7207 -32.1248 -10.649 0 166 255
28.61 -56.1578 20.4532 0 166 255
35.5588 -62.4913 6.01442 0 166 255
31.888 -12.1597 -8.79334 0 166 255
27.5388 -49.6974 13.2066 0 166 255
18.6445 -22.0187 15.2055 0 166 255
33.2529 -48.3563 13.8711 0 166 255
33.9163 -15.7424 -0.862827 0 166 255
28.4291 -18.8103 -4.06986 0 166 255
32.6519 -65.2075 18.0578 0 166 255
32.9317 -17.0069 -5.51867 0 166 255
30.826 -52.392 6.19568 0 166 255
28.65 -2.35396 -10.8189 0 166 255
25.967 -43.1439 13.5546 0 166 255
28.3436 -17.1343 -4.20261 0 166 255
26.3326 3.68583 -11.6993 0 166 255
34.9153 -48.6764 8.34865 0 166 255
30.492 -46.8263 3.16897 0 166 255
30.4198 25.0739 -4.72543 0 166 255
29.073 -59.1474 13.0832 0 166 255
28.0742 4.86886 -5.96697 0 166 255
32.3272 -16.5209 7.39312 0 166 255
26.7892 19.9516 -7.45642 0 166 255
31.9886 0.765215 -9.70564 0 166 255
33.3441 -15.7784 4.81346 0 166 255
34.6001 -56.7228 12.0487 0 166 255
25.1975 -14.2094 -11.5748 0 166 255
32.3241 -0.455753 -8.71675 0 166 255
28.481 -56.3251 -1.92043 0 166 255
17.3353 -69.3885 21.6117 0 166 255
24.0886 -5.27941 5.22854 0 166 255
20.2102 -41.5692 14.1656 0 166 255
25.5903 -41.1457 13.4175 0 166 255
32.4354 -10.5135 5.27452 0 166 255
19.2402 -57.6852 15.1869 0 166 255
33.2856 -71.1549 18.2068 0 166 255
21.9171 -50.4255 -6.8568 0 166 255
25.8697 -16.5592 -8.40211 0 166 255
29.3428 -3.19217 7.31573 0 166 255
20.2192 -65.3108 16.8235 0 166 255
33.4909 -8.36661 0.640687 0 166 255
29.391 23.7747 -2.39874 0 166 255
25.8189 -0.419985 8.89938 0 166 255
30.055 -63.8789 12.3296 0 166 255
23.8714 21.2372 -3.7419 0 166 255
32.4993 -47.0818 14.9493 0 166 255
29.2805 -14.4583 10.6946 0 166 255
30.9781 12.098 -0.180208 0 166 255
28.2201 3.5026 -10.9013 0 166 255
20.988 -68.0508 23.2922 0 166 255
16.4686 -56.2249 19.2205 0 166 255
25.4417 -24.2347 -11.979 0 166 255
18.8858 -14.509 10.5883 0 166 255
25.1488 -57.9327 22.1437 0 166 255
20.2788 -7.14394 7.90994 0 166 255
29.279 -24.4548 -10.5414 0 166 255
22.8724 -60.6489 17.1646 0 166 255
25.0323 -76.73 20.4978 0 166 255
29.5319 -45.1592 -7.49244 0 166 255
32.0008 -74.49 20.9919 0 166 255
32.1277 -54.0683 16.7859 0 166 255
31.7625 13.6997 -2.87937 0 166 255
18.8141 -11.2817 10.6612 0 166 255
31.7893 -13.6036 7.4114 0 166 255
16.9129 -23.7745 13.2763 0 166 255
30.7518 -25.3278 -8.93493 0 166 255
23.575 -51.3629 15.7788 0 166 255
35.2235 -52.6397 4.88612 0 166 255
22.6468 13.1833 2.88126 0 166 255
30.4923 -43.8636 6.4562 0 166 255
31.2339 19.5046 -4.14127 0 166 255
28.8056 -20.1612 5.12531 0 166 255
28.5425 16.2397 1.65082 0 166 255
31.6746 21.8274 -7.05434 0 166 255
21.2356 -7.29942 6.7844 0 166 255
27.799 -21.8278 13.6945 0 166 255
23.6322 -16.9511 -10.0028 0 166 255
27.1339 -69.4852 23.7247 0 166 255
26.9317 -38.4979 17.9032 0 166 255
27.455 1.67356 -0.40589 0 166 255
33.2368 -75.8828 15.7697 0 166 255
15.7358 -35.9203 16.3467 0 166 255
28.973 -25.7854 6.63719 0 166 255
29.7101 -51.1395 -6.72512 0 166 255
19.3231 -63.9799 16.0787 0 166 255
29.2026 -48.9245 -0.513996 0 166 255
29.2857 5.29402 -10.5598 0 166 255
16.5569 -37.3875 17.0176 0 166 255
29.8057 -30.1172 14.2079 0 166 255
23.9279 -49.4434 20.8897 0 166 255
27.9143 -51.1524 -2.33662 0 166 255
27.8408 8.76961 -6.49192 0 166 255
26.6452 -4.61233 3.03014 0 166 255
19.0035 -63.8904 21.7574 0 166 255
34.7375 -68.6292 14.2891 0 166 255
29.4349 13.5004 1.63281 0 166 255
30.4271 -58.7759 10.0971 0 166 255
22.549 -58.5257 22.2562 0 166 255
21.261 -66.0534 23.0581 0 166 255
24.0677 -41.8402 -6.28668 0 166 255
21.3729 -55.6155 21.5555 0 166 255
23.1441 -51.5596 -6.25573 0 166 255
28.9394 -18.8571 -11.141 0 166 255
30.9464 -59.2981 4.60544 0 166 255
35.372 -69.0669 12.0568 0 166 255
33.5782 -8.24946 -1.0317 0 166 255
25.6935 -50.6989 -5.07782 0 166 255
26.6339 26.5256 -0.409803 0 166 255
28.0905 -8.78231 -10.6252 0 166 255
33.3478 -7.88772 -4.70748 0 166 255
32.6715 -9.07097 -7.0828 0 166 255
27.0808 -42.9833 -3.80291 0 166 255
28.7032 -35.4945 -2.16094 0 166 255
19.0961 -17.2197 14.22 0 166 255
33.4016 -36.8029 10.8877 0 166 255
25.8744 -52.203 20.9955 0 166 255
33.2142 0.444319 -3.64425 0 166 255
26.9985 18.601 -10.8277 0 166 255
27.7559 -54.3702 -2.58323 0 166 255
30.3615 -43.3807 2.90033 0 166 255
29.9315 -51.1848 9.72335 0 166 255
28.1752 -34.2533 -3.24463 0 166 255
35.667 -68.6954 10.3477 0 166 255
15.8892 -59.3798 16.2011 0 166 255
33.9659 -61.1843 14.7355 0 166 255
34.0283 -17.5841 1.57601 0 166 255
33.0973 -31.8 10.2719 0 166 255
25.1855 -29.7525 11.3419 0 166 255
27.2367 14.4236 -9.20076 0 166 255
30.0484 -44.2747 8.34185 0 166 255
27.5986 -8.23758 -6.46827 0 166 255
27.8489 -24.8265 8.04053 0 166 255
16.5198 -27.9357 15.6205 0 166 255
23.4727 -64.238 23.2465 0 166 255
26.1923 -20.5757 -11.9642 0 166 255
31.9051 21.0823 -8.47397 0 166 255
25.0591 -28.1276 -11.7584 0 166 255
31.5841 -75.1632 15.1891 0 166 255
33.5944 -24.4164 6.91185 0 166 255
30.2619 -40.4736 6.52891 0 166 255
33.4326 -12.8654 -4.15983 0 166 255
33.8757 -34.1943 -1.68713 0 166 255
26.4648 -32.4483 -11.0214 0 166 255
23.0236 -1.42457 4.51531 0 166 255
17.3565 -39.4376 13.7735 0 166 255
17.7812 -16.256 13.6977 0 166 255
27.1772 17.3116 -9.41332 0 166 255
27.0215 -35.0395 17.1289 0 166 255
25.7748 -35.3891 -5.82538 0 166 255
34.7717 -44.4694 8.04793 0 166 255
28.1042 -22.8273 7.11924 0 166 255
28.12 -2.17347 -5.87065 0 166 255
31.0005 -10.6425 7.70597 0 166 255
19.3995 -61.97 15.8626 0 166 255
31.784 -66.6589 19.5914 0 166 255
29.9643 -36.7604 -8.10525 0 166 255
28.3638 -57.8759 13.7389 0 166 255
32.217 3.83923 0.316785 0 166 255
23.318 -30.136 12.0864 0 166 255
23.9828 -45.6579 15.0155 0 166 255
35.1133 -50.9472 3.98174 0 166 255
22.6734 -36.6374 -7.40586 0 166 255
32.1421 17.5768 -8.04972 0 166 255
25.7238 -49.0404 20.4569 0 166 255
15.557 -49.0226 15.3201 0 166 255
25.5384 -66.8436 17.6906 0 166 255
22.5465 -29.4236 17.065 0 166 255
19.5935 -28.7555 11.9268 0 166 255
19.5222 -48.7415 19.9697 0 166 255
30.3243 -39.5487 3.37168 0 166 255
33.2253 -34.4901 -3.57523 0 166 255
21.9504 17.2526 4.76319 0 166 255
28.3228 -64.8373 15.0632 0 166 255
27.474 -76.4026 18.6512 0 166 255
21.7907 -34.7767 -9.50437 0 166 255
27.167 -12.1231 -10.8777 0 166 255
29.7276 -25.1887 3.65153 0 166 255
34.7558 -70.4269 14.6205 0 166 255
28.0139 -4.3897 -5.90884 0 166 255
26.1446 -13.7254 6.4739 0 166 255
33.8667 -17.1029 -1.4251 0 166 255
33.8745 -55.2311 13.7776 0 166 255
24.9004 -16.1222 7.82819 0 166 255
24.8913 2.76923 8.36919 0 166 255
27.151 12.974 3.97266 0 166 255
28.739 -75.6817 21.4244 0 166 255
17.235 -61.8694 20.4294 0 166 255
29.685 -71.2626 14.8813 0 166 255
34.935 -63.7142 12.3854 0 166 255
15.2898 -70.3947 19.5849 0 166 255
25.5178 17.8262 3.41185 0 166 255
27.8293 -50.0818 19.7766 0 166 255
31.2325 -16.9353 9.3052 0 166 255
16.9833 -27.3923 13.5477 0 166 255
23.6294 19.0584 -2.62938 0 166 255
29.0114 -18.3909 -2.37111 0 166 255
18.0003 -71.6848 17.0745 0 166 255
28.5752 -4.8292 -2.15031 0 166 255
18.0105 -53.7639 19.8414 0 166 255
30.7255 -48.2259 -6.09978 0 166 255
35.219 -55.6606 3.30924 0 166 255
15.2933 -62.1679 18.9806 0 166 255
21.5517 -44.9279 -9.43914 0 166 255
22.899 -5.99696 11.3415 0 166 255
24.8281 -43.2455 -10.387 0 166 255
26.8202 -24.7114 -6.2772 0 166 255
25.9353 -2.94683 -10.5216 0 166 255
32.9157 -19.3136 -5.22987 0 166 255
33.7533 -45.2428 -1.72828 0 166 255
14.6517 -60.5767 17.1232 0 166 255
29.6881 -29.7429 6.07268 0 166 255
30.9358 -52.8631 -5.44974 0 166 255
21.9425 -68.1263 18.2994 0 166 255
30.1017 -53.1761 18.8431 0 166 255
16.5528 -47.0358 18.1573 0 166 255
32.0929 3.30621 -9.46742 0 166 255
23.3459 -49.7046 -9.47328 0 166 255
25.9416 -47.4646 -4.60704 0 166 255
21.3204 -3.98759 5.76213 0 166 255
19.6215 -35.4694 18.1325 0 166 255
26.4138 -14.4374 -7.9764 0 166 255
29.6326 -60.694 20.5935 0 166 255
29.0854 -28.614 -1.6564 0 166 255
22.2065 -54.0733 16.0821 0 166 255
18.425 -28.8973 16.5583 0 166 255
25.07 -11.7565 12.3448 0 166 255
34.6278 -37.4588 6.42756 0 166 255
32.4828 -12.174 5.69196 0 166 255
34.2403 -31.5598 6.72449 0 166 255
32.2342 12.9442 -4.41119 0 166 255
17.4765 -67.825 16.6956 0 166 255
32.1566 2.12244 1.19299 0 166 255
22.9124 0.263365 4.00143 0 166 255
34.6034 -61.6435 13.0499 0 166 255
22.5735 -30.8379 -8.27077 0 166 255
30.6126 26.1595 -6.46713 0 166 255
26.0178 11.8616 5.0815 0 166 255
35.3257 -67.3567 11.7941 0 166 255
26.8249 -13.7699 -10.9975 0 166 255
33.9121 -14.375 0.330157 0 166 255
29.5289 4.86757 4.5628 0 166 255
18.383 -20.1658 11.5577 0 166 255
26.3758 9.28451 -1.57998 0 166 255
29.2621 16.4098 -10.2201 0 166 255
27.9753 -51.7314 13.179 0 166 255
28.1891 1.71562 6.83617 0 166 255
33.7843 -18.777 -1.71319 0 166 255
23.9199 -30.3895 17.0966 0 166 255
32.6867 6.67554 -3.10798 0 166 255
16.8517 -63.4375 16.2716 0 166 255
32.8844 4.29607 -2.8518 0 166 255
22.9737 -21.3211 15.2042 0 166 255
29.5118 -22.5375 12.6388 0 166 255
30.0728 -52.1501 1.53288 0 166 255
23.7734 -11.022 12.5122 0 166 255
29.6176 -18.0786 11.3994 0 166 255
32.8258 -1.85684 -6.87836 0 166 255
27.6203 -20.1362 6.9997 0 166 255
31.3409 6.48151 1.29943 0 166 255
29.0725 -70.0536 15.5854 0 166 255
28.1521 -8.24951 9.83318 0 166 255
29.7006 27.3777 -6.22646 0 166 255
26.7389 -73.1621 18.1614 0 166 255
32.3658 -60.3379 -1.28862 0 166 255
27.8905 -9.61703 -5.57781 0 166 255
28.5389 -15.1304 -3.41772 0 166 255
26.3083 5.34699 -11.3937 0 166 255
30.0935 18.5728 -1.29245 0 166 255
32.5168 8.32309 -3.3539 0 166 255
23.4538 -61.0474 22.7413 0 166 255
30.8183 -59.0263 8.32084 0 166 255
25.0959 17.0663 -3.52059 0 166 255
27.0149 10.707 4.80964 0 166 255
32.8907 -4.35341 -6.63159 0 166 255
20.8579 -60.9596 16.5091 0 166 255
21.4421 5.02032 5.47408 0 166 255
23.0964 13.2505 1.19598 0 166 255
31.0439 -69.864 21.1033 0 166 255
28.2925 -16.8992 4.90575 0 166 255
35.0787 -61.3955 11.0251 0 166 255
30.7338 -67.1136 11.3149 0 166 255
29.8627 -57.4276 -2.8315 0 166 255
19.1186 -66.4842 16.2324 0 166 255
30.7055 19.2603 -2.70958 0 166 255
21.6164 -33.2794 -9.39065 0 166 255
26.2909 -19.3716 -7.49324 0 166 255
25.3967 -15.1416 -9.05424 0 166 255
31.3269 -31.3722 13.0099 0 166 255
17.2717 -33.5826 16.8886 0 166 255
26.6134 -63.8611 16.4936 0 166 255
32.9635 -79.1795 18.6258 0 166 255
25.6439 23.7578 1.30516 0 166 255
21.1661 -26.668 -9.60297 0 166 255
23.8365 -27.3924 16.4332 0 166 255
26.927 -6.9132 3.44914 0 166 255
26.9822 -47.2986 19.666 0 166 255
32.0784 -30.73 11.8093 0 166 255
19.8619 -51.1097 -8.15749 0 166 255
22.7741 -40.9545 -6.97752 0 166 255
32.9102 -40.5348 -3.82435 0 166 255
15.8643 -53.8701 15.409 0 166 255
24.2366 -20.2547 14.7306 0 166 255
19.7209 -10.2351 12.5907 0 166 255
29.0002 23.1661 -9.24969 0 166 255
32.7793 6.42792 -6.27642 0 166 255
32.049 19.2927 -8.645 0 166 255
21.2122 -36.0482 -8.92102 0 166 255
26.2028 -59.3248 22.1271 0 166 255
23.7468 -13.2422 -10.7121 0 166 255
23.9291 27.7858 -5.74068 0 166 255
33.9216 -74.2083 17.6716 0 166 255
25.2218 -51.3311 15.2862 0 166 255
33.3702 -10.0021 2.31885 0 166 255
25.9341 -36.0343 12.1461 0 166 255
21.8886 -48.0044 15.5025 0 166 255
30.2182 -56.181 9.77581 0 166 255
22.6549 -70.5167 18.8085 0 166 255
23.1971 -51.0934 21.1867 0 166 255
15.0506 -62.3601 17.349 0 166 255
21.8927 8.34454 4.56807 0 166 255
32.6666 -7.36276 3.53322 0 166 255
26.2759 -65.4521 17.0362 0 166 255
26.7718 21.287 -8.30828 0 166 255
26.626 -39.2717 12.3555 0 166 255
27.9583 -48.6693 19.4066 0 166 255
34.3187 -49.673 11.5308 0 166 255
33.4922 -15.076 -3.71543 0 166 255
29.1572 -20.7949 -1.97433 0 166 255
25.4533 -49.2045 -4.82763 0 166 255
27.6216 24.4884 -7.0451 0 166 255
26.8566 -36.1533 -10.2821 0 166 255
30.7505 -36.3765 14.8119 0 166 255
34.0258 -22.0363 0.297954 0 166 255
22.4453 -23.211 10.8436 0 166 255
22.5619 -1.71003 10.2345 0 166 255
34.1564 -46.4206 -0.653742 0 166 255
27.5481 12.3569 -6.88967 0 166 255
32.4583 -26.7232 10.1895 0 166 255
34.9978 -73.6689 14.0346 0 166 255
33.78 -37.5174 -1.96412 0 166 255
21.1598 -61.3352 22.2918 0 166 255
26.9482 -8.54935 -7.89758 0 166 255
21.2979 -24.1006 15.9826 0 166 255
17.9222 -35.5527 17.4784 0 166 255
33.0676 -28.1841 -4.26608 0 166 255
27.0283 19.6413 -9.10817 0 166 255
29.5831 -46.8197 -7.27243 0 166 255
15.3034 -54.4135 17.9347 0 166 255
30.4028 -57.2459 2.46352 0 166 255
26.6946 18.5412 -6.45705 0 166 255
31.3643 -30.2262 -7.42562 0 166 255
33.0328 -66.8548 17.7483 0 166 255
27.1058 -18.2759 -6.54959 0 166 255
24.7527 -8.38145 -11.9162 0 166 255
22.2047 -18.3908 -10.3967 0 166 255
24.219 -17.4153 14.0432 0 166 255
19.387 -11.711 12.9261 0 166 255
32.7404 7.39816 -4.9477 0 166 255
26.3168 28.1488 -2.57218 0 166 255
26.4207 26.9316 -4.42699 0 166 255
23.9494 -58.9429 16.8288 0 166 255
30.0107 -38.9691 7.12864 0 166 255
27.201 9.21948 -3.16311 0 166 255
31.9011 11.0038 -10.2132 0 166 255
28.9688 20.6927 -9.99852 0 166 255
23.8776 -24.718 10.645 0 166 255
22.9914 -38.2586 -7.12839 0 166 255
34.1756 -29.7199 -0.103003 0 166 255
28.882 -28.706 7.57195 0 166 255
29.3758 25.4798 -3.05924 0 166 255
30.9847 -37.8868 14.907 0 166 255
26.2923 -44.8663 13.6065 0 166 255
25.2774 13.1387 5.07775 0 166 255
22.9657 -45.0052 20.2154 0 166 255
35.0247 -52.3797 8.70131 0 166 255
30.5738 -18.5897 -10.1354 0 166 255
27.3236 -0.444529 0.518 0 166 255
31.7413 -34.8962 -6.32259 0 166 255
24.7251 -44.0263 14.5118 0 166 255
29.524 -20.5069 0.958859 0 166 255
33.1986 -40.2978 12.2402 0 166 255
20.654 -59.6507 21.8651 0 166 255
34.5203 -75.2944 16.5868 0 166 255
25.2707 -4.76048 4.24084 0 166 255
26.8565 -8.41674 10.6537 0 166 255
28.7066 -43.7551 -1.6747 0 166 255
32.1224 -16.8352 -7.67689 0 166 255
28.8862 -15.8509 3.14944 0 166 255
29.2609 -65.4376 13.7371 0 166 255
33.1879 -38.7677 -3.37137 0 166 255
32.2354 -60.9878 17.9257 0 166 255
14.4024 -41.9985 15.1666 0 166 255
23.4425 -21.6177 -9.18776 0 166 255
27.0162 5.37368 6.52721 0 166 255
16.5905 -70.2158 18.3202 0 166 255
33.4886 -17.5734 -3.39974 0 166 255
33.2978 -22.2193 6.88757 0 166 255
28.2091 -53.9252 -4.48899 0 166 255
25.2865 -2.62497 9.76278 0 166 255
14.7174 -36.3039 14.776 0 166 255
28.4995 24.5946 -8.40576 0 166 255
33.5266 -27.7646 8.1217 0 166 255
28.022 -45.4879 12.19 0 166 255
22.7479 -3.82053 5.36848 0 166 255
29.8967 -60.5076 11.9643 0 166 255
25.7658 0.1957 -11.6465 0 166 255
22.5338 17.5664 2.9113 0 166 255
31.575 -14.7441 -9.09104 0 166 255
23.7354 -9.60061 -11.735 0 166 255
21.9874 -28.4994 -10.479 0 166 255
22.8049 25.5263 -2.23444 0 166 255
23.3704 -11.3811 -11.3372 0 166 255
16.0635 -55.7954 15.2874 0 166 255
20.0644 -47.8779 -8.0198 0 166 255
28.9429 -62.147 13.6373 0 166 255
30.2202 -37.0316 2.37157 0 166 255
31.5162 -19.0347 9.46255 0 166 255
21.368 -25.1408 -9.87922 0 166 255
26.6996 -61.3344 15.8768 0 166 255
29.4595 -21.864 -0.357915 0 166 255
19.2601 -41.2448 18.887 0 166 255
16.0349 -47.5635 14.7817 0 166 255
30.3813 22.3915 -8.32387 0 166 255
22.6102 -48.8977 -6.34647 0 166 255
27.6019 -35.6227 -3.9036 0 166 255
26.6887 -55.7176 21.3427 0 166 255
32.7382 -28.3832 10.1048 0 166 255
21.5204 -48.1596 -9.18835 0 166 255
31.2437 0.195044 3.82585 0 166 255
32.1233 16.1959 -9.09259 0 166 255
18.0357 -44.4835 18.6952 0 166 255
25.4659 -68.7622 17.9188 0 166 255
26.9448 -7.08981 -8.06766 0 166 255
29.1492 0.621416 6.35519 0 166 255
24.7896 -10.1868 -10.4761 0 166 255
28.9874 -33.9357 -1.72976 0 166 255
27.7661 -22.3265 -5.18095 0 166 255
29.0425 -31.9211 -9.56236 0 166 255
30.7019 21.8755 -3.92285 0 166 255
24.7981 -50.8864 21.0122 0 166 255
24.6715 -54.651 21.668 0 166 255
22.759 -16.2562 -11.7463 0 166 255
33.8381 -29.8137 -1.7805 0 166 255
31.9768 11.9648 -2.75225 0 166 255
26.6072 26.5737 -7.16046 0 166 255
29.1276 -20.9842 12.6097 0 166 255
20.136 -72.4464 18.2954 0 166 255
34.8674 -56.9018 1.44091 0 166 255
17.951 -31.5091 12.935 0 166 255
28.5397 -75.989 17.4018 0 166 255
18.2278 -41.9407 13.1237 0 166 255
32.7902 -13.0886 -6.36421 0 166 255
27.9594 -44.8073 -2.63537 0 166 255
25.5475 4.85251 7.46665 0 166 255
32.6431 4.25093 -1.41283 0 166 255
23.1827 -75.8802 20.3383 0 166 255
30.5758 -28.8558 13.1961 0 166 255
18.7481 -74.6039 21.631 0 166 255
34.3273 -36.6777 0.114997 0 166 255
30.6567 -14.7251 9.37788 0 166 255
31.3539 -73.0183 21.438 0 166 255
16.7523 -37.4574 14.1964 0 166 255
32.5346 2.07646 -7.57702 0 166 255
34.6625 -41.5222 7.30626 0 166 255
22.6879 -38.8691 14.1111 0 166 255
25.2357 -49.413 -9.68537 0 166 255
30.2569 -62.4276 20.3806 0 166 255
25.9479 -16.9606 13.3792 0 166 255
20.9819 -25.9985 11.6726 0 166 255
23.7605 3.93376 2.46879 0 166 255
23.9835 -62.7389 23.0223 0 166 255
29.9889 -33.5608 5.91096 0 166 255
19.0209 -37.5037 18.2375 0 166 255
31.4887 16.0595 -3.4089 0 166 255
21.7148 -19.55 14.9022 0 166 255
27.4387 -37.2008 -4.00168 0 166 255
17.9569 -29.4824 12.6895 0 166 255
31.9151 -53.4559 -4.33276 0 166 255
29.2857 -16.7882 0.343842 0 166 255
33.8505 -44.0742 11.5132 0 166 255
29.4027 -46.9239 10.4616 0 166 255
22.8838 -9.82383 7.00607 0 166 255
34.6302 -48.3385 9.9345 0 166 255
29.2624 -53.0255 -0.313657 0 166 255
30.7378 -66.7857 20.7906 0 166 255
14.576 -38.8007 15.0974 0 166 255
31.8001 -50.7207 16.6311 0 166 255
31.4017 20.9395 -5.36382 0 166 255
33.1166 -36.0293 -3.71762 0 166 255
28.9755 -35.6855 16.1213 0 166 255
26.5148 -12.1713 5.53007 0 166 255
21.3386 -37.6325 -9.23952 0 166 255
27.3142 9.8376 -8.99982 0 166 255
23.3285 20.6287 -2.45522 0 166 255
32.468 -18.3647 -6.65013 0 166 255
33.9788 -43.9292 -1.19097 0 166 255
25.3557 -4.82342 -11.825 0 166 255
21.8359 -14.6557 13.6967 0 166 255
22.4465 19.3015 2.51562 0 166 255
27.6692 -11.2661 -5.83671 0 166 255
20.8676 -46.2699 -8.70524 0 166 255
20.8455 -5.80292 6.5333 0 166 255
28.1055 -7.60257 -5.27002 0 166 255
34.1606 -22.8834 1.75622 0 166 255
29.0768 -13.0026 0.896853 0 166 255
25.0658 -22.772 -12.0621 0 166 255
27.712 -8.40015 2.83872 0 166 255
18.6156 -75.3504 20.1311 0 166 255
20.9753 -69.2446 18.1375 0 166 255
23.3483 -43.8391 -10.278 0 166 255
27.2162 -20.5384 -6.1393 0 166 255
30.3047 -41.2237 3.01226 0 166 255
27.4806 19.7415 1.3857 0 166 255
31.0003 -68.7486 11.0372 0 166 255
23.5645 17.8855 -1.40536 0 166 255
28.8623 -51.3691 -1.01075 0 166 255
25.6494 -11.5053 -9.34319 0 166 255
15.8462 -64.0299 17.3637 0 166 255
29.239 -28.4275 14.2768 0 166 255
32.0011 15.2482 -4.58907 0 166 255
28.2763 5.05762 5.74867 0 166 255
26.1509 19.7904 -5.91406 0 166 255
22.6957 -26.7078 -8.66756 0 166 255
21.5435 -55.9254 16.0462 0 166 255
23.4201 15.3696 0.207721 0 166 255
27.4091 -11.6325 4.32298 0 166 255
22.9089 29.1807 -0.163395 0 166 255
26.8268 -27.316 -11.5927 0 166 255
27.5612 -44.4213 18.8086 0 166 255
30.255 -25.7653 12.7742 0 166 255
19.1158 -8.57892 10.1824 0 166 255
22.2226 9.72842 3.6984 0 166 255
33.8951 -49.7333 -1.27218 0 166 255
14.5774 -58.5243 17.141 0 166 255
27.6817 -68.7054 16.5521 0 166 255
21.9566 18.6641 4.26183 0 166 255
26.2407 6.88733 -0.484967 0 166 255
27.9187 -18.201 6.00739 0 166 255
25.733 -55.1102 15.5423 0 166 255
30.3314 -48.1544 2.63801 0 166 255
34.3242 -46.0147 10.6203 0 166 255
23.2282 -72.1458 19.257 0 166 255
22.165 -33.6614 -7.97928 0 166 255
22.0324 5.10981 3.33411 0 166 255
17.0864 -25.6632 13.3628 0 166 255
20.4154 -4.0838 7.76037 0 166 255
31.1881 -52.6833 17.6907 0 166 255
35.24 -57.4483 3.08662 0 166 255
28.415 -9.66432 1.90786 0 166 255
19.4555 -34.8417 13.1036 0 166 255
31.0053 20.8701 -9.99069 0 166 255
16.9184 -39.3671 17.4606 0 166 255
28.8322 -41.9415 -1.59243 0 166 255
21.8225 -29.0783 12.2984 0 166 255
32.7213 -4.52091 2.17625 0 166 255
26.797 -48.4203 -8.9288 0 166 255
17.5073 -40.7474 17.9521 0 166 255
22.797 27.518 -2.5697 0 166 255
26.9785 -44.748 -9.16064 0 166 255
26.5847 -1.30029 -9.90905 0 166 255
31.3505 -26.6716 11.8019 0 166 255
21.2054 -12.3834 8.17394 0 166 255
23.3433 10.8042 0.59094 0 166 255
30.6677 -5.86171 6.51376 0 166 255
30.083 -56.0135 1.394 0 166 255
26.0663 -49.9575 14.5649 0 166 255
23.6752 -38.154 18.8017 0 166 255
32.9131 -48.0865 -3.26204 0 166 255
29.4369 -38.9782 16.5242 0 166 255
29.229 -40.4391 -0.9002 0 166 255
29.7031 -54.523 10.8655 0 166 255
25.675 -59.1793 16.1513 0 166 255
25.45 21.3207 -5.18444 0 166 255
27.0149 23.4489 0.40746 0 166 255
33.6541 -11.3146 1.31013 0 166 255
32.9168 -62.4839 17.0683 0 166 255
23.3157 -28.4791 11.7321 0 166 255
23.6865 -47.2459 20.5367 0 166 255
30.5857 15.6275 -10.1873 0 166 255
22.3516 -13.8292 8.28923 0 166 255
17.0243 -65.5062 20.8193 0 166 255
27.3811 -6.01861 -11.1355 0 166 255
25.6064 -21.3914 -7.87091 0 166 255
22.3223 -36.2477 -9.96495 0 166 255
32.5121 0.306801 0.811794 0 166 255
20.0414 -22.4909 15.551 0 166 255
21.9716 -40.4118 14.4426 0 166 255
34.278 -33.3942 0.105247 0 166 255
33.3051 -2.07439 -1.26503 0 166 255
25.1006 -7.74339 11.2438 0 166 255
34.097 -53.6673 -0.792279 0 166 255
22.8505 -31.6403 17.5406 0 166 255
26.7567 -40.833 18.4716 0 166 255
31.6204 -11.9802 7.23065 0 166 255
31.5367 -18.5976 -8.73976 0 166 255
20.912 -26.1235 16.421 0 166 255
30.6037 -52.8093 3.46638 0 166 255
20.5157 -41.0641 -7.69829 0 166 255
29.7477 -55.0939 -5.2325 0 166 255
24.9333 -50.2061 -8.31287 0 166 255
28.4928 -13.192 3.07725 0 166 255
24.3002 -45.1231 -5.88729 0 166 255
29.3108 -38.6291 -0.83658 0 166 255
26.7567 -71.523 24.279 0 166 255
25.4626 -1.66067 -11.8076 0 166 255
31.1795 14.768 -1.79752 0 166 255
34.0154 -37.1745 9.37987 0 166 255
19.5577 -19.2308 9.93451 0 166 255
22.9315 -0.189035 9.7475 0 166 255
23.0569 -45.4086 -10.0284 0 166 255
22.5213 15.4453 5.34318 0 166 255
33.9162 -40.0008 -1.52536 0 166 255
25.3753 -50.4089 -6.72929 0 166 255
31.1357 -63.5827 8.31684 0 166 255
27.2829 14.4532 -11.332 0 166 255
27.7266 4.16677 -1.99804 0 166 255
32.0138 -29.1531 11.5392 0 166 255
21.2553 -47.0063 -6.87742 0 166 255
24.1508 -15.5645 13.5967 0 166 255
29.936 -16.1935 10.579 0 166 255
33.315 -1.32337 -3.25902 0 166 255
27.1622 5.83988 -1.41759 0 166 255
30.8654 -64.1691 10.0257 0 166 255
28.1327 -66.7857 15.8958 0 166 255
28.0363 -14.6294 -10.71 0 166 255
32.6244 -50.1171 15.363 0 166 255
17.0601 -72.0149 21.8509 0 166 255
34.9197 -50.8152 2.23805 0 166 255
32.3227 8.31441 -8.73322 0 166 255
26.4782 -16.1012 -11.3665 0 166 255
16.5412 -42.4266 17.6115 0 166 255
28.5775 -31.7919 15.5272 0 166 255
15.092 -66.5626 19.5749 0 166 255
17.5509 -18.3752 14.0958 0 166 255
14.4552 -53.0942 16.6772 0 166 255
26.1416 -30.6454 -11.3988 0 166 255
17.0052 -54.8431 19.392 0 166 255
20.2673 -62.6944 22.1563 0 166 255
23.4803 -7.54704 11.6507 0 166 255
24.6661 9.8688 6.37123 0 166 255
34.534 -31.401 2.98853 0 166 255
16.1922 -51.3808 18.3962 0 166 255
30.2657 17.6494 -9.95302 0 166 255
29.7483 -28.159 0.535573 0 166 255
28.2588 -45.0588 -8.37424 0 166 255
31.6611 -6.28823 5.20362 0 166 255
22.2827 -42.2373 19.7218 0 166 255
30.0284 -29.9573 4.25644 0 166 255
30.8739 -44.4916 -6.32795 0 166 255
28.5652 -34.1172 9.57622 0 166 255
27.3172 -16.6422 6.21612 0 166 255
30.2906 -49.7454 8.72455 0 166 255
27.7058 5.64906 -3.00389 0 166 255
17.6708 -26.569 15.8706 0 166 255
26.6685 1.02994 1.10285 0 166 255
24.6681 -6.04873 10.9304 0 166 255
16.8352 -21.9331 14.6157 0 166 255
31.7461 -64.3989 19.1879 0 166 255
24.6974 -75.2213 19.597 0 166 255
27.9294 6.32834 -10.9219 0 166 255
20.8406 -53.3199 15.5118 0 166 255
26.1308 -67.6866 23.687 0 166 255
16.8959 -51.873 14.5049 0 166 255
16.2863 -61.8016 16.4964 0 166 255
16.1362 -70.4919 20.9985 0 166 255
29.2408 -37.0116 -1.00821 0 166 255
34.3717 -38.4027 0.184871 0 166 255
29.54 -45.1738 9.79281 0 166 255
30.5016 -69.3522 12.7131 0 166 255
30.4027 -48.4971 7.92538 0 166 255
31.1142 -47.6203 16.8357 0 166 255
25.1616 -1.6937 3.24682 0 166 255
29.698 -11.2552 9.38232 0 166 255
34.6735 -67.4031 6.49636 0 166 255
31.6366 -2.84669 4.24319 0 166 255
32.8561 -26.8099 -4.83712 0 166 255
16.7142 -32.1312 16.3906 0 166 255
23.407 -40.8077 -10.6193 0 166 255
33.2794 -46.4514 -2.70503 0 166 255
28.7378 -77.5017 20.4267 0 166 255
29.0588 -24.8852 -2.03157 0 166 255
30.4723 19.2086 -9.64603 0 166 255
31.8933 -24.4462 -7.29099 0 166 255
29.1172 -44.8537 -0.76848 0 166 255
29.9464 -13.2235 9.72703 0 166 255
20.6228 3.43543 9.02353 0 166 255
32.4682 -32.474 11.5736 0 166 255
30.2462 -35.9319 5.33609 0 166 255
16.1603 -63.0934 19.8827 0 166 255
23.1063 20.1012 -0.0562515 0 166 255
22.4925 -57.0574 22.0292 0 166 255
28.9489 -56.6373 12.6745 0 166 255
28.687 -65.4685 22.1528 0 166 255
32.3686 -63.313 2.55101 0 166 255
22.5304 24.3929 2.02422 0 166 255
31.2289 17.9659 -3.42092 0 166 255
21.231 -9.179 12.365 0 166 255
25.1561 26.4299 -5.60087 0 166 255
23.5647 -34.8824 -7.24522 0 166 255
30.5878 -61.0684 10.2977 0 166 255
33.1324 -6.7608 1.9001 0 166 255
33.0447 -17.9333 6.37474 0 166 255
16.3896 -73.3249 19.6956 0 166 255
35.0249 -50.273 8.06783 0 166 255
22.6008 -28.2854 -8.59637 0 166 255
30.9753 9.2781 0.934623 0 166 255
32.3978 13.1993 -7.80386 0 166 255
28.1687 -27.3024 -3.71722 0 166 255
34.1127 -72.4444 16.8163 0 166 255
27.5319 0.69968 -8.11597 0 166 255
25.2757 12.789 -1.86255 0 166 255
18.8732 -73.4914 17.8748 0 166 255
24.4743 -30.8458 -7.26953 0 166 255
31.743 -59.1606 -2.37217 0 166 255
19.7342 -46.3107 -7.42425 0 166 255
20.3519 -46.8726 20.076 0 166 255
33.7454 -55.9972 -1.38984 0 166 255
30.8332 16.955 -2.02746 0 166 255
32.8652 -44.9086 13.9073 0 166 255
31.8889 -69.1074 9.84574 0 166 255
22.9172 -65.0153 17.9791 0 166 255
20.6569 -42.7107 -7.42401 0 166 255
31.3899 -57.7339 -3.64745 0 166 255
20.8565 -46.7777 15.1023 0 166 255
28.0929 -59.6454 21.4223 0 166 255
29.3199 -33.2056 7.74089 0 166 255
25.835 29.6608 -1.29305 0 166 255
20.8745 -29.0202 17.0436 0 166 255
15.7989 -41.2834 17.0226 0 166 255
24.4303 -67.9591 23.9253 0 166 255
20.6274 -62.707 16.658 0 166 255
22.7691 -41.9799 14.6577 0 166 255
32.2298 -45.2439 -4.60084 0 166 255
33.2359 -54.6729 15.0748 0 166 255
28.2591 -41.0748 17.7399 0 166 255
14.4465 -63.6802 18.4573 0 166 255
28.9767 -47.32 18.5486 0 166 255
21.9091 1.91079 3.89886 0 166 255
27.9185 7.06416 -6.68088 0 166 255
27.203 -41.1378 -9.45642 0 166 255
31.9893 -22.8999 9.84193 0 166 255
25.0428 -28.3875 16.3771 0 166 255
22.6527 8.9575 2.24168 0 166 255
20.6559 -71.0823 18.3419 0 166 255
16.2217 -48.8108 18.1419 0 166 255
26.6261 -70.0084 17.4263 0 166 255
34.8266 -48.4699 1.82258 0 166 255
34.2578 -24.5877 3.36953 0 166 255
15.2537 -38.0058 16.277 0 166 255
15.9601 -68.1154 20.4919 0 166 255
31.1597 -50.6906 -5.4119 0 166 255
29.8293 -48.5272 9.79812 0 166 255
25.463 -65.8469 23.4708 0 166 255
28.9851 -48.8031 11.4171 0 166 255
32.952 -23.3592 8.27229 0 166 255
27.4348 -55.419 14.2742 0 166 255
21.3221 -71.4462 23.9995 0 166 255
28.4751 -7.87279 -3.59974 0 166 255
26.0118 -56.6499 15.4855 0 166 255
28.3713 -0.317898 -4.36939 0 166 255
29.5592 -9.60437 9.04025 0 166 255
28.9891 -72.1242 16.4063 0 166 255
30.8951 23.8101 -8.95297 0 166 255
32.7826 -62.3329 1.08259 0 166 255
28.6083 -29.1079 -10.3337 0 166 255
24.4909 22.0499 2.53743 0 166 255
29.4099 -27.5327 6.19533 0 166 255
25.0848 10.5216 -0.728441 0 166 255
25.4298 4.90414 1.05949 0 166 255
19.4067 -27.6352 16.5694 0 166 255
32.4 11.6004 -8.30641 0 166 255
28.0072 -24.7955 -11.3861 0 166 255
29.9476 -73.8107 15.4026 0 166 255
30.0834 -31.9277 2.73854 0 166 255
33.7785 -13.1314 1.71824 0 166 255
33.8778 -24.6553 -1.5995 0 166 255
31.8839 19.7557 -7.04628 0 166 255
28.6176 -22.7652 -3.39355 0 166 255
34.7889 -50.4041 9.61844 0 166 255
20.461 -38.9462 18.9243 0 166 255
32.0495 -9.20867 -8.63949 0 166 255
30.8275 -57.2862 7.72179 0 166 255
29.4058 -18.7314 0.141091 0 166 255
34.8807 -42.1212 4.82894 0 166 255
29.3289 -6.77036 -10.0887 0 166 255
25.76 -30.3322 -6.44589 0 166 255
22.0905 11.4916 4.18705 0 166 255
32.2236 -1.15287 2.15227 0 166 255
27.8656 -39.0196 -9.35117 0 166 255
32.433 -5.72871 3.48613 0 166 255
25.28 3.49309 1.61417 0 166 255
30.646 -51.329 18.0062 0 166 255
34.3856 -56.4271 -0.00168324 0 166 255
28.4822 -4.03852 -4.31651 0 166 255
29.6925 -63.9746 21.1633 0 166 255
23.6286 1.09311 9.2347 0 166 255
16.6915 -23.5077 14.8761 0 166 255
32.3281 -51.1093 -3.98448 0 166 255
18.5942 -58.9907 20.8321 0 166 255
31.3394 -73.2492 13.8296 0 166 255
33.5657 -11.491 -3.36934 0 166 255
23.9255 -38.0316 13.669 0 166 255
34.9233 -46.1589 2.91689 0 166 255
22.6826 -74.1636 24.0497 0 166 255
17.006 -32.9469 13.7424 0 166 255
29.5149 -23.6928 -0.527806 0 166 255
29.4136 17.2299 0.265502 0 166 255
33.1637 -2.01316 -5.09631 0 166 255
30.8713 -54.816 4.80516 0 166 255
19.747 -50.9038 14.7998 0 166 255
24.7623 -20.3497 -8.7654 0 166 255
30.3096 0.601936 5.03441 0 166 255
30.8873 -12.9921 -10.1595 0 166 255
23.6507 -33.3787 12.699 0 166 255
21.712 -51.4377 21.058 0 166 255
21.2129 -51.7251 -7.71377 0 166 255
21.0765 -40.9697 19.4067 0 166 255
27.5887 -0.0298405 -11.1862 0 166 255
25.5791 -36.8294 -5.79337 0 166 255
21.5838 -10.9694 12.7952 0 166 255
32.0261 -48.9254 15.9887 0 166 255
25.3679 -12.0827 6.5251 0 166 255
30.3579 3.28789 4.09916 0 166 255
20.3631 -75.6264 19.04 0 166 255
28.2222 25.9586 -1.69299 0 166 255
33.7062 -12.6256 -2.0504 0 166 255
33.3602 -78.08 19.5415 0 166 255
26.3304 -20.6888 14.1389 0 166 255
22.1839 9.28341 7.23609 0 166 255
30.1448 -34.7898 -8.19773 0 166 255
34.4403 -39.0205 8.01843 0 166 255
25.388 -33.3708 -6.30224 0 166 255
23.9407 -22.9991 10.2071 0 166 255
35.2641 -53.377 6.6118 0 166 255
29.3317 -43.176 -0.379194 0 166 255
30.7544 -47.1073 5.30436 0 166 255
35.5286 -65.1199 9.32269 0 166 255
22.6872 25.0383 -0.677828 0 166 255
29.2387 -56.0955 -3.45287 0 166 255
27.5332 21.4187 0.70604 0 166 255
34.5515 -52.6645 0.479547 0 166 255
34.9119 -43.609 4.39633 0 166 255
31.7883 -62.8258 18.836 0 166 255
29.5196 -50.2414 0.158514 0 166 255
34.1781 -28.2162 5.93724 0 166 255
27.3759 -10.0476 3.91452 0 166 255
23.6242 26.1008 -5.33436 0 166 255
34.3039 -35.0002 0.121137 0 166 255
30.1311 -46.8036 8.61666 0 166 255
30.6008 -68.202 21.2009 0 166 255
24.6552 -29.2242 -7.35575 0 166 255
26.0154 -16.9987 7.43186 0 166 255
25.9168 -13.1592 -8.82423 0 166 255
28.6493 -12.9233 10.7899 0 166 255
23.4497 -21.816 -12.0146 0 166 255
21.1049 -51.139 15.4926 0 166 255
34.6948 -45.8445 1.25363 0 166 255
35.3189 -63.4998 10.2551 0 166 255
27.4394 -11.9935 11.3374 0 166 255
34.6192 -73.9184 15.9156 0 166 255
28.3331 -33.3348 -9.84861 0 166 255
25.9281 -45.8281 -9.63338 0 166 255
30.8184 -49.2471 5.30006 0 166 255
29.0864 -41.4847 9.99532 0 166 255
14.6125 -32.087 14.9038 0 166 255
25.6202 14.9737 4.30051 0 166 255
26.4268 -15.6365 6.76621 0 166 255
28.6125 -29.9368 -2.6956 0 166 255
29.5162 11.8086 2.14584 0 166 255
20.8422 -36.7234 18.6019 0 166 255
32.8922 -30.5615 -4.58768 0 166 255
17.3894 -52.2726 19.3017 0 166 255
30.9474 1.70687 -10.2317 0 166 255
22.5339 -24.3281 -9.11608 0 166 255
35.3009 -60.5258 3.00586 0 166 255
17.2413 -20.2144 14.4122 0 166 255
27.5729 -14.2406 11.8754 0 166 255
26.8434 -31.8171 -5.14531 0 166 255
26.0245 -8.22626 -9.33545 0 166 255
27.3367 -77.5759 19.4632 0 166 255
27.325 -46.4117 -8.80535 0 166 255
20.1388 -59.6219 15.9105 0 166 255
28.5162 -10.2616 10.1478 0 166 255
26.7801 -76.6963 20.8671 0 166 255
28.2427 -11.0986 2.86949 0 166 255
29.2275 -46.8198 -0.598632 0 166 255
19.683 -24.8632 16.04 0 166 255
20.8996 -21.3519 10.4922 0 166 255
33.2486 -60.7663 16.2166 0 166 255
19.8371 -49.3577 -8.06198 0 166 255
16.8962 -19.4476 12.9137 0 166 255
26.4911 -50.8132 20.5373 0 166 255
26.6869 -61.0124 22.2625 0 166 255
15.5079 -24.5797 14.2296 0 166 255
28.9566 -11.9273 -0.774262 0 166 255
29.2487 25.1096 -6.49345 0 166 255
30.745 -62.2746 3.1661 0 166 255
27.1422 -66.301 23.0809 0 166 255
25.3491 1.56672 2.21162 0 166 255
18.7736 -49.4392 14.0125 0 166 255
17.7646 -48.638 19.0731 0 166 255
32.9623 -5.92679 -6.32791 0 166 255
27.9868 -3.76412 0.573228 0 166 255
18.9012 -22.1873 10.8403 0 166 255
22.6203 26.1172 0.738622 0 166 255
32.4272 5.38093 -8.22833 0 166 255
21.6416 -3.55067 10.8434 0 166 255
33.7424 -11.859 -0.504615 0 166 255
28.3985 -54.6832 20.3202 0 166 255
34.4463 -48.6222 0.251375 0 166 255
27.9998 -46.0962 18.8918 0 166 255
26.8007 -12.1013 -7.61954 0 166 255
28.4689 -57.6412 20.8084 0 166 255
33.4191 -19.0666 -3.42171 0 166 255
27.1263 -26.4105 15.1395 0 166 255
33.1317 -30.1494 9.83664 0 166 255
23.5052 -17.4978 8.98265 0 166 255
25.3081 -40.7982 18.9792 0 166 255
24.2969 -35.6901 -11.0412 0 166 255
29.3425 -25.9755 -0.899652 0 166 255
30.1099 -42.3589 -7.30467 0 166 255
28.838 -37.4041 9.7443 0 166 255
29.1991 -57.8736 -0.390699 0 166 255
31.8549 -36.2587 13.4711 0 166 255
26.7552 8.83692 -11.4275 0 166 255
22.5184 -20.5218 -11.402 0 166 255
35.6855 -65.9318 7.16664 0 166 255
33.5006 -18.0056 4.98261 0 166 255
34.9085 -60.7639 1.41605 0 166 255
31.9071 16.8156 -5.05171 0 166 255
21.7229 -7.56026 11.9092 0 166 255
30.5896 -32.9994 -8.00556 0 166 255
32.8513 -37.4638 -4.15928 0 166 255
29.4973 -31.7102 6.996 0 166 255
27.7052 -49.587 -8.29154 0 166 255
20.3571 -13.7214 8.59612 0 166 255
30.4385 -71.755 13.6546 0 166 255
23.3393 18.5007 0.0846338 0 166 255
20.1006 -5.41495 8.39561 0 166 255
30.5802 -77.4719 20.4312 0 166 255
26.9315 -15.6915 -7.01594 0 166 255
29.6447 -33.5788 0.130158 0 166 255
33.1317 -74.0928 14.3118 0 166 255
18.7361 -5.02091 11.0937 0 166 255
33.5961 -9.94443 0.618047 0 166 255
35.3354 -56.6471 7.28665 0 166 255
27.9732 -29.0325 -3.85767 0 166 255
27.8303 -47.7875 12.6183 0 166 255
26.9306 -52.3 -4.0657 0 166 255
32.3858 -14.5865 -7.38381 0 166 255
16.9315 -74.9652 19.4529 0 166 255
28.1105 -1.86726 -0.719038 0 166 255
