ply
format ascii 1.0
comment Created by Open3D
element vertex 4096
property double x
property double y
property double z
property uchar red
property uchar green
property uchar blue
end_header
12.4248 37.21 -6.08075 255 191 0
11.4799 20.0966 4.00272 255 191 0
13.687 35.9673 -5.13356 255 191 0
17.989 11.7372 6.74579 255 191 0
4.71171 -24.3792 -7.29455 255 191 0
17.1182 14.0323 2.38074 255 191 0
17.8883 31.1955 -3.01483 255 191 0
19.8454 45.3719 -8.22142 255 191 0
4.04415 4.06293 -3.22751 255 191 0
9.6934 25.6657 -3.70918 255 191 0
10.2485 22.7787 -4.60875 255 191 0
20.0883 5.88468 5.28271 255 191 0
18.7491 32.1394 0.382495 255 191 0
12.8566 49.8217 -9.22234 255 191 0
12.8384 23.4917 2.9642 255 191 0
8.46403 -2.78138 -2.51501 255 191 0
8.56792 21.815 -1.30642 255 191 0
10.2063 29.4743 -3.9518 255 191 0
3.48537 -13.2819 -5.62564 255 191 0
22.4315 15.5209 2.81634 255 191 0
14.0839 11.8615 1.62536 255 191 0
15.129 -14.3297 -10.4347 255 191 0
17.8762 -1.94186 9.78041 255 191 0
13.4872 -1.15408 4.43058 255 191 0
22.6617 21.9081 3.1511 255 191 0
22.0594 45.4913 -9.26817 255 191 0
16.5569 40.728 -6.14422 255 191 0
9.56764 23.1294 -5.65537 255 191 0
3.9618 1.15484 -3.16786 255 191 0
11.5703 25.2156 2.74658 255 191 0
14.7849 -4.46848 6.23057 255 191 0
5.31683 -9.6451 1.78239 255 191 0
13.8472 -3.61537 5.40164 255 191 0
6.13521 -10.5215 3.65702 255 191 0
7.61909 3.56188 3.58166 255 191 0
21.7963 38.5436 -2.46716 255 191 0
15.7231 10.7054 7.48298 255 191 0
23.3957 24.7868 0.828093 255 191 0
18.2989 32.7346 -3.58742 255 191 0
9.93159 19.5302 -4.24289 255 191 0
5.97688 12.3484 -3.69999 255 191 0
10.5235 4.79764 -0.198238 255 191 0
21.3593 43.4908 -8.3936 255 191 0
13.7175 40.2707 -2.67644 255 191 0
17.32 -26.87 -12.7905 255 191 0
8.86286 -18.1027 -11.5672 255 191 0
13.7395 8.15463 2.15848 255 191 0
7.47883 -24.797 -4.98427 255 191 0
4.93268 -21.626 -3.69234 255 191 0
14.1242 -19.2108 -13.7033 255 191 0
11.1678 10.8418 5.88181 255 191 0
19.9285 24.7379 -1.2277 255 191 0
6.12074 -0.0586603 1.93163 255 191 0
8.16883 -15.9279 -11.4494 255 191 0
16.897 -23.4518 -11.021 255 191 0
6.17304 17.8735 -1.33349 255 191 0
11.054 0.767517 1.39235 255 191 0
14.2739 -26.3633 -7.74693 255 191 0
6.65066 -2.57326 3.2657 255 191 0
9.04925 -11.2778 -12.2815 255 191 0
10.9583 24.7291 -4.30781 255 191 0
22.4762 16.0458 1.86606 255 191 0
11.5846 -21.9983 -12.5879 255 191 0
12.0559 -17.6819 -13.4092 255 191 0
18.1868 -0.752344 6.95698 255 191 0
16.8606 20.6581 0.314089 255 191 0
13.9831 -31.796 -11.0327 255 191 0
20.6544 -0.231344 7.83496 255 191 0
3.88868 -13.1703 -2.10436 255 191 0
8.8871 -8.93983 5.83052 255 191 0
4.6777 -5.40549 -0.359895 255 191 0
21.1492 5.13451 6.86928 255 191 0
20.6147 50.0835 -9.65699 255 191 0
23.7835 48.3675 -7.94855 255 191 0
14.6882 2.89596 4.33411 255 191 0
21.3329 31.4499 -4.05227 255 191 0
13.4293 23.1548 -1.75181 255 191 0
10.9124 -6.71447 3.29162 255 191 0
12.2146 -28.8907 -11.9362 255 191 0
11.2771 -9.81309 -9.12131 255 191 0
21.5691 39.5425 -7.05757 255 191 0
4.69718 -1.69849 -0.786294 255 191 0
16.6575 -2.42906 9.09904 255 191 0
10.6323 -27.4534 -6.72237 255 191 0
3.39904 -7.11302 -6.91161 255 191 0
6.38685 -20.7688 -2.27083 255 191 0
8.81226 -20.3188 -4.36627 255 191 0
14.7581 42.8868 -7.00645 255 191 0
12.648 9.69087 1.00317 255 191 0
8.36477 -11.6148 -4.34682 255 191 0
3.90645 -3.44396 -8.38382 255 191 0
23.6564 27.1745 0.171918 255 191 0
7.87267 -13.7637 2.83484 255 191 0
16.9766 10.379 7.6663 255 191 0
12.3572 27.7162 -3.67519 255 191 0
23.6311 42.2499 -5.00803 255 191 0
9.74028 17.0459 -4.08587 255 191 0
20.9418 34.4974 -4.91405 255 191 0
9.16657 -23.1273 -10.8794 255 191 0
12.074 49.6564 -8.1682 255 191 0
4.06822 -7.35686 -2.00227 255 191 0
17.7822 10.1721 3.75133 255 191 0
10.6846 35.2433 -5.4666 255 191 0
20.9994 19.1504 4.70366 255 191 0
12.7519 52.6031 -8.07154 255 191 0
12.2118 39.421 -2.75012 255 191 0
20.4384 39.5766 -6.4335 255 191 0
5.02288 -5.82447 0.568579 255 191 0
13.06 12.2651 6.83493 255 191 0
12.5773 31.8178 0.216162 255 191 0
10.6933 -0.500767 1.28435 255 191 0
9.57507 -15.5699 -6.17301 255 191 0
8.49092 -16.0639 -1.02054 255 191 0
22.4981 36.7842 -6.66737 255 191 0
21.7054 43.5612 -4.34557 255 191 0
20.1385 0.438623 6.9427 255 191 0
8.81454 -13.7715 -12.4687 255 191 0
14.9136 33.9624 -0.560684 255 191 0
7.33575 11.3358 1.84585 255 191 0
11.791 -10.1814 6.04812 255 191 0
17.4682 -25.4568 -11.7413 255 191 0
19.971 9.0028 4.25455 255 191 0
17.394 0.660515 9.51637 255 191 0
3.87608 -19.5679 -2.72526 255 191 0
11.3827 18.1264 -2.31455 255 191 0
10.3828 8.03634 -1.0427 255 191 0
10.0899 29.7556 -4.96481 255 191 0
3.38773 -3.78332 -5.95189 255 191 0
8.05615 5.29062 -5.82754 255 191 0
15.556 8.44359 7.85605 255 191 0
3.5337 -10.7289 -7.49823 255 191 0
9.89503 1.31082 -0.526599 255 191 0
17.4287 -24.225 -11.9351 255 191 0
16.964 -4.23539 7.46226 255 191 0
12.8879 34.9692 -5.26525 255 191 0
7.18789 -9.39458 -11.4364 255 191 0
9.30541 -6.68518 -10.2671 255 191 0
18.7608 10.9402 6.98407 255 191 0
6.10368 -12.6019 -11.0556 255 191 0
6.05623 -3.14957 -9.0198 255 191 0
20.5572 19.0391 0.955464 255 191 0
5.16948 -16.9185 -0.153817 255 191 0
19.3983 12.6151 6.52498 255 191 0
14.2631 -30.495 -12.2286 255 191 0
16.1415 -26.4297 -8.96315 255 191 0
10.9484 6.81052 -0.184408 255 191 0
20.2237 -2.2849 7.69431 255 191 0
10.4511 -10.8392 -8.14172 255 191 0
8.39503 -14.3004 -4.05707 255 191 0
20.5881 27.5249 1.6628 255 191 0
3.44581 -5.58045 -8.20328 255 191 0
22.4583 29.6646 0.391408 255 191 0
11.751 21.6675 3.80762 255 191 0
21.9624 49.4633 -6.90454 255 191 0
21.0848 6.24015 7.32542 255 191 0
8.83311 -14.4421 2.84208 255 191 0
8.08071 -18.4119 -10.9056 255 191 0
7.95935 1.85538 -6.30898 255 191 0
22.1052 12.6819 4.38908 255 191 0
15.6385 29.9022 0.824579 255 191 0
4.65288 -21.344 -8.20432 255 191 0
7.78421 17.9474 -3.2165 255 191 0
14.7453 -19.4244 -9.25897 255 191 0
22.8203 20.1883 2.4677 255 191 0
17.3997 45.1285 -7.45025 255 191 0
8.04562 -2.76522 -4.95162 255 191 0
4.71538 -11.4727 0.506057 255 191 0
19.0859 6.46855 8.71761 255 191 0
15.2846 56.9895 -10.4807 255 191 0
11.3867 37.687 -6.64582 255 191 0
19.3274 42.2732 -3.14279 255 191 0
14.4914 -18.0499 -9.46059 255 191 0
16.3386 -1.17154 9.1058 255 191 0
17.3422 -31.6795 -10.7745 255 191 0
18.2983 43.6639 -3.50592 255 191 0
10.9509 -7.794 3.57943 255 191 0
6.33316 -18.3722 -0.758425 255 191 0
9.16773 21.8542 0.0833602 255 191 0
13.2056 -21.0126 -8.23356 255 191 0
6.45962 -17.2719 0.0231924 255 191 0
10.5275 27.6627 -1.70977 255 191 0
7.22709 1.45474 3.4304 255 191 0
10.1919 23.3854 -0.731411 255 191 0
15.361 16.1175 5.49009 255 191 0
18.5684 46.1514 -4.39812 255 191 0
8.31999 -8.35128 -1.69038 255 191 0
13.3498 20.4258 3.96978 255 191 0
8.85044 18.3029 2.24271 255 191 0
7.35204 -3.76876 -9.48373 255 191 0
9.37649 17.6431 -4.91652 255 191 0
19.8494 19.3604 4.40393 255 191 0
8.73703 -11.0367 4.67565 255 191 0
9.09504 3.09897 -2.28528 255 191 0
15.4033 54.5144 -10.4251 255 191 0
19.493 31.581 -3.41506 255 191 0
10.8706 31.7643 -2.70685 255 191 0
23.9762 28.7321 -1.94799 255 191 0
19.2206 29.1068 -2.51981 255 191 0
13.6573 47.023 -5.03896 255 191 0
13.4621 27.9943 -3.03445 255 191 0
10.1741 -10.9162 -12.0744 255 191 0
14.135 -7.0168 6.70405 255 191 0
6.71078 18.3865 -0.209367 255 191 0
15.7384 17.942 4.74136 255 191 0
21.9588 11.708 4.84069 255 191 0
12.2255 4.56364 1.67693 255 191 0
8.82874 21.7056 1.18747 255 191 0
19.6858 34.5419 -4.39558 255 191 0
9.49383 -3.56148 0.243049 255 191 0
8.35471 -14.5345 -1.80791 255 191 0
21.6045 47.7681 -9.94975 255 191 0
14.9235 -32.6786 -9.16826 255 191 0
8.32197 -18.8748 -1.55194 255 191 0
14.2516 54.0132 -10.2526 255 191 0
3.44843 -8.99176 -5.60186 255 191 0
11.7699 -6.10449 4.19325 255 191 0
14.3567 19.4288 4.24041 255 191 0
14.2507 -0.158517 4.80782 255 191 0
19.3564 -3.78463 10.1808 255 191 0
4.49378 -23.0551 -7.33337 255 191 0
15.0419 51.3326 -6.21121 255 191 0
11.9827 25.9281 1.97885 255 191 0
9.04537 -0.575998 6.08 255 191 0
7.53222 -14.5562 -11.3863 255 191 0
7.99784 0.644146 -6.12902 255 191 0
5.32704 13.1887 -1.50623 255 191 0
14.0561 14.5367 0.951256 255 191 0
8.89684 -4.56501 -0.680775 255 191 0
19.613 8.8431 7.61733 255 191 0
12.438 37.7052 -1.80448 255 191 0
6.45507 -7.67942 -10.7805 255 191 0
12.2517 30.6871 -4.45229 255 191 0
8.6737 -15.9317 -4.74706 255 191 0
23.5733 46.276 -8.68594 255 191 0
15.776 45.1409 -7.49805 255 191 0
9.53166 -22.5373 -4.84498 255 191 0
6.63406 -19.3734 -1.22008 255 191 0
22.798 25.7237 1.58637 255 191 0
9.8023 -5.41307 6.65318 255 191 0
10.0546 25.5821 -2.4488 255 191 0
21.4899 9.7802 6.62211 255 191 0
5.72084 7.31581 0.137238 255 191 0
18.6481 21.3713 0.299542 255 191 0
20.7959 7.31637 8.24023 255 191 0
22.5046 39.4169 -7.72064 255 191 0
13.7137 32.2436 -0.0798386 255 191 0
6.2774 -24.5114 -8.78578 255 191 0
14.5162 14.8437 6.0461 255 191 0
8.52762 -12.0622 4.06868 255 191 0
5.13132 11.0825 -1.56924 255 191 0
5.94222 13.8361 -0.549054 255 191 0
7.27932 -13.1355 -11.4483 255 191 0
8.17969 19.9894 -2.24219 255 191 0
8.21188 -5.54985 -2.69435 255 191 0
12.0123 38.2845 -2.78683 255 191 0
3.64409 -1.63125 -4.15313 255 191 0
10.4671 1.33782 0.458347 255 191 0
16.1777 20.3237 3.80229 255 191 0
20.6649 36.5685 -1.41136 255 191 0
16.6896 13.0554 6.64105 255 191 0
11.0628 21.7869 -3.55232 255 191 0
22.6145 47.3428 -6.41662 255 191 0
24.0833 29.9231 -1.19879 255 191 0
21.0701 12.1949 3.12215 255 191 0
13.0771 54.5419 -9.42722 255 191 0
9.41475 -19.7125 -5.28077 255 191 0
6.97387 -3.63872 3.96051 255 191 0
6.7181 -9.90962 4.43955 255 191 0
14.1803 -22.339 -13.2319 255 191 0
21.6905 15.7507 5.83716 255 191 0
14.6246 1.22142 4.74056 255 191 0
8.00624 -6.01318 -10.4113 255 191 0
4.43283 2.89605 -2.02328 255 191 0
12.5955 -1.86769 3.69748 255 191 0
16.8527 17.2355 1.40167 255 191 0
10.2824 22.541 2.6117 255 191 0
17.7791 14.9454 2.31198 255 191 0
8.04814 -4.88285 -4.21873 255 191 0
15.2727 16.6814 1.02811 255 191 0
18.2745 4.70494 5.52756 255 191 0
4.88599 -3.03855 -0.170845 255 191 0
19.5571 0.103321 10.5196 255 191 0
8.53127 -7.91495 -5.96165 255 191 0
8.3444 -9.5895 -1.6304 255 191 0
15.7398 7.25186 7.91375 255 191 0
11.0234 -9.26366 -10.7266 255 191 0
15.9597 -30.3289 -9.46346 255 191 0
22.2035 41.3948 -8.21606 255 191 0
19.3946 38.1594 -1.71371 255 191 0
5.92764 1.36092 1.36672 255 191 0
16.8288 -27.4687 -10.8338 255 191 0
6.91692 9.06478 1.67822 255 191 0
7.82081 6.05312 3.40313 255 191 0
9.90973 -26.3434 -5.81471 255 191 0
3.48729 -12.3452 -6.48611 255 191 0
19.6514 12.4363 3.21918 255 191 0
16.0204 41.9298 -2.94791 255 191 0
16.3339 22.7098 3.12405 255 191 0
6.32179 -11.2802 -11.4991 255 191 0
8.65656 11.2243 -5.09315 255 191 0
17.7264 48.3447 -8.57048 255 191 0
22.4524 19.5306 4.01369 255 191 0
12.0932 36.1872 -1.91565 255 191 0
8.33763 13.9059 -6.14587 255 191 0
3.8292 -20.6052 -6.3257 255 191 0
7.68339 9.13557 2.6823 255 191 0
21.4029 30.4458 0.476275 255 191 0
13.0464 -4.17842 4.74137 255 191 0
16.8939 38.7996 -1.83177 255 191 0
15.3663 48.9332 -8.69632 255 191 0
15.613 -29.4456 -12.4579 255 191 0
16.8623 -16.3334 -11.2207 255 191 0
5.29594 -0.807178 -7.54576 255 191 0
13.0627 39.3055 -2.11562 255 191 0
18.358 8.96009 7.92154 255 191 0
9.17378 -15.5196 1.74875 255 191 0
6.90531 -25.4726 -7.11369 255 191 0
6.28207 6.86426 1.12428 255 191 0
12.2564 -24.7795 -12.441 255 191 0
13.4163 -12.3914 -11.2211 255 191 0
16.3274 15.0662 1.89849 255 191 0
5.69091 4.74483 -6.21208 255 191 0
21.5521 16.4766 1.50258 255 191 0
4.16846 8.66849 -3.38123 255 191 0
13.0512 25.8653 2.19331 255 191 0
8.27837 -15.4011 -3.70616 255 191 0
14.4588 12.8349 6.81318 255 191 0
17.2473 -17.6897 -10.7846 255 191 0
16.8328 52.8813 -9.99077 255 191 0
8.82851 14.1806 3.03333 255 191 0
8.66333 4.31468 -3.56959 255 191 0
17.5689 11.5783 3.26782 255 191 0
16.9125 3.89758 5.24473 255 191 0
8.95823 -20.3733 -11.1249 255 191 0
12.8746 28.7696 -3.58431 255 191 0
10.3232 0.777163 7.09671 255 191 0
4.37135 5.4738 -5.05229 255 191 0
10.8982 -28.8802 -10.4295 255 191 0
22.6318 30.9423 -4.57881 255 191 0
14.8033 -4.60379 8.68326 255 191 0
11.5788 -15.5901 -8.11535 255 191 0
10.5557 34.236 -5.37441 255 191 0
15.2421 39.1883 -5.86378 255 191 0
14.5624 46.6214 -4.7243 255 191 0
8.20544 -4.93745 5.92356 255 191 0
6.82522 3.17957 2.54708 255 191 0
7.31094 13.7648 -5.73697 255 191 0
12.5036 23.3872 -2.43729 255 191 0
13.1428 30.1688 -3.75959 255 191 0
17.4431 -26.676 -11.5782 255 191 0
19.5266 44.1732 -7.64335 255 191 0
8.9398 22.1175 -5.8974 255 191 0
11.5805 15.0775 -1.34256 255 191 0
10.7292 20.413 -3.55773 255 191 0
22.3697 16.2424 3.89499 255 191 0
4.2214 -8.86617 -1.3351 255 191 0
16.1775 -32.1627 -12.0417 255 191 0
6.50177 -10.1946 -11.5004 255 191 0
8.9985 21.791 -3.36662 255 191 0
9.74959 -12.5116 4.25053 255 191 0
13.539 29.35 1.01897 255 191 0
12.8797 34.6458 -0.606438 255 191 0
21.0316 50.9714 -7.05067 255 191 0
12.6919 21.0086 -1.69767 255 191 0
4.1019 -12.2783 -1.35063 255 191 0
8.79013 -16.5467 0.77834 255 191 0
6.08755 -22.6737 -3.32648 255 191 0
3.83581 -5.46532 -3.07041 255 191 0
16.9732 -29.4203 -12.4648 255 191 0
9.73521 -7.53835 1.49828 255 191 0
15.32 0.0854168 5.50569 255 191 0
11.0079 -12.7829 -12.709 255 191 0
9.64104 3.01331 6.03574 255 191 0
17.8021 25.7489 2.38204 255 191 0
12.3495 18.4248 4.91088 255 191 0
5.306 -2.8976 0.797841 255 191 0
12.5275 -24.7521 -6.94282 255 191 0
3.98513 -21.6308 -4.39561 255 191 0
23.1475 29.3919 -3.84329 255 191 0
16.0018 33.5245 -0.226301 255 191 0
9.09854 -19.1956 -11.5163 255 191 0
14.4379 21.2916 3.62091 255 191 0
19.8492 -1.36514 10.2818 255 191 0
8.33776 -8.45806 -5.02676 255 191 0
7.95571 -26.1511 -9.81282 255 191 0
20.1193 22.907 -0.533741 255 191 0
8.21787 17.2547 1.82267 255 191 0
17.3981 46.8543 -4.59347 255 191 0
20.9192 25.4351 -1.78415 255 191 0
3.78723 -4.623 -8.86833 255 191 0
22.1974 14.3852 2.03686 255 191 0
19.4107 27.4671 -1.96782 255 191 0
12.192 29.5273 -4.21531 255 191 0
13.235 -27.1242 -6.94416 255 191 0
11.9032 31.7111 -0.669157 255 191 0
11.1847 39.8907 -6.94715 255 191 0
7.84487 -26.3095 -7.8428 255 191 0
14.8518 17.5647 0.573489 255 191 0
3.72303 -15.8937 -7.36569 255 191 0
3.4506 -4.72871 -5.26131 255 191 0
19.149 -2.70821 7.72071 255 191 0
19.0397 48.5842 -5.38983 255 191 0
20.3664 47.5822 -9.33545 255 191 0
17.6527 32.5978 0.250089 255 191 0
18.1297 15.4989 5.56783 255 191 0
10.5749 28.7994 -2.17216 255 191 0
16.2803 -21.8116 -13.5485 255 191 0
10.3405 -3.31165 1.68278 255 191 0
11.8668 -30.4707 -9.52889 255 191 0
14.7167 20.1863 -0.182191 255 191 0
7.42408 -16.9857 0.422559 255 191 0
16.3118 0.497176 5.92282 255 191 0
21.4577 42.265 -7.96634 255 191 0
7.7314 -11.5681 -12.0419 255 191 0
9.96339 -18.8515 -12.2498 255 191 0
17.9647 38.1218 -1.57493 255 191 0
15.7802 20.2982 0.193423 255 191 0
18.6061 18.6371 1.22444 255 191 0
17.6077 -20.2887 -11.7724 255 191 0
10.7744 -7.24861 -9.35319 255 191 0
12.379 16.647 -0.929527 255 191 0
8.19345 -10.7743 -3.25592 255 191 0
13.0347 -1.63632 7.96844 255 191 0
20.6918 48.6778 -5.93952 255 191 0
3.45421 -11.1743 -6.47971 255 191 0
19.0289 7.6752 8.22064 255 191 0
22.1738 34.0911 -5.4422 255 191 0
15.4924 9.17949 3.2004 255 191 0
9.48228 10.4557 4.44983 255 191 0
13.1824 26.8665 -2.90652 255 191 0
9.78446 -20.0336 -11.9229 255 191 0
3.5444 -13.5688 -4.21153 255 191 0
3.8338 -18.4281 -1.91581 255 191 0
21.6389 28.4735 -3.08595 255 191 0
14.9514 22.2777 -0.681434 255 191 0
3.72762 -21.4069 -5.63943 255 191 0
12.47 50.8222 -7.56915 255 191 0
16.2085 16.8942 5.18108 255 191 0
13.6717 3.64364 7.6185 255 191 0
14.9237 14.3718 1.49417 255 191 0
7.45062 -8.4122 -11.1386 255 191 0
18.5412 7.45731 4.74921 255 191 0
6.07099 -24.5889 -4.65835 255 191 0
8.19485 4.46661 -5.09302 255 191 0
8.73591 21.2607 -4.31659 255 191 0
8.04717 -4.08169 -5.22692 255 191 0
13.7511 -4.66779 8.22097 255 191 0
10.2301 6.48047 -1.0595 255 191 0
16.2464 45.1579 -4.00982 255 191 0
14.9398 -32.3391 -8.08719 255 191 0
6.82488 12.1655 -5.57152 255 191 0
13.6231 53.9411 -7.48825 255 191 0
3.73807 -17.1862 -2.32837 255 191 0
14.5452 -0.72711 8.35078 255 191 0
20.7674 48.4733 -9.88921 255 191 0
10.9819 -28.3821 -7.36476 255 191 0
16.5801 29.5392 1.09816 255 191 0
9.2349 -12.1285 1.03225 255 191 0
13.8147 19.2176 -0.432205 255 191 0
6.32741 -13.5465 2.60064 255 191 0
10.5563 4.02506 6.70875 255 191 0
8.26046 15.3325 2.21803 255 191 0
16.2824 13.4473 2.35923 255 191 0
20.3465 17.3391 1.57446 255 191 0
11.2469 16.2767 -1.99999 255 191 0
14.3616 27.0418 -2.31495 255 191 0
11.2974 12.2783 5.67559 255 191 0
14.3662 -5.8085 8.1476 255 191 0
18.9768 11.0599 3.58811 255 191 0
14.0899 -33.9288 -8.31025 255 191 0
21.6987 32.7262 -0.382799 255 191 0
11.4083 8.6002 6.50693 255 191 0
5.28042 11.5253 -3.5492 255 191 0
9.62784 -24.236 -11.0233 255 191 0
10.3535 -16.4724 -6.83166 255 191 0
3.87584 5.07866 -3.80689 255 191 0
5.24903 15.2372 -2.04207 255 191 0
12.2806 -0.24848 2.96028 255 191 0
5.72567 -6.07769 2.12023 255 191 0
13.5398 9.0946 7.48641 255 191 0
11.841 30.5631 -0.353944 255 191 0
20.2013 -3.35235 9.27498 255 191 0
12.1214 50.6329 -8.92372 255 191 0
4.10047 -16.2146 -8.36199 255 191 0
22.9789 32.9507 -5.56725 255 191 0
5.06692 -22.7628 -8.27629 255 191 0
23.7256 40.7516 -4.47288 255 191 0
16.0748 18.1659 0.907979 255 191 0
19.5924 41.2001 -2.80374 255 191 0
3.53325 -17.7261 -4.89357 255 191 0
15.5174 12.6542 2.23954 255 191 0
17.7987 25.4712 -1.08932 255 191 0
14.091 24.9488 2.42131 255 191 0
11.3911 -8.38975 -9.68808 255 191 0
3.88967 -6.29162 -9.17712 255 191 0
22.5711 39.9137 -3.35098 255 191 0
14.3451 -29.0487 -7.43691 255 191 0
13.1917 -30.8909 -11.4022 255 191 0
11.2291 26.949 0.0325625 255 191 0
8.25781 0.644391 -4.25668 255 191 0
4.83711 -5.2586 -9.73537 255 191 0
23.085 47.2146 -9.71727 255 191 0
9.44997 9.65138 -3.02094 255 191 0
14.1429 29.6951 -3.16454 255 191 0
15.8119 -19.194 -9.512 255 191 0
14.3088 56.3823 -10.592 255 191 0
12.4017 -3.655 4.07547 255 191 0
21.4058 7.63606 6.31488 255 191 0
19.4768 9.92139 3.95131 255 191 0
9.89976 13.6701 -3.24273 255 191 0
13.2706 -32.6646 -8.13116 255 191 0
9.82429 26.9091 -4.02806 255 191 0
5.69482 -7.43302 2.29728 255 191 0
20.2403 -2.1742 9.24997 255 191 0
12.7153 45.1585 -7.98307 255 191 0
10.0515 10.1431 -2.05589 255 191 0
15.9636 -16.2391 -11.9914 255 191 0
14.0859 -12.7102 -10.3164 255 191 0
17.7403 -0.73235 9.8273 255 191 0
14.4065 55.6793 -8.48419 255 191 0
9.08296 7.89903 -3.38048 255 191 0
16.5675 -24.5804 -10.4964 255 191 0
6.94751 12.1971 1.19194 255 191 0
9.41863 -11.9389 -6.69228 255 191 0
3.91982 -8.92948 -2.42325 255 191 0
8.47153 -12.8584 -4.22618 255 191 0
8.03082 -10.2901 -11.95 255 191 0
13.303 42.656 -3.38076 255 191 0
13.2962 19.0208 4.36194 255 191 0
15.4761 38.5741 -1.94196 255 191 0
3.83605 3.11868 -6.06483 255 191 0
7.11289 -25.4142 -9.28082 255 191 0
14.5937 -22.7951 -8.55886 255 191 0
3.53409 -20.1905 -4.42629 255 191 0
22.311 48.4105 -6.67151 255 191 0
14.3642 -33.5757 -9.33803 255 191 0
10.7088 32.6847 -3.82509 255 191 0
21.0659 3.72633 6.85734 255 191 0
23.5431 45.1632 -6.17358 255 191 0
12.7942 36.3572 -1.16741 255 191 0
23.0271 49.2209 -7.5386 255 191 0
23.0925 35.6836 -6.6032 255 191 0
19.0635 3.75704 9.84466 255 191 0
24.1313 37.2712 -6.09931 255 191 0
15.9348 -24.2348 -8.77245 255 191 0
11.4188 -10.3812 -11.1544 255 191 0
18.0361 43.6805 -7.04192 255 191 0
16.4629 30.6595 0.733091 255 191 0
14.2137 10.4264 2.09605 255 191 0
11.9369 -9.46944 -10.1137 255 191 0
15.3969 -2.80564 6.16819 255 191 0
3.41758 -7.85327 -5.91844 255 191 0
10.98 -24.9012 -11.8802 255 191 0
6.03343 11.7099 -0.0783834 255 191 0
13.7708 45.1629 -7.78077 255 191 0
10.5059 30.3009 -2.94491 255 191 0
15.3982 -1.54417 8.5507 255 191 0
20.0632 24.4112 2.75942 255 191 0
3.80923 -2.61953 -3.40041 255 191 0
16.4893 25.84 -1.2797 255 191 0
22.9109 20.1126 1.16674 255 191 0
9.96778 5.34345 -1.26472 255 191 0
8.56576 -17.0682 -0.506684 255 191 0
11.4309 25.4071 1.21245 255 191 0
11.4206 30.6339 -5.12632 255 191 0
22.713 33.003 -0.89474 255 191 0
15.1441 42.5379 -3.27892 255 191 0
23.8913 27.4138 -2.25347 255 191 0
24.1693 38.0843 -4.47152 255 191 0
19.0581 2.23945 6.39955 255 191 0
14.2669 -32.6152 -10.4275 255 191 0
21.6109 8.37199 5.38203 255 191 0
9.57076 -25.171 -4.6168 255 191 0
8.31288 -12.6486 -12.2715 255 191 0
18.7529 -1.83871 10.3568 255 191 0
5.34526 6.06564 -0.379542 255 191 0
4.26855 -21.7633 -7.11959 255 191 0
14.442 -29.0986 -12.4139 255 191 0
8.88336 12.3472 -4.79407 255 191 0
16.4833 5.74485 4.53115 255 191 0
14.0078 49.1156 -8.89489 255 191 0
12.1311 -20.7486 -12.9749 255 191 0
9.09815 -4.34032 6.54498 255 191 0
7.26835 -16.5324 -10.8274 255 191 0
8.52376 17.501 -5.62305 255 191 0
3.54423 -5.72381 -4.6026 255 191 0
13.4858 31.8714 -4.10231 255 191 0
14.4156 -2.41435 5.50307 255 191 0
16.5095 -18.2389 -13.2329 255 191 0
10.5049 -1.85416 1.46021 255 191 0
9.04817 23.4798 -4.27816 255 191 0
12.9751 -19.8009 -13.3477 255 191 0
21.9083 26.9389 1.49912 255 191 0
7.91088 8.12426 -6.67813 255 191 0
8.65302 1.60171 -3.08244 255 191 0
15.6783 44.0505 -3.68469 255 191 0
13.0691 49.1383 -5.84934 255 191 0
22.7335 18.3269 1.81955 255 191 0
6.43259 -13.9092 -10.987 255 191 0
9.89566 -8.37623 6.16347 255 191 0
5.83536 -25.2718 -7.51828 255 191 0
12.8047 13.3751 6.43083 255 191 0
21.5938 15.3252 1.79432 255 191 0
8.55644 -26.9786 -8.45447 255 191 0
17.4737 55.1733 -8.2483 255 191 0
14.1557 41.755 -3.23767 255 191 0
11.5529 36.1066 -6.34115 255 191 0
21.6586 31.6363 0.00777287 255 191 0
14.5607 21.2811 -0.571422 255 191 0
13.5186 -6.14895 5.68645 255 191 0
14.5462 48.5244 -5.34707 255 191 0
5.65753 12.4339 -0.824469 255 191 0
19.5571 13.5233 2.86275 255 191 0
9.64101 4.12098 -1.53544 255 191 0
17.9131 41.1063 -6.1439 255 191 0
4.15983 -13.2945 -0.969688 255 191 0
13.7409 1.38827 4.00405 255 191 0
11.9988 42.0437 -4.52889 255 191 0
18.6628 38.8447 -5.54345 255 191 0
6.24442 3.73379 1.5682 255 191 0
6.52604 19.1489 -1.21988 255 191 0
6.16481 15.4308 -0.477864 255 191 0
19.4291 29.7784 1.09872 255 191 0
24.0639 38.4196 -5.66513 255 191 0
6.07052 -2.06108 2.1633 255 191 0
10.2086 18.123 -3.58176 255 191 0
13.3825 33.9739 -4.73433 255 191 0
19.5504 50.6919 -6.33389 255 191 0
6.62673 8.11947 -6.27046 255 191 0
13.9462 22.2566 -1.18411 255 191 0
13.1998 17.0641 -0.332644 255 191 0
15.0278 23.2498 2.75212 255 191 0
7.53991 15.108 -5.51438 255 191 0
16.3837 34.6123 -4.24727 255 191 0
8.33566 -3.9988 -6.93232 255 191 0
4.16807 -23.7326 -6.44692 255 191 0
3.83419 -2.861 -6.59371 255 191 0
10.4083 -9.82553 -8.37352 255 191 0
11.9605 2.48963 7.34175 255 191 0
15.1425 -15.4531 -10.1964 255 191 0
8.21187 2.95878 4.46144 255 191 0
11.3641 31.9518 -5.45355 255 191 0
21.2712 5.15605 5.55994 255 191 0
16.3813 -27.0722 -9.92834 255 191 0
8.6861 -14.5753 -0.559039 255 191 0
8.23043 -18.1469 -2.87966 255 191 0
11.3438 3.9703 0.895781 255 191 0
18.0478 -31.7751 -11.8367 255 191 0
8.18008 6.4691 -5.43109 255 191 0
6.2905 5.25743 1.40048 255 191 0
11.4053 5.12664 0.676248 255 191 0
9.58999 -7.6605 -8.0252 255 191 0
21.9827 24.2628 -1.8433 255 191 0
6.78702 14.7439 -3.63043 255 191 0
4.62731 8.9594 -2.30154 255 191 0
7.15478 2.60312 -7.49339 255 191 0
22.3652 26.4376 -2.59069 255 191 0
15.6255 -3.78416 6.54233 255 191 0
8.2868 7.68072 -5.30839 255 191 0
11.7667 21.3396 -2.62526 255 191 0
19.4613 10.0769 7.26629 255 191 0
3.62162 -6.72159 -4.05032 255 191 0
8.76851 -27.0378 -9.54482 255 191 0
5.7033 -8.5616 2.48633 255 191 0
17.756 5.31686 9.03096 255 191 0
18.1576 -6.13598 8.65524 255 191 0
19.8906 49.3771 -5.92827 255 191 0
19.37 39.7082 -6.00044 255 191 0
10.4215 10.1309 5.39591 255 191 0
3.49784 -9.89667 -4.99448 255 191 0
4.15233 -16.2638 -0.504223 255 191 0
13.1998 52.3649 -9.85279 255 191 0
9.67753 -1.94449 6.7005 255 191 0
23.0602 31.8138 -5.15688 255 191 0
8.68758 -13.2302 -0.480735 255 191 0
15.7666 48.7455 -5.28679 255 191 0
14.1116 56.0233 -9.57319 255 191 0
9.72932 -0.671097 -0.311814 255 191 0
20.8982 4.38221 7.81346 255 191 0
6.46322 16.9149 -0.293476 255 191 0
17.3196 36.9799 -1.19255 255 191 0
10.8538 -12.3067 -8.16098 255 191 0
16.0538 -32.831 -10.6829 255 191 0
12.8118 50.1128 -6.63879 255 191 0
17.2544 -22.2365 -13.5013 255 191 0
20.6557 38.3182 -2.01073 255 191 0
6.98903 10.2181 1.55838 255 191 0
14.4153 -21.6125 -8.70535 255 191 0
8.74445 -1.33885 -2.0046 255 191 0
15.3256 -17.1019 -9.92884 255 191 0
22.6676 18.4824 0.766423 255 191 0
8.48684 -5.57461 -6.85574 255 191 0
11.4682 -22.3828 -6.75442 255 191 0
11.6157 -19.953 -7.23079 255 191 0
13.7075 51.4233 -6.38641 255 191 0
17.0728 28.2379 -2.00564 255 191 0
17.8276 -29.101 -11.4791 255 191 0
11.2882 -0.693175 2.10892 255 191 0
11.0437 -11.6172 -12.0173 255 191 0
13.3034 11.0288 7.19741 255 191 0
6.60424 13.2303 0.560408 255 191 0
16.4871 -23.5241 -9.54842 255 191 0
17.4318 44.7493 -3.84369 255 191 0
18.971 51.1154 -9.98661 255 191 0
13.9819 16.7687 5.22039 255 191 0
9.39328 -9.88259 -11.8403 255 191 0
18.9408 22.4703 3.46364 255 191 0
20.3981 0.175603 8.94287 255 191 0
22.4494 44.105 -4.96926 255 191 0
20.6711 49.9862 -6.46017 255 191 0
3.43075 -6.78357 -5.56502 255 191 0
15.6624 49.9987 -8.99076 255 191 0
20.694 1.01881 8.00192 255 191 0
3.41806 -8.76207 -6.86548 255 191 0
12.2823 19.6554 4.46891 255 191 0
22.0511 32.1415 -4.66298 255 191 0
16.7353 -17.1863 -12.2315 255 191 0
11.0842 37.5155 -4.66105 255 191 0
11.0815 -10.3022 4.12599 255 191 0
5.06997 -12.9701 -10.4458 255 191 0
5.39401 -16.8656 -9.84301 255 191 0
10.9422 -13.8755 -7.88861 255 191 0
9.30751 15.455 3.26229 255 191 0
11.8496 17.435 4.87882 255 191 0
6.75654 -21.939 -9.61348 255 191 0
19.5574 47.5579 -5.12632 255 191 0
5.972 -2.12573 -8.39245 255 191 0
7.31596 15.7005 1.061 255 191 0
10.7916 10.3431 -1.12828 255 191 0
14.6149 -31.5923 -11.8749 255 191 0
4.2392 -2.09812 -1.9797 255 191 0
16.2825 43.0603 -3.29078 255 191 0
17.089 -19.8714 -10.7728 255 191 0
18.9604 18.7548 4.64947 255 191 0
15.3244 -31.078 -8.39374 255 191 0
13.5092 -24.5943 -12.7886 255 191 0
8.57733 -3.35016 6.085 255 191 0
12.3664 46.6578 -5.85999 255 191 0
13.7243 17.9341 4.77804 255 191 0
11.3313 35.0159 -3.05189 255 191 0
14.5541 -31.4625 -7.45231 255 191 0
10.1791 -25.5916 -11.2815 255 191 0
9.97407 5.32813 5.91677 255 191 0
14.8013 18.4464 4.59346 255 191 0
11.3171 18.2876 4.3152 255 191 0
10.9312 -5.91574 7.13544 255 191 0
10.0212 -27.7242 -10.8193 255 191 0
7.97891 -23.8051 -2.79468 255 191 0
17.0016 -18.9711 -10.1746 255 191 0
10.5538 23.7764 0.209919 255 191 0
18.7617 1.15515 10.1005 255 191 0
9.12758 6.75736 -3.07456 255 191 0
15.3802 55.6594 -7.65451 255 191 0
22.4574 17.5412 3.9961 255 191 0
16.1471 41.8304 -6.53895 255 191 0
14.9335 20.313 3.90422 255 191 0
11.6904 -2.74052 3.18795 255 191 0
6.05184 -21.6097 -3.08029 255 191 0
12.9961 41.5864 -7.00709 255 191 0
12.2824 -12.1736 -12.0644 255 191 0
9.37136 22.3517 1.84561 255 191 0
17.7504 50.7848 -9.4553 255 191 0
21.6193 36.0412 -1.51734 255 191 0
19.7566 2.09315 10.1316 255 191 0
13.3312 -18.0473 -13.7213 255 191 0
19.8521 21.5299 3.70338 255 191 0
18.4981 -24.4081 -13.0389 255 191 0
13.7418 -5.04978 5.61064 255 191 0
17.7202 17.1522 5.03183 255 191 0
18.1842 0.97085 6.50945 255 191 0
11.0046 5.4629 6.82688 255 191 0
17.6601 -28.0329 -11.5788 255 191 0
21.1592 32.539 -4.33709 255 191 0
8.31717 -13.9495 -3.0816 255 191 0
14.1636 34.6133 -0.977722 255 191 0
10.2597 31.1279 -5.03121 255 191 0
7.63904 -7.82763 5.69138 255 191 0
11.535 0.280526 7.49332 255 191 0
6.52209 11.035 0.790703 255 191 0
14.6934 -26.4529 -12.7493 255 191 0
6.4481 -14.3665 1.92403 255 191 0
15.7088 -5.71832 8.59277 255 191 0
12.8779 -18.0817 -8.40388 255 191 0
3.54105 -16.7741 -5.6981 255 191 0
11.5235 43.5885 -7.7765 255 191 0
8.70325 19.0047 -4.63822 255 191 0
8.35377 -17.5759 -1.55575 255 191 0
17.1596 -30.7465 -12.2905 255 191 0
8.35943 -3.88448 -2.59591 255 191 0
8.87444 -4.71851 -7.70197 255 191 0
17.3706 -18.2099 -12.5085 255 191 0
11.9364 9.29613 0.392997 255 191 0
19.9956 -4.9451 9.69595 255 191 0
10.7476 33.1828 -6.26853 255 191 0
19.0689 53.0161 -8.81609 255 191 0
15.8123 2.68542 5.04894 255 191 0
23.5746 38.9886 -8.02317 255 191 0
13.2488 -28.3443 -6.78743 255 191 0
9.65054 7.51297 -2.21738 255 191 0
18.8005 36.6733 -4.85351 255 191 0
3.57233 -10.7341 -4.17703 255 191 0
10.2567 3.63248 -0.368665 255 191 0
8.10968 -3.26797 -6.10039 255 191 0
12.8658 -23.4188 -12.794 255 191 0
16.1075 1.56971 5.47569 255 191 0
8.17107 -2.39026 -7.24803 255 191 0
8.30313 -24.4263 -4.02789 255 191 0
17.4573 -0.0511793 6.53618 255 191 0
8.98069 10.5292 -4.16998 255 191 0
20.7293 9.90886 7.52151 255 191 0
23.9122 38.6174 -6.76331 255 191 0
10.6283 -8.70946 -8.80073 255 191 0
11.7652 -7.70914 4.53719 255 191 0
14.925 15.5305 1.1678 255 191 0
18.5905 42.2115 -6.62725 255 191 0
23.1566 22.0334 0.934507 255 191 0
18.5581 30.6159 0.890382 255 191 0
8.06278 -6.62052 6.02551 255 191 0
11.7115 0.499131 2.19258 255 191 0
5.25014 -11.9965 2.00565 255 191 0
9.14625 13.6777 -4.49896 255 191 0
16.1755 56.1504 -10.2946 255 191 0
4.50121 -7.51533 -9.79878 255 191 0
18.0728 29.8259 -2.56645 255 191 0
11.0043 -27.8521 -11.5116 255 191 0
7.83475 -23.2693 -10.0718 255 191 0
7.11859 -1.82565 3.86479 255 191 0
20.9245 8.7613 7.85998 255 191 0
19.2777 28.6086 1.49238 255 191 0
11.1836 33.0403 -2.53109 255 191 0
13.0068 -23.2654 -7.59126 255 191 0
23.5869 47.9763 -8.95635 255 191 0
12.6635 4.67374 7.32858 255 191 0
16.7575 38.4057 -5.38772 255 191 0
22.9823 24.3259 1.95902 255 191 0
10.9305 -29.3178 -8.77418 255 191 0
9.44952 -27.1587 -7.36378 255 191 0
7.76693 3.99139 -7.25599 255 191 0
8.51145 -2.95194 -8.90127 255 191 0
18.6416 44.8336 -3.95017 255 191 0
12.2089 -3.05131 7.59231 255 191 0
10.0003 27.7482 -5.99499 255 191 0
6.92995 -8.31497 4.67534 255 191 0
21.5333 46.7985 -9.49853 255 191 0
9.41422 12.7286 -3.79669 255 191 0
3.90661 -15.79 -1.63313 255 191 0
17.0779 -32.6799 -11.7969 255 191 0
23.5339 30.6285 -0.483531 255 191 0
5.72298 7.34975 -5.53049 255 191 0
14.1679 45.2138 -4.3559 255 191 0
8.90663 -9.90954 0.155895 255 191 0
8.69255 -3.59284 -1.50165 255 191 0
8.91682 -12.7113 -5.52331 255 191 0
16.1803 -31.7515 -10.2272 255 191 0
15.5969 -1.50422 6.05308 255 191 0
9.5449 6.06902 -2.08445 255 191 0
7.86735 -3.16019 5.14839 255 191 0
12.5286 -7.23898 5.1581 255 191 0
12.2729 32.8758 -0.413902 255 191 0
17.7472 29.7223 1.14788 255 191 0
6.47721 -20.46 -9.63991 255 191 0
3.65256 1.22943 -4.32339 255 191 0
18.2584 51.4636 -6.32274 255 191 0
14.5724 -20.3834 -13.583 255 191 0
12.3703 -31.3241 -9.23509 255 191 0
23.0998 35.7955 -2.09595 255 191 0
14.7298 28.347 1.0875 255 191 0
20.2411 35.0662 -0.796221 255 191 0
3.97262 -1.18808 -6.9171 255 191 0
21.2016 41.7716 -3.44714 255 191 0
14.9479 5.92924 7.69318 255 191 0
8.10672 1.39018 -5.17957 255 191 0
10.8961 36.5352 -4.99127 255 191 0
7.41785 -18.7599 -0.716962 255 191 0
17.1795 1.28957 6.04317 255 191 0
9.90261 -2.50776 0.658896 255 191 0
18.1547 13.7559 2.66641 255 191 0
12.3729 29.3144 0.9977 255 191 0
6.69826 1.41784 -7.54537 255 191 0
6.19169 -19.373 -9.72175 255 191 0
16.0654 -15.4491 -10.965 255 191 0
16.1259 28.5323 1.33233 255 191 0
9.69014 14.172 3.87974 255 191 0
15.3656 -7.14959 7.98066 255 191 0
10.8235 -23.6545 -11.9778 255 191 0
6.01845 0.324725 -7.46002 255 191 0
17.4665 50.4607 -5.87449 255 191 0
13.7607 38.3855 -2.05179 255 191 0
9.30009 -17.284 -5.55875 255 191 0
24.1497 30.7857 -4.94287 255 191 0
8.66582 -23.1321 -3.73523 255 191 0
18.2112 48.0311 -5.05543 255 191 0
10.8242 -12.2433 4.25234 255 191 0
13.998 43.9676 -3.99271 255 191 0
18.4403 34.905 -4.26629 255 191 0
11.5107 23.902 -3.46432 255 191 0
19.5291 -2.76781 10.4948 255 191 0
3.63481 -2.23524 -5.60662 255 191 0
12.9958 -16.5328 -8.80355 255 191 0
17.0472 26.7688 -1.52881 255 191 0
18.8479 33.3405 -0.013499 255 191 0
18.1426 35.2055 -0.604324 255 191 0
23.111 24.5272 -2.36318 255 191 0
3.6525 -19.3239 -5.89043 255 191 0
20.8625 16.7787 5.24107 255 191 0
23.7491 26.2019 -1.95497 255 191 0
19.0564 5.90036 5.30699 255 191 0
10.8844 23.9113 2.74992 255 191 0
24.3669 31.9217 -2.78535 255 191 0
23.9066 39.4516 -4.06923 255 191 0
5.82111 2.61108 1.01369 255 191 0
13.0785 48.1529 -5.48362 255 191 0
4.16364 7.14441 -3.22213 255 191 0
15.1898 4.25629 4.29643 255 191 0
8.78796 -17.5247 -4.67248 255 191 0
8.92384 -10.9962 -5.78025 255 191 0
14.6518 29.3457 0.787588 255 191 0
5.19677 7.08311 -0.803082 255 191 0
18.0046 49.6503 -9.09111 255 191 0
11.4318 28.3767 -0.209804 255 191 0
15.5221 46.1616 -7.81966 255 191 0
9.73393 25.6224 -5.95403 255 191 0
16.1191 -28.2768 -12.6144 255 191 0
18.5703 -23.2706 -12.8453 255 191 0
3.57011 4.64354 -4.95102 255 191 0
22.422 17.4565 0.92621 255 191 0
23.0021 28.3037 0.607384 255 191 0
12.452 -13.0474 -9.29025 255 191 0
21.4967 47.7533 -5.93283 255 191 0
4.97238 13.8462 -2.35771 255 191 0
9.78983 9.20855 4.9907 255 191 0
17.2908 18.7445 0.990172 255 191 0
20.8428 35.8735 -5.32108 255 191 0
6.9954 4.89721 -7.04193 255 191 0
16.138 4.67093 4.63647 255 191 0
15.4571 -16.9507 -13.2418 255 191 0
19.0836 14.6187 2.54497 255 191 0
5.47562 -4.86546 1.41628 255 191 0
15.2132 -26.7734 -8.16804 255 191 0
16.9186 7.82466 4.12657 255 191 0
12.842 14.8524 6.08944 255 191 0
6.95035 14.4337 -4.63499 255 191 0
16.0199 5.57669 8.23201 255 191 0
24.421 33.6322 -3.14503 255 191 0
24.2037 37.056 -5.00639 255 191 0
13.0495 46.4301 -8.18738 255 191 0
11.3058 -18.7134 -7.20596 255 191 0
16.7641 -29.0694 -10.6279 255 191 0
22.5817 48.662 -9.15103 255 191 0
9.4292 20.0597 2.43786 255 191 0
11.2035 39.8174 -5.64618 255 191 0
15.6665 12.9924 6.81059 255 191 0
23.2718 26.6051 1.05047 255 191 0
13.9056 -27.2176 -12.5462 255 191 0
4.62111 9.66216 -3.85953 255 191 0
6.44231 -3.99071 3.14178 255 191 0
16.5523 1.52844 8.99541 255 191 0
6.13735 3.34811 -6.92008 255 191 0
11.5534 -13.1789 -8.54624 255 191 0
8.7239 -4.28249 -9.38826 255 191 0
10.5735 -8.75164 3.1811 255 191 0
11.7887 46.3172 -7.63318 255 191 0
14.5809 25.5773 -1.80338 255 191 0
11.7283 -23.0799 -12.4853 255 191 0
17.0182 23.8609 2.89374 255 191 0
6.28305 -5.305 3.05621 255 191 0
22.2027 16.6754 4.91657 255 191 0
21.1629 21.2937 3.56081 255 191 0
9.9985 22.6881 0.301494 255 191 0
4.06528 -19.1067 -7.41313 255 191 0
9.66828 -26.5979 -10.764 255 191 0
13.9713 15.6914 5.62708 255 191 0
21.5906 40.8517 -7.53045 255 191 0
15.9769 -23.9223 -13.2056 255 191 0
17.2002 -19.5141 -13.5082 255 191 0
14.971 11.5297 2.26711 255 191 0
10.3162 25.2801 -1.24894 255 191 0
15.9552 36.9163 -4.98387 255 191 0
6.76655 7.01385 -6.55459 255 191 0
18.3593 12.5982 3.09162 255 191 0
23.8478 47.2494 -8.03349 255 191 0
7.48664 7.32329 2.77663 255 191 0
9.48456 22.4107 -0.90842 255 191 0
19.4052 26.1115 2.27334 255 191 0
16.2621 46.5236 -4.4852 255 191 0
20.4957 -3.24142 8.00137 255 191 0
12.5519 53.2664 -9.03782 255 191 0
11.9784 48.5024 -8.4625 255 191 0
8.34764 -12.5263 -2.32665 255 191 0
11.0964 16.2478 4.63139 255 191 0
14.2387 16.7286 0.475778 255 191 0
9.90388 -23.9119 -4.9009 255 191 0
12.3676 51.6339 -8.63641 255 191 0
7.9937 -10.0743 4.91582 255 191 0
8.19734 -7.45034 -2.38858 255 191 0
13.9569 -33.2164 -7.46379 255 191 0
10.1476 15.1239 4.11944 255 191 0
19.6407 15.304 5.68887 255 191 0
16.0562 -26.0952 -12.9027 255 191 0
22.463 34.7371 -1.38411 255 191 0
23.5134 24.5921 -0.298402 255 191 0
7.81594 -0.332854 4.5766 255 191 0
4.41057 -0.78774 -1.65555 255 191 0
14.1657 37.3553 -5.38872 255 191 0
10.6848 21.6039 3.11198 255 191 0
10.7897 7.6473 6.20027 255 191 0
6.04974 11.1961 -4.6053 255 191 0
4.75189 1.22413 -1.01526 255 191 0
10.2713 26.7755 -2.28113 255 191 0
4.33846 1.62006 -2.11872 255 191 0
4.73586 6.67436 -4.90427 255 191 0
10.9218 -8.10626 6.57004 255 191 0
19.9855 38.6019 -5.90332 255 191 0
16.8328 2.69902 5.51668 255 191 0
4.77574 2.41338 -1.11007 255 191 0
16.1386 -6.03129 7.39925 255 191 0
9.87144 -11.5729 2.35748 255 191 0
13.9713 13.9317 6.47368 255 191 0
24.4576 34.2671 -4.72568 255 191 0
8.92116 -9.01476 -11.4883 255 191 0
9.74386 7.84092 5.20094 255 191 0
3.70318 -14.2404 -7.59691 255 191 0
20.5506 14.4682 2.32564 255 191 0
5.39868 8.71659 -0.714876 255 191 0
7.62618 -21.1493 -10.2186 255 191 0
19.9121 33.3022 -4.0972 255 191 0
4.78097 -11.8722 -10.4672 255 191 0
17.4887 -4.38858 9.18333 255 191 0
14.0969 -27.8181 -7.43655 255 191 0
18.0899 -21.3885 -12.4489 255 191 0
20.8677 14.7456 5.95344 255 191 0
16.3813 -3.76442 8.99125 255 191 0
4.79665 -9.93424 -10.7381 255 191 0
9.74983 21.8451 -5.1426 255 191 0
10.3811 16.3785 -2.98211 255 191 0
18.5703 19.944 4.27074 255 191 0
4.72036 10.0751 -2.25391 255 191 0
10.688 24.2953 1.78778 255 191 0
24.3713 32.0541 -4.70165 255 191 0
7.03213 4.45892 2.62802 255 191 0
11.1086 22.8969 -3.72924 255 191 0
3.46914 -11.0429 -5.28583 255 191 0
20.8377 26.4944 -2.12096 255 191 0
12.1426 43.7821 -5.16927 255 191 0
14.551 48.1988 -8.59783 255 191 0
21.5261 39.5076 -2.71547 255 191 0
17.1109 42.7455 -6.65763 255 191 0
10.6278 -23.8974 -5.71123 255 191 0
18.5138 -25.4574 -12.508 255 191 0
10.3455 32.4957 -5.42163 255 191 0
20.147 44.2643 -4.04474 255 191 0
4.30585 -5.92878 -1.36895 255 191 0
7.60573 17.6747 1.05932 255 191 0
7.98942 -25.4719 -5.85561 255 191 0
17.9834 6.11814 5.05873 255 191 0
17.5779 6.99766 4.69388 255 191 0
12.8981 -3.68279 7.97163 255 191 0
15.3685 -29.6786 -8.23241 255 191 0
21.9011 37.6694 -6.57067 255 191 0
23.9493 31.9843 -1.21115 255 191 0
4.46042 0.394527 -1.67429 255 191 0
9.15666 20.0791 -5.30824 255 191 0
11.624 -29.3116 -7.56267 255 191 0
9.76717 -20.9653 -5.36521 255 191 0
8.47362 5.29853 -4.3822 255 191 0
13.3493 -13.8524 -12.6181 255 191 0
4.85218 -9.30786 0.558014 255 191 0
23.0097 20.9916 0.314015 255 191 0
13.1203 -15.3172 -9.073 255 191 0
8.47033 6.83394 4.03548 255 191 0
12.5144 22.2294 -2.13342 255 191 0
15.7773 27.4854 1.59045 255 191 0
3.45519 -6.80609 -8.10002 255 191 0
3.79561 -12.628 -8.42196 255 191 0
14.1163 13.3887 1.27766 255 191 0
5.36773 -24.8397 -6.55409 255 191 0
21.8719 28.6984 0.926175 255 191 0
3.6665 -12.709 -3.35043 255 191 0
5.11673 -1.6748 0.217625 255 191 0
16.9496 -20.989 -10.4465 255 191 0
17.5651 41.9552 -2.86104 255 191 0
12.0183 11.4203 -0.0280115 255 191 0
6.05892 6.00943 -6.24603 255 191 0
22.0815 18.4748 4.91415 255 191 0
18.0994 46.1095 -7.87427 255 191 0
3.50471 -14.8289 -5.54212 255 191 0
13.2134 -12.2041 -9.82673 255 191 0
15.0133 23.7872 -1.12416 255 191 0
10.89 25.8513 -0.223599 255 191 0
16.7351 40.1451 -2.28228 255 191 0
17.3963 19.4116 4.33294 255 191 0
16.3381 9.33624 7.85267 255 191 0
24.344 31.3673 -3.72795 255 191 0
5.86167 5.72813 0.605763 255 191 0
4.75176 6.59173 -1.68651 255 191 0
4.9016 -22.831 -4.40015 255 191 0
20.0586 3.21656 9.68654 255 191 0
20.9699 51.3694 -8.33433 255 191 0
9.52392 4.28938 5.6737 255 191 0
13.6427 -2.13463 4.86564 255 191 0
16.5516 49.6477 -5.57473 255 191 0
21.6977 9.47999 5.5367 255 191 0
20.4431 -1.00256 8.65444 255 191 0
12.1311 -10.5124 -9.63619 255 191 0
8.06618 1.61136 4.53414 255 191 0
8.39838 -1.29167 -8.2473 255 191 0
3.50534 -15.951 -4.92031 255 191 0
19.1279 22.5771 -0.236033 255 191 0
16.7116 4.53904 8.6676 255 191 0
8.12187 -1.46796 -4.68089 255 191 0
16.4539 54.7968 -7.34954 255 191 0
17.261 15.8938 1.89168 255 191 0
15.1306 49.826 -5.70742 255 191 0
10.3223 12.941 4.73638 255 191 0
10.2066 -5.91217 -9.10027 255 191 0
15.7649 19.264 4.20451 255 191 0
16.4695 32.6872 -3.55249 255 191 0
15.7359 27.7097 -2.03663 255 191 0
13.2098 -7.61949 6.15028 255 191 0
21.375 21.2069 -0.160336 255 191 0
8.73945 9.5445 -4.52612 255 191 0
7.1014 19.8772 -0.5254 255 191 0
11.3129 -26.6322 -11.8307 255 191 0
24.4048 35.1565 -5.65085 255 191 0
21.6357 11.7004 6.35022 255 191 0
21.9237 25.539 -2.269 255 191 0
5.44321 -14.9661 -10.2379 255 191 0
22.037 29.5268 -3.41377 255 191 0
8.92869 -7.27145 -7.02111 255 191 0
16.8805 51.5192 -9.54067 255 191 0
9.80578 -14.1965 -6.63644 255 191 0
8.7344 -8.85074 -0.463789 255 191 0
17.7963 24.783 2.68307 255 191 0
10.6834 -1.51987 7.06635 255 191 0
11.7362 -10.7768 5.13499 255 191 0
19.5204 26.2897 -1.61945 255 191 0
15.4138 35.1794 -4.47437 255 191 0
20.1428 40.3293 -2.61084 255 191 0
15.7407 24.7599 -1.20185 255 191 0
18.7941 33.7641 -3.94454 255 191 0
9.12628 -6.83129 6.27294 255 191 0
17.7194 -20.9836 -13.7093 255 191 0
19.8132 45.6828 -4.47519 255 191 0
18.1101 40.0055 -2.21807 255 191 0
13.0123 -8.16491 7.2438 255 191 0
12.8969 43.5796 -3.73963 255 191 0
15.1078 -6.38066 6.97685 255 191 0
11.9497 11.648 6.27031 255 191 0
7.83608 16.5395 -5.21953 255 191 0
21.3226 13.7203 2.41547 255 191 0
16.7794 -5.88269 8.78871 255 191 0
10.2852 17.9304 3.61689 255 191 0
10.9489 37.9272 -5.68864 255 191 0
17.2056 46.7095 -7.95352 255 191 0
10.1581 15.2001 -3.11024 255 191 0
19.0418 34.6942 -0.483996 255 191 0
16.6344 -30.7394 -10.3142 255 191 0
10.8615 17.3094 -2.68005 255 191 0
4.90674 -19.2398 -1.87165 255 191 0
9.16757 -8.4811 -7.19897 255 191 0
13.2338 3.1755 3.12921 255 191 0
17.4663 8.10074 8.21008 255 191 0
18.5708 -26.4936 -12.6975 255 191 0
18.5905 2.73158 9.82601 255 191 0
3.34843 -4.82646 -6.55998 255 191 0
3.50603 -12.6424 -4.72236 255 191 0
17.3775 48.6644 -5.23639 255 191 0
12.4454 -8.40613 5.3967 255 191 0
7.68096 11.6979 -6.46997 255 191 0
9.9128 28.1607 -4.5911 255 191 0
11.372 8.15086 0.00413686 255 191 0
9.70961 3.10165 -1.21833 255 191 0
14.5224 39.1824 -2.34426 255 191 0
16.0187 47.7133 -8.24853 255 191 0
14.1334 -30.1783 -7.16361 255 191 0
10.9597 -2.80314 7.2189 255 191 0
23.5004 43.7382 -5.53135 255 191 0
14.943 40.261 -6.22614 255 191 0
18.9961 25.0048 2.64959 255 191 0
17.8573 54.4085 -8.95026 255 191 0
14.5492 -2.11771 8.44919 255 191 0
13.1554 -7.06464 7.58834 255 191 0
8.06498 -7.27308 -4.66494 255 191 0
24.3711 33.0328 -5.29639 255 191 0
16.7521 -25.0331 -13.0636 255 191 0
20.772 33.6356 -0.43299 255 191 0
18.9338 25.2454 -1.16677 255 191 0
9.80599 -10.5636 2.09566 255 191 0
21.7836 22.8488 2.89155 255 191 0
12.3824 28.2209 1.39773 255 191 0
22.5182 30.794 -0.0248409 255 191 0
12.3423 -30.1359 -7.41114 255 191 0
6.19484 8.30229 0.745987 255 191 0
11.3853 -10.9801 -8.8885 255 191 0
15.4632 36.7988 -1.38222 255 191 0
15.5636 -20.5466 -9.18544 255 191 0
12.2582 -29.9847 -11.5517 255 191 0
4.3851 -17.3444 -0.81461 255 191 0
21.8237 24.3901 2.37465 255 191 0
9.39634 11.5623 -3.55206 255 191 0
20.7917 43.1313 -3.82293 255 191 0
12.7746 36.0211 -5.58004 255 191 0
12.0516 -19.3251 -13.1544 255 191 0
3.58123 -17.5438 -3.46958 255 191 0
14.3488 35.8153 -1.30843 255 191 0
8.30959 15.9501 -6.10504 255 191 0
21.7933 50.4407 -7.89284 255 191 0
16.7311 11.7273 7.17977 255 191 0
17.8256 39.6384 -5.70194 255 191 0
8.94513 -21.5445 -4.39235 255 191 0
12.024 10.5732 6.55903 255 191 0
3.71301 -10.6527 -8.64358 255 191 0
18.2347 -3.70423 7.77753 255 191 0
5.45454 -20.6194 -9.0779 255 191 0
19.4596 35.8596 -4.77901 255 191 0
23.1851 43.5646 -9.26649 255 191 0
20.9789 25.3235 2.29605 255 191 0
7.69271 10.3444 2.475 255 191 0
5.31248 -13.7537 2.13373 255 191 0
9.63342 26.8066 -5.83345 255 191 0
7.18866 16.0984 -2.78797 255 191 0
23.6363 33.8325 -1.71524 255 191 0
8.12138 -9.55161 -3.50763 255 191 0
4.20124 5.88813 -2.95675 255 191 0
16.4206 31.7865 0.385994 255 191 0
6.5094 13.5846 -3.84479 255 191 0
17.2994 -28.3447 -12.5855 255 191 0
9.48823 -5.74129 -8.29119 255 191 0
23.6012 45.2151 -8.39503 255 191 0
14.9044 36.3315 -4.89771 255 191 0
4.42791 -14.7003 0.181458 255 191 0
8.54008 19.3146 1.7372 255 191 0
4.93938 -20.167 -2.69527 255 191 0
21.6595 49.8784 -9.14545 255 191 0
8.83291 3.49597 5.08564 255 191 0
23.8727 46.1405 -7.49404 255 191 0
7.07364 10.1263 -6.28198 255 191 0
8.29109 -12.1292 -3.31911 255 191 0
20.7304 5.63365 8.35873 255 191 0
9.53691 8.58213 -2.57876 255 191 0
8.01358 -4.94419 -9.91215 255 191 0
6.74028 -11.2613 4.10653 255 191 0
7.85581 14.3792 1.92293 255 191 0
12.0642 12.9892 -0.352418 255 191 0
23.9858 39.7539 -5.22303 255 191 0
8.43096 -13.2893 -1.54974 255 191 0
8.44089 -11.1865 -1.34817 255 191 0
8.67152 20.8992 -2.61206 255 191 0
16.5555 -1.31262 6.51965 255 191 0
11.7407 39.4215 -3.68523 255 191 0
23.3161 41.7048 -8.48495 255 191 0
10.9199 29.8522 -1.77644 255 191 0
20.8555 1.81868 7.29842 255 191 0
7.86684 -14.9113 2.20119 255 191 0
6.9905 -5.35962 -10.1344 255 191 0
16.15 31.1219 -3.04147 255 191 0
6.95984 -15.4826 -10.9629 255 191 0
13.9894 22.5445 3.21309 255 191 0
11.4571 15.0555 5.17312 255 191 0
8.97339 -11.3297 0.370834 255 191 0
12.2924 47.7321 -6.56837 255 191 0
19.4074 27.4414 1.8573 255 191 0
11.2455 29.1838 -0.896731 255 191 0
14.9201 7.67384 3.10756 255 191 0
13.3099 -0.177027 3.98942 255 191 0
21.7667 10.6943 5.65801 255 191 0
8.13429 -0.363239 -7.31506 255 191 0
17.1792 -23.7515 -13.2548 255 191 0
10.5675 13.5345 -2.24422 255 191 0
21.2218 44.9284 -4.66792 255 191 0
6.08974 -16.0378 -10.3479 255 191 0
21.3342 10.7983 7.22782 255 191 0
9.25458 25.218 -4.67227 255 191 0
14.9195 38.0623 -5.5079 255 191 0
6.81832 -7.32997 4.3237 255 191 0
9.66937 18.9045 2.89105 255 191 0
8.26554 13.3753 2.58428 255 191 0
11.3388 38.6721 -4.45423 255 191 0
10.1163 -1.16751 0.526556 255 191 0
10.1689 0.154725 0.295665 255 191 0
13.4939 42.6165 -7.22217 255 191 0
9.28219 4.78383 -2.27666 255 191 0
14.5808 10.5355 7.36225 255 191 0
11.7171 -29.7288 -10.6699 255 191 0
11.9591 -17.9844 -7.86358 255 191 0
9.45354 -9.47225 1.25799 255 191 0
18.9521 16.1823 2.04027 255 191 0
4.59523 -20.2529 -8.36676 255 191 0
3.58996 -18.6463 -3.18695 255 191 0
5.61912 4.10623 0.409781 255 191 0
7.61997 16.8834 -3.807 255 191 0
17.6731 18.2081 4.71632 255 191 0
19.2781 -5.92281 9.113 255 191 0
17.4745 33.8722 -0.177731 255 191 0
4.54617 4.4873 -1.90967 255 191 0
12.7899 24.5045 -2.52208 255 191 0
23.6321 43.4403 -7.91724 255 191 0
5.58858 -1.85472 1.22521 255 191 0
18.5152 4.63079 9.5067 255 191 0
7.49931 12.9992 1.77348 255 191 0
15.5943 -2.7241 8.65938 255 191 0
10.955 -4.34056 2.83532 255 191 0
11.8822 37.0425 -2.61094 255 191 0
3.79304 6.0632 -4.16077 255 191 0
3.63019 -0.581809 -5.39253 255 191 0
11.8454 27.1491 0.915318 255 191 0
22.8877 38.0655 -7.42908 255 191 0
14.2606 43.9625 -7.42116 255 191 0
8.39932 -6.5873 -1.61489 255 191 0
8.49599 -9.74578 -5.10781 255 191 0
11.2751 -26.4938 -5.67441 255 191 0
14.5193 8.14892 7.6609 255 191 0
12.4997 -16.3314 -13.4156 255 191 0
9.28956 -10.4824 1.03277 255 191 0
14.2572 9.02342 2.51441 255 191 0
17.2196 20.5147 3.97265 255 191 0
4.80227 -8.50022 -10.2786 255 191 0
15.4929 53.7703 -6.99621 255 191 0
16.6835 56.0025 -7.8788 255 191 0
18.5094 52.5159 -6.76596 255 191 0
19.6998 20.4506 4.05752 255 191 0
19.9717 1.00687 9.90928 255 191 0
24.3298 36.4368 -3.68376 255 191 0
19.2323 49.6282 -9.52107 255 191 0
12.1256 25.5481 -3.27721 255 191 0
4.02938 -0.0345934 -2.83524 255 191 0
3.52944 -7.80701 -4.64809 255 191 0
16.5037 11.2772 3.04887 255 191 0
13.4626 25.5406 -2.40477 255 191 0
19.3901 4.36656 5.79067 255 191 0
21.8362 12.9206 5.88432 255 191 0
11.838 17.3993 -1.57125 255 191 0
11.2185 41.0357 -6.50554 255 191 0
13.4718 38.7088 -6.0475 255 191 0
11.6724 2.13957 1.73695 255 191 0
6.36512 9.85958 0.74549 255 191 0
16.792 6.97341 8.18368 255 191 0
13.2631 13.6645 0.55428 255 191 0
13.1035 2.05965 7.66956 255 191 0
7.62682 20.7343 -1.45596 255 191 0
11.8022 22.7565 -2.93136 255 191 0
4.44448 -7.20334 -0.808753 255 191 0
6.99621 -22.0717 -2.55335 255 191 0
17.665 -22.5921 -12.1102 255 191 0
5.33536 10.4747 -3.95516 255 191 0
20.6449 28.5849 1.30023 255 191 0
4.65212 -4.01919 -0.59103 255 191 0
11.9246 -30.4539 -8.4176 255 191 0
14.0505 -23.339 -13.064 255 191 0
11.0808 9.56087 -0.46067 255 191 0
11.8575 -9.20832 4.97509 255 191 0
23.1569 38.8254 -3.27297 255 191 0
14.9466 5.32139 3.78721 255 191 0
13.305 47.9815 -8.63491 255 191 0
16.3681 -2.55697 6.75795 255 191 0
15.9633 21.6089 -0.149467 255 191 0
3.76113 -17.0273 -7.00178 255 191 0
14.0516 33.1096 -4.23006 255 191 0
20.7736 2.39075 6.30237 255 191 0
10.2549 -28.4149 -9.70918 255 191 0
4.95117 0.957832 -6.67486 255 191 0
8.88884 -9.28295 -6.08103 255 191 0
9.14565 22.5064 -2.41759 255 191 0
14.2173 6.55592 2.81413 255 191 0
15.8798 44.0194 -7.17184 255 191 0
23.213 40.3229 -8.47864 255 191 0
6.62084 -17.1921 -10.3138 255 191 0
10.017 24.3537 -1.96313 255 191 0
12.3415 -13.0478 -12.5956 255 191 0
12.8413 12.4171 0.498347 255 191 0
8.82635 -18.7614 -4.62104 255 191 0
11.7808 29.322 0.0844841 255 191 0
14.1482 46.1415 -8.02426 255 191 0
8.03257 -0.737458 -6.33308 255 191 0
23.0775 22.7003 1.95956 255 191 0
9.45714 16.0798 -4.54984 255 191 0
12.2822 -26.7908 -6.32051 255 191 0
15.2489 45.6307 -4.27538 255 191 0
15.3336 10.2718 2.79407 255 191 0
9.35972 -9.59806 -7.20488 255 191 0
8.07181 -2.19172 -6.19712 255 191 0
12.4115 41.9289 -3.56948 255 191 0
23.8823 37.7892 -3.3566 255 191 0
7.51823 -5.44045 5.0806 255 191 0
8.47438 12.7898 -5.68458 255 191 0
21.2332 27.4767 -2.61618 255 191 0
14.3244 30.6436 0.309006 255 191 0
15.1075 -32.3876 -11.0991 255 191 0
18.3939 20.9236 3.95437 255 191 0
8.81364 -5.78372 6.22361 255 191 0
18.1471 53.3045 -9.73368 255 191 0
19.9101 14.0122 6.08535 255 191 0
10.6663 27.0514 -5.14719 255 191 0
10.9501 -21.022 -12.4632 255 191 0
21.3676 8.5299 6.77774 255 191 0
8.40706 -18.5497 -0.416068 255 191 0
16.7099 39.7282 -5.80628 255 191 0
15.5307 25.8489 2.01251 255 191 0
16.5135 37.5671 -1.45226 255 191 0
8.04045 4.89034 3.89347 255 191 0
4.1769 -11.3036 -9.73061 255 191 0
8.95424 -25.8068 -5.45039 255 191 0
17.25 53.696 -7.00845 255 191 0
11.7068 13.6034 5.6773 255 191 0
17.5814 34.036 -3.98267 255 191 0
3.85037 -10.2978 -2.65382 255 191 0
13.3792 -25.7478 -7.33239 255 191 0
8.63986 6.74003 -4.17461 255 191 0
10.4157 -10.173 3.11291 255 191 0
24.237 30.6083 -2.35941 255 191 0
8.01787 20.7745 0.200659 255 191 0
3.66761 -0.55687 -4.13807 255 191 0
18.1732 -2.3331 7.38889 255 191 0
17.1956 28.2847 1.56456 255 191 0
12.0123 32.8628 -5.18118 255 191 0
20.2394 43.2873 -7.62794 255 191 0
16.3701 26.4563 2.00161 255 191 0
8.60406 -7.39519 -10.7791 255 191 0
12.3916 -26.0044 -12.3204 255 191 0
12.6165 -22.0269 -12.9266 255 191 0
13.5322 -2.65595 8.20706 255 191 0
21.3912 22.4517 -0.692728 255 191 0
13.8649 23.8771 2.84324 255 191 0
14.9751 17.2853 4.99344 255 191 0
10.7083 25.7708 -4.82722 255 191 0
12.3339 49.0063 -7.11283 255 191 0
11.7416 -21.0159 -7.20162 255 191 0
8.1266 10.2657 -6.02614 255 191 0
14.2717 4.15633 3.71211 255 191 0
21.0996 9.00064 4.07234 255 191 0
8.05192 -6.89143 -3.43737 255 191 0
13.8102 2.5128 3.78053 255 191 0
15.0077 22.1658 3.02912 255 191 0
11.6465 -25.147 -6.14831 255 191 0
4.72304 11.983 -2.50021 255 191 0
11.5409 -27.5717 -6.15305 255 191 0
6.35846 -6.49877 3.39682 255 191 0
17.7855 36.3036 -4.67303 255 191 0
11.653 44.7937 -7.49497 255 191 0
18.4893 -20.4015 -13.1116 255 191 0
13.4001 52.5884 -7.11366 255 191 0
17.1705 43.5995 -3.42765 255 191 0
11.7008 40.9098 -4.78305 255 191 0
12.0482 26.6219 -3.61146 255 191 0
3.52295 -8.44485 -8.17206 255 191 0
13.6399 -13.7611 -9.70867 255 191 0
12.966 53.9995 -8.29718 255 191 0
8.36109 -6.72494 -5.94975 255 191 0
8.06343 -0.197193 -5.40642 255 191 0
7.99843 1.91607 -7.60796 255 191 0
13.5701 -15.1647 -13.1756 255 191 0
23.6509 25.2294 -1.31395 255 191 0
14.2492 50.2706 -9.16991 255 191 0
11.4215 29.1316 -4.80551 255 191 0
13.8412 51.5038 -9.56027 255 191 0
7.37325 0.447366 3.821 255 191 0
21.5267 40.6491 -3.1478 255 191 0
19.7997 18.2471 1.35329 255 191 0
8.93109 -25.7442 -10.3498 255 191 0
20.6388 31.5856 0.290337 255 191 0
5.12796 -4.00632 0.547899 255 191 0
8.96094 -26.4232 -6.59829 255 191 0
20.2556 20.2846 0.539298 255 191 0
11.7878 -16.6176 -8.05453 255 191 0
12.4354 30.5258 0.606024 255 191 0
12.4567 31.7263 -4.61556 255 191 0
9.90439 6.61146 5.5961 255 191 0
13.2908 -31.2885 -7.19239 255 191 0
18.9801 52.1426 -9.79418 255 191 0
6.54925 -1.21987 2.85756 255 191 0
13.797 50.0811 -5.98876 255 191 0
12.6717 43.8939 -7.82521 255 191 0
19.1295 -0.155958 7.01307 255 191 0
4.04175 0.00130435 -6.79515 255 191 0
9.93764 28.8479 -5.73998 255 191 0
6.40237 -25.5583 -8.45863 255 191 0
23.8186 27.6904 -0.807594 255 191 0
18.6676 38.9333 -1.892 255 191 0
19.1103 -1.49303 7.39433 255 191 0
13.681 33.7113 -0.548167 255 191 0
19.6335 41.8517 -6.87978 255 191 0
8.2542 -20.9156 -2.34896 255 191 0
11.2748 -9.10289 6.27086 255 191 0
3.60873 -4.73239 -4.16586 255 191 0
6.52344 -6.60759 -10.4487 255 191 0
7.91838 -16.0549 1.44785 255 191 0
17.7076 12.9268 6.24906 255 191 0
10.274 2.36124 -0.128716 255 191 0
16.6448 48.8951 -8.6379 255 191 0
11.8919 24.1105 3.08813 255 191 0
12.8235 4.21936 2.47296 255 191 0
23.6841 42.3441 -7.40962 255 191 0
5.85423 -4.08194 2.06176 255 191 0
11.0561 12.8234 -1.4142 255 191 0
16.4015 8.60365 3.7006 255 191 0
8.82141 21.1809 -5.45618 255 191 0
22.8992 46.0902 -6.06958 255 191 0
16.4599 47.7528 -4.91385 255 191 0
7.02808 0.331724 -7.86029 255 191 0
15.0993 -18.0592 -13.7072 255 191 0
10.5037 2.29185 6.99119 255 191 0
22.9826 21.2275 2.00673 255 191 0
8.76646 15.2502 -5.48181 255 191 0
4.66442 -8.22675 -0.0622461 255 191 0
23.5834 41.0728 -7.73956 255 191 0
18.7072 9.14875 4.13803 255 191 0
10.4462 -11.5165 4.98183 255 191 0
4.09647 -3.47391 -2.28104 255 191 0
13.5245 -29.6644 -12.1912 255 191 0
4.79997 -12.6593 0.955464 255 191 0
22.6904 18.8706 2.81326 255 191 0
10.9289 34.1142 -3.6266 255 191 0
12.8723 1.6236 3.17483 255 191 0
5.77522 -19.7761 -1.88971 255 191 0
22.2267 13.2946 3.01199 255 191 0
4.31692 -14.4282 -9.27241 255 191 0
7.74295 5.70657 -7.11524 255 191 0
13.3874 -0.269227 7.93867 255 191 0
14.6677 52.5567 -6.64542 255 191 0
4.502 -2.84125 -1.15136 255 191 0
16.6234 -21.7894 -9.53378 255 191 0
15.6524 -28.0032 -8.27949 255 191 0
11.4511 34.8206 -6.12135 255 191 0
3.90068 -14.496 -1.87773 255 191 0
17.1313 35.3812 -4.4512 255 191 0
10.0425 -7.657 -10.3961 255 191 0
11.168 11.7948 -1.06062 255 191 0
20.5077 3.58346 8.71802 255 191 0
16.5436 25.3696 2.36161 255 191 0
3.55217 -8.89079 -4.40181 255 191 0
19.5717 5.27048 9.19274 255 191 0
13.1665 20.0815 -1.087 255 191 0
12.3968 -30.607 -10.4548 255 191 0
8.95274 1.70934 5.56758 255 191 0
6.41587 -0.66479 -7.83834 255 191 0
10.4847 11.3092 -1.81184 255 191 0
11.9474 34.5248 -1.52608 255 191 0
16.125 0.323039 8.94382 255 191 0
10.3054 16.7299 3.9072 255 191 0
15.1391 -23.1559 -13.245 255 191 0
3.54787 -16.4304 -3.97439 255 191 0
17.4711 31.3572 0.626913 255 191 0
17.97 23.6073 -0.451028 255 191 0
9.40753 -3.14775 6.6535 255 191 0
13.756 5.14379 7.42148 255 191 0
22.1062 20.6612 3.92598 255 191 0
17.3 -21.3744 -11.5233 255 191 0
5.0262 4.07709 -0.766801 255 191 0
10.697 31.3236 -6.01515 255 191 0
22.5569 16.9872 2.75004 255 191 0
19.3713 -4.02435 8.07928 255 191 0
10.6096 -15.222 -7.30773 255 191 0
8.71199 -13.8765 -5.02678 255 191 0
15.395 14.0599 6.34636 255 191 0
12.7574 -19.4518 -8.11972 255 191 0
9.63173 -18.4713 -5.69971 255 191 0
10.4653 -25.7144 -5.08448 255 191 0
18.0772 54.1432 -7.70243 255 191 0
17.8163 3.62655 5.70211 255 191 0
18.9863 43.1338 -7.10008 255 191 0
13.2998 -5.76168 7.71431 255 191 0
15.2376 1.44394 8.42861 255 191 0
22.8245 37.5841 -2.59886 255 191 0
16.0743 2.60749 8.65027 255 191 0
12.6588 15.6253 -0.43995 255 191 0
9.65467 10.781 -2.93625 255 191 0
7.55221 2.46256 3.70531 255 191 0
6.75134 7.73197 1.68086 255 191 0
4.58952 -15.8988 0.483113 255 191 0
9.3996 -21.6774 -11.2694 255 191 0
8.54129 -21.8297 -3.43102 255 191 0
17.759 37.6591 -5.11783 255 191 0
21.4283 7.11426 4.9506 255 191 0
4.04894 -15.1528 -8.55469 255 191 0
4.82125 -14.1664 1.2583 255 191 0
9.91766 -8.64861 2.01399 255 191 0
5.17547 -7.08698 1.12204 255 191 0
12.011 6.60479 7.35464 255 191 0
9.42822 -4.70655 0.467039 255 191 0
8.89205 10.9867 3.7389 255 191 0
9.67222 -6.3174 1.27188 255 191 0
7.79363 18.5948 -2.01714 255 191 0
4.36134 10.8518 -3.15285 255 191 0
22.1568 20.0764 0.0872131 255 191 0
9.05544 -5.71878 -0.186135 255 191 0
12.1214 9.43796 6.86905 255 191 0
11.2477 31.2025 -1.59862 255 191 0
12.6503 -9.22197 6.50275 255 191 0
8.62557 8.08115 -4.43165 255 191 0
14.7801 37.6826 -1.80606 255 191 0
23.5685 34.6655 -6.33966 255 191 0
6.618 13.0793 -4.83155 255 191 0
8.67091 20.7034 1.58683 255 191 0
4.48563 -9.61826 -0.418189 255 191 0
11.9067 -7.82646 6.99781 255 191 0
18.9263 53.1903 -7.44275 255 191 0
23.7832 40.6648 -6.45913 255 191 0
7.48272 -8.94908 5.3082 255 191 0
20.3643 28.0549 -2.45015 255 191 0
12.413 42.8385 -7.63888 255 191 0
16.8042 55.93 -9.01104 255 191 0
24.0601 33.5093 -6.24086 255 191 0
4.30511 -4.60989 -1.514 255 191 0
14.3806 -16.3214 -13.3956 255 191 0
16.5612 -20.5366 -13.7712 255 191 0
14.9786 -14.8255 -11.5252 255 191 0
22.4953 40.9517 -3.71624 255 191 0
23.9478 36.5433 -7.04996 255 191 0
20.301 -5.0413 8.65561 255 191 0
22.2673 36.8451 -2.04734 255 191 0
12.5816 51.5276 -9.70656 255 191 0
13.4763 15.8043 0.212226 255 191 0
20.0056 16.3315 1.81093 255 191 0
17.4247 -30.1665 -11.0514 255 191 0
12.2311 -15.1621 -13.193 255 191 0
17.8026 52.0159 -9.93501 255 191 0
9.39339 14.8694 -4.39185 255 191 0
19.587 31.1895 0.621392 255 191 0
15.3577 47.5528 -4.90789 255 191 0
16.1217 51.6737 -6.26299 255 191 0
20.2709 52.1026 -7.87131 255 191 0
9.81514 21.4854 2.46308 255 191 0
17.8674 3.65051 9.36057 255 191 0
10.5089 -11.1924 3.38394 255 191 0
23.1599 21.9576 -0.35241 255 191 0
4.91563 5.34344 -1.14971 255 191 0
4.49689 -17.5469 -8.98687 255 191 0
20.7697 22.4091 3.2782 255 191 0
16.1522 36.0511 -1.01086 255 191 0
17.8112 8.45978 4.3405 255 191 0
6.77444 -18.5532 -10.1427 255 191 0
9.09292 -13.3016 0.664271 255 191 0
10.7602 36.7577 -6.38439 255 191 0
11.6788 42.0402 -5.55729 255 191 0
20.8667 2.95866 7.72867 255 191 0
8.27897 -2.07399 -3.58861 255 191 0
20.4395 29.2416 -2.89197 255 191 0
6.27755 -8.9816 3.64925 255 191 0
9.76602 -27.9748 -8.46711 255 191 0
14.3497 35.0147 -4.61367 255 191 0
19.6727 51.8347 -6.82527 255 191 0
22.0714 14.0354 4.97203 255 191 0
9.00192 -15.1097 0.652014 255 191 0
15.0892 33.8724 -4.06111 255 191 0
21.2308 12.6054 6.89803 255 191 0
6.98473 -25.0716 -6.15042 255 191 0
7.43704 17.3159 -2.16357 255 191 0
8.07259 -8.30364 -3.71456 255 191 0
15.0666 -27.7376 -12.6287 255 191 0
22.6669 31.9861 -0.50205 255 191 0
11.9876 -27.6339 -11.9874 255 191 0
8.53373 -12.2732 -0.93166 255 191 0
21.3562 17.6656 5.19034 255 191 0
20.1818 11.0594 6.96907 255 191 0
18.3773 23.6762 3.07968 255 191 0
7.91407 17.5966 -4.62507 255 191 0
18.521 -3.99393 9.59988 255 191 0
3.80195 -8.69244 -9.44006 255 191 0
20.5197 44.3147 -8.15481 255 191 0
7.88278 6.64069 -6.67693 255 191 0
9.43316 0.742611 6.26566 255 191 0
9.90581 -13.9035 3.08921 255 191 0
14.9524 28.787 -2.65085 255 191 0
9.43975 24.2141 -3.11228 255 191 0
18.5316 36.1938 -0.944694 255 191 0
6.23947 -23.9686 -3.81645 255 191 0
10.9588 -2.4823 2.36575 255 191 0
20.9991 46.0479 -5.01632 255 191 0
20.4301 30.1316 0.824615 255 191 0
12.236 7.70043 7.29824 255 191 0
9.98009 -0.487445 6.99767 255 191 0
13.3567 -24.5106 -7.53203 255 191 0
16.9772 21.9895 -0.0113813 255 191 0
3.93421 -22.6156 -4.99276 255 191 0
16.7968 49.9624 -9.00095 255 191 0
5.81818 16.4882 -1.19886 255 191 0
4.11769 -9.99087 -1.56177 255 191 0
17.0837 2.71718 9.09678 255 191 0
22.5151 27.7986 -2.82324 255 191 0
3.53448 -13.5494 -6.76843 255 191 0
13.709 -18.7114 -8.97878 255 191 0
7.28627 15.5755 -4.31181 255 191 0
14.411 52.8557 -9.90203 255 191 0
23.3904 29.3344 0.0606252 255 191 0
14.6027 9.35794 7.57755 255 191 0
9.59695 -10.3138 5.34526 255 191 0
15.2208 4.58751 8.01088 255 191 0
18.4318 -27.732 -12.5885 255 191 0
11.0836 -7.13019 6.88425 255 191 0
22.5836 45.2502 -5.52026 255 191 0
5.0666 -18.5067 -9.29088 255 191 0
20.9386 45.6444 -8.95786 255 191 0
3.65394 -17.791 -6.28021 255 191 0
11.6772 41.5181 -7.34553 255 191 0
11.9172 -12.1098 -9.11999 255 191 0
7.17901 -0.75105 3.77829 255 191 0
10.191 -13.239 -7.3281 255 191 0
13.2598 9.00816 1.67304 255 191 0
19.0893 37.7251 -5.32475 255 191 0
16.0258 23.6946 -0.774184 255 191 0
4.02991 -10.2047 -9.69215 255 191 0
17.5795 22.5708 3.37129 255 191 0
5.59295 -10.8919 2.61237 255 191 0
20.4227 1.42212 8.90684 255 191 0
4.00407 -20.3626 -3.42071 255 191 0
24.4731 34.6724 -3.34689 255 191 0
11.8813 -1.83029 7.4602 255 191 0
9.09975 -0.262557 -1.39375 255 191 0
11.5194 22.673 3.44492 255 191 0
18.0548 10.1465 7.49642 255 191 0
10.0741 -22.5454 -11.7124 255 191 0
22.1857 15.3516 4.67947 255 191 0
14.3577 -16.6417 -9.69008 255 191 0
3.5737 1.94357 -6.14307 255 191 0
10.9732 18.9074 -2.94904 255 191 0
19.6456 35.8699 -0.961754 255 191 0
23.2181 44.9252 -9.43736 255 191 0
13.923 54.958 -10.5713 255 191 0
7.26604 -19.828 -10.2074 255 191 0
14.1445 -14.7351 -9.91796 255 191 0
12.2142 40.3611 -6.94116 255 191 0
10.9306 -15.4469 -13.0738 255 191 0
8.17662 -19.6407 -2.53938 255 191 0
19.8207 30.418 -3.11185 255 191 0
16.3073 -28.3633 -9.97968 255 191 0
8.56224 2.83204 -3.66505 255 191 0
3.67086 -16.0083 -2.91195 255 191 0
15.0797 19.0911 0.305264 255 191 0
13.4516 26.9168 1.77357 255 191 0
8.76484 4.55006 4.82097 255 191 0
12.6538 -31.4794 -8.0973 255 191 0
14.5444 -24.4352 -8.24772 255 191 0
18.2267 -4.89049 8.05212 255 191 0
19.8617 46.5554 -8.67035 255 191 0
8.01764 0.751613 -7.14118 255 191 0
16.3919 29.1992 -2.38772 255 191 0
19.3535 19.7793 0.82467 255 191 0
9.42795 12.9112 3.89813 255 191 0
9.67367 -10.7285 -7.43479 255 191 0
12.7645 -22.1187 -7.6106 255 191 0
9.2761 -15.7807 -12.3974 255 191 0
5.1931 -3.93627 -9.31409 255 191 0
23.711 26.4036 -0.85991 255 191 0
3.54673 -14.7939 -4.08991 255 191 0
17.3363 45.858 -4.22893 255 191 0
3.80013 -7.54211 -3.07756 255 191 0
7.3305 -6.60762 5.00946 255 191 0
22.6158 49.5825 -8.44614 255 191 0
10.1435 27.9809 -3.23531 255 191 0
12.226 -4.72465 7.64847 255 191 0
9.53989 -12.8238 1.82911 255 191 0
12.8496 16.4394 5.60494 255 191 0
10.9036 -19.6247 -12.6563 255 191 0
20.4058 10.763 3.66785 255 191 0
16.8186 -22.3381 -10.5406 255 191 0
10.3049 -6.33953 2.36102 255 191 0
10.2363 9.09197 -1.49424 255 191 0
10.4899 29.9098 -5.95009 255 191 0
8.29238 -16.4452 -2.08802 255 191 0
13.5934 -25.961 -12.6289 255 191 0
20.4913 41.1102 -7.00961 255 191 0
18.1712 -19.4198 -12.5856 255 191 0
18.3893 -30.4208 -11.7287 255 191 0
3.53554 -3.70925 -4.69064 255 191 0
14.5695 -1.19936 5.30682 255 191 0
21.2522 17.8836 1.15332 255 191 0
4.9631 7.91334 -1.42077 255 191 0
19.9678 4.29204 9.54682 255 191 0
3.65617 -14.0361 -3.23211 255 191 0
17.9577 6.92466 8.56234 255 191 0
24.2015 30.2653 -3.57865 255 191 0
12.0256 19.3128 -1.89763 255 191 0
18.6344 44.8844 -7.63139 255 191 0
20.2133 32.1691 -3.82137 255 191 0
20.6999 23.7441 -1.08117 255 191 0
10.3211 20.224 3.14368 255 191 0
16.6072 9.76983 3.5044 255 191 0
17.9132 2.56509 6.02566 255 191 0
3.49739 3.46679 -5.05836 255 191 0
10.4694 11.5334 5.15168 255 191 0
5.57936 10.6569 -0.653134 255 191 0
5.29512 1.31167 0.175984 255 191 0
9.27542 -3.83677 -8.49916 255 191 0
21.804 9.71933 4.36793 255 191 0
15.8321 -28.9011 -8.79763 255 191 0
15.5443 -30.7382 -12.3068 255 191 0
23.5689 25.8321 0.306013 255 191 0
15.2006 -21.8199 -13.4489 255 191 0
5.83129 -21.7924 -9.00603 255 191 0
6.70637 0.461055 2.83287 255 191 0
8.86084 -2.3829 -1.45348 255 191 0
22.6989 42.6252 -8.97663 255 191 0
14.4475 3.0477 7.93149 255 191 0
8.26021 11.4492 2.95638 255 191 0
24.0971 29.056 -3.16241 255 191 0
7.40257 -12.2305 3.69913 255 191 0
12.1397 6.25762 1.08535 255 191 0
17.6327 13.9928 5.92 255 191 0
9.17166 1.83197 -1.79482 255 191 0
21.1036 7.9716 4.41855 255 191 0
3.52389 -9.54064 -7.85209 255 191 0
9.4789 24.4604 -5.95677 255 191 0
10.5563 14.1179 4.68238 255 191 0
22.0748 42.4647 -4.09228 255 191 0
19.4164 40.9345 -6.44238 255 191 0
12.4517 0.956471 7.60244 255 191 0
20.2088 23.3305 3.08589 255 191 0
7.15738 -2.75174 -8.87809 255 191 0
17.1545 30.2505 -2.71375 255 191 0
11.3456 -14.3118 -13.038 255 191 0
9.88772 -14.5132 -12.7709 255 191 0
23.8972 34.8134 -2.235 255 191 0
23.2121 47.9351 -7.1185 255 191 0
10.2774 -7.58648 2.49266 255 191 0
10.2808 -9.49552 5.8452 255 191 0
4.58263 4.41267 -5.57908 255 191 0
16.5288 54.2365 -10.4392 255 191 0
11.0581 35.5569 -3.96744 255 191 0
10.117 12.1277 -2.42769 255 191 0
3.52911 -18.9062 -4.37874 255 191 0
5.41914 8.47717 -4.92347 255 191 0
3.78044 3.06818 -3.95593 255 191 0
11.7922 44.2162 -6.21963 255 191 0
18.9376 48.5885 -8.9721 255 191 0
8.5331 8.96029 3.71027 255 191 0
4.96724 -23.8634 -5.02871 255 191 0
4.96035 -18.2201 -1.19132 255 191 0
7.5527 -20.4836 -1.55429 255 191 0
11.986 -6.59267 7.45244 255 191 0
11.6343 10.3799 -0.171985 255 191 0
10.5616 -20.4377 -6.26251 255 191 0
15.3958 56.4529 -9.03093 255 191 0
23.7772 44.768 -7.45427 255 191 0
6.65987 11.0188 -5.6835 255 191 0
5.26596 5.55767 -5.67992 255 191 0
3.55264 -4.3927 -7.46075 255 191 0
16.1198 6.8829 3.99928 255 191 0
6.04191 -8.89942 -10.8526 255 191 0
8.33044 -22.6999 -2.67929 255 191 0
15.4276 31.8652 -3.40362 255 191 0
10.1225 -4.38152 1.68154 255 191 0
4.39818 -12.1208 -0.315142 255 191 0
9.36634 -5.68819 -9.73923 255 191 0
5.80889 9.71819 -4.92827 255 191 0
17.5864 -18.5352 -11.5081 255 191 0
11.5095 4.46742 7.3171 255 191 0
10.0571 -6.73055 6.70957 255 191 0
7.73175 19.7954 0.801513 255 191 0
13.5758 -21.2365 -13.2775 255 191 0
10.9784 -17.2859 -13.0686 255 191 0
13.3766 -16.9699 -13.5405 255 191 0
11.6664 32.5642 -1.30281 255 191 0
8.15438 8.99546 -6.02173 255 191 0
8.63751 -14.9447 -12.0935 255 191 0
9.62732 -17.1054 -12.3751 255 191 0
4.29869 -13.3499 -9.47809 255 191 0
9.15215 -7.70715 0.284579 255 191 0
16.422 14.4685 6.17085 255 191 0
21.5448 11.1448 3.31358 255 191 0
24.41 32.6237 -3.73392 255 191 0
5.2663 2.27309 -6.65813 255 191 0
15.332 55.8983 -10.8633 255 191 0
4.0165 -1.2655 -2.79648 255 191 0
22.1061 12.0474 3.48874 255 191 0
14.4602 -15.0632 -12.5678 255 191 0
6.7745 -15.323 1.363 255 191 0
12.9659 -29.4332 -6.57485 255 191 0
13.0591 -31.6298 -10.0752 255 191 0
23.3406 23.7209 0.313955 255 191 0
7.52785 -24.2237 -9.70469 255 191 0
7.54084 12.7632 -6.24473 255 191 0
22.2317 35.7287 -5.96748 255 191 0
17.4311 -3.22105 9.28655 255 191 0
8.17846 -5.59514 -5.72033 255 191 0
18.4401 47.2558 -8.36547 255 191 0
11.9879 39.116 -6.71905 255 191 0
22.5291 21.068 -0.767499 255 191 0
9.87115 -8.84938 -8.11647 255 191 0
13.2799 6.29064 2.12507 255 191 0
11.7642 43.0992 -5.86008 255 191 0
9.65741 11.5238 4.40458 255 191 0
23.8405 43.8501 -6.68405 255 191 0
8.71789 -1.9078 5.96694 255 191 0
4.39128 -18.85 -8.3774 255 191 0
5.24536 3.02002 -0.153446 255 191 0
17.0576 52.563 -6.58184 255 191 0
10.4886 8.67446 5.7357 255 191 0
14.1825 -13.6301 -11.3279 255 191 0
4.62527 -2.59058 -8.22692 255 191 0
3.68731 -7.52266 -9.16494 255 191 0
14.3792 -3.41607 8.55682 255 191 0
13.3999 -28.5777 -12.2947 255 191 0
9.22445 5.77846 5.08365 255 191 0
16.8579 -26.0262 -10.9637 255 191 0
23.9544 41.3015 -5.32929 255 191 0
6.44144 2.03401 2.15405 255 191 0
9.8616 -8.81858 -11.0658 255 191 0
12.2629 40.4627 -3.12704 255 191 0
10.4029 -19.3084 -6.2482 255 191 0
20.2167 37.0913 -5.48342 255 191 0
23.8716 37.7029 -7.38863 255 191 0
3.4356 -10.1469 -6.48316 255 191 0
8.43616 -4.90328 -1.88811 255 191 0
12.4457 8.06043 1.02038 255 191 0
11.232 1.39478 7.32469 255 191 0
17.068 24.2546 -0.704429 255 191 0
15.6894 52.0952 -9.62353 255 191 0
15.6451 -4.88912 6.85565 255 191 0
12.9761 45.3194 -4.45356 255 191 0
8.1199 -17.099 -11.2142 255 191 0
22.8782 42.9845 -4.76032 255 191 0
8.34047 -0.973798 -3.58966 255 191 0
20.1492 3.41364 6.02859 255 191 0
16.9673 5.97153 8.49605 255 191 0
6.6028 -23.5588 -9.22258 255 191 0
18.7263 49.6981 -5.74144 255 191 0
8.68624 19.8898 -4.08969 255 191 0
8.71481 0.31135 -2.55208 255 191 0
11.4538 -0.74255 7.35338 255 191 0
10.9532 38.6837 -6.40838 255 191 0
18.7505 37.1818 -1.30379 255 191 0
18.5213 -29.4257 -12.2218 255 191 0
12.3161 14.2592 -0.421474 255 191 0
9.4624 -12.9926 -6.52578 255 191 0
10.3313 -12.5403 3.30297 255 191 0
15.3775 11.7654 7.17387 255 191 0
23.8781 42.7698 -6.2218 255 191 0
8.92634 5.38667 -3.22334 255 191 0
16.4949 -17.675 -10.0124 255 191 0
23.4651 23.6371 -1.04083 255 191 0
11.8193 -1.37709 2.84278 255 191 0
5.54954 -15.0677 1.37242 255 191 0
5.09939 -10.8171 1.44413 255 191 0
8.16104 -3.59387 -3.74031 255 191 0
19.0376 24.0091 -0.798216 255 191 0
19.889 7.56377 4.69875 255 191 0
13.3959 40.1785 -6.47512 255 191 0
17.529 21.5085 3.70638 255 191 0
8.83546 -7.00267 -0.604438 255 191 0
24.3874 35.7457 -4.6282 255 191 0
11.8519 3.2621 1.67106 255 191 0
20.9123 37.8017 -6.02066 255 191 0
12.7698 -5.49773 4.88997 255 191 0
10.4279 23.7789 -4.62226 255 191 0
21.7939 33.9226 -0.839103 255 191 0
19.3221 39.6583 -2.22236 255 191 0
13.4801 -33.0166 -9.44005 255 191 0
3.54481 2.34146 -4.81298 255 191 0
24.2932 36.2667 -5.98896 255 191 0
5.28504 -6.65911 -10.1709 255 191 0
3.57309 -15.0293 -6.60822 255 191 0
11.2984 -23.3503 -6.41923 255 191 0
13.8237 17.8318 -0.0616427 255 191 0
12.0897 45.1841 -5.84694 255 191 0
10.5366 26.4806 -1.27055 255 191 0
10.7867 14.5902 -2.18617 255 191 0
16.3354 -25.184 -9.33064 255 191 0
21.7927 44.4319 -9.00905 255 191 0
9.60471 17.1751 3.19484 255 191 0
18.3817 17.2122 1.65792 255 191 0
15.2648 31.6066 0.231025 255 191 0
12.5499 22.3481 3.37869 255 191 0
3.61124 0.775559 -5.80538 255 191 0
10.9037 24.8715 0.1662 255 191 0
4.99594 -0.292292 -0.257412 255 191 0
17.2905 5.26531 5.04081 255 191 0
6.30988 -4.06108 -9.76753 255 191 0
4.43522 -10.8211 -0.40122 255 191 0
16.9861 35.108 -0.622204 255 191 0
16.0911 21.6399 3.3957 255 191 0
20.1364 1.53464 6.60424 255 191 0
14.871 41.6325 -6.62612 255 191 0
8.5232 -13.1916 3.38869 255 191 0
13.1555 5.27523 2.50533 255 191 0
20.8104 26.4525 1.97832 255 191 0
18.695 13.7399 6.15164 255 191 0
4.01396 2.20134 -3.10273 255 191 0
22.2782 14.5779 3.71188 255 191 0
13.0445 32.9436 -4.63969 255 191 0
15.4628 32.6759 -0.0511606 255 191 0
20.6961 47.2186 -5.35936 255 191 0
15.8395 -22.6753 -8.94907 255 191 0
13.314 7.18743 7.46343 255 191 0
14.5519 27.3123 1.36312 255 191 0
15.0879 50.9609 -9.24473 255 191 0
5.5529 -0.29633 0.917877 255 191 0
12.3659 18.4198 -1.38723 255 191 0
11.4136 -3.9566 7.3881 255 191 0
16.7194 12.39 2.80611 255 191 0
6.34157 14.9156 -2.64056 255 191 0
6.80145 -4.97119 3.90892 255 191 0
3.98705 7.65926 -4.39315 255 191 0
21.0607 4.18882 5.77851 255 191 0
15.4055 39.6852 -2.30864 255 191 0
18.8689 16.5598 5.31411 255 191 0
15.8606 34.98 -0.712616 255 191 0
15.1752 6.43631 3.52615 255 191 0
10.4707 -22.4007 -5.83797 255 191 0
9.94328 -12.014 -12.4822 255 191 0
9.36852 -1.74488 -0.502307 255 191 0
14.9349 -25.1525 -12.9352 255 191 0
3.89011 -11.703 -2.33445 255 191 0
13.1579 6.07897 7.39845 255 191 0
7.94339 2.98745 -6.39548 255 191 0
14.8812 40.8509 -2.78849 255 191 0
14.9605 47.2306 -8.23556 255 191 0
11.3267 27.6055 -4.51918 255 191 0
14.3322 0.72226 8.17935 255 191 0
20.9376 13.5897 6.41223 255 191 0
15.3544 53.39 -10.0563 255 191 0
17.4147 27.1149 1.94235 255 191 0
15.8257 -19.1363 -13.8852 255 191 0
11.5611 -4.98557 3.72246 255 191 0
23.6722 36.7366 -2.8063 255 191 0
21.3701 6.45268 5.94384 255 191 0
11.8937 -14.2346 -8.64654 255 191 0
7.00833 5.5798 2.41188 255 191 0
8.16292 -8.85913 -2.71214 255 191 0
4.56854 -16.4251 -9.2984 255 191 0
20.2154 51.794 -8.97954 255 191 0
12.0913 -11.221 -11.3137 255 191 0
15.8054 30.1279 -2.79711 255 191 0
24.3621 32.9275 -2.28209 255 191 0
16.0026 -27.197 -12.7578 255 191 0
14.2915 54.8331 -7.52322 255 191 0
9.01825 7.71914 4.49256 255 191 0
18.0086 20.5877 0.5696 255 191 0
10.7699 19.1204 3.72744 255 191 0
5.29867 -23.9747 -8.14926 255 191 0
10.8294 6.48788 6.46398 255 191 0
14.1885 25.8937 2.05446 255 191 0
7.84106 -1.63771 4.82107 255 191 0
19.966 17.5498 4.96156 255 191 0
14.8607 30.8149 -3.27243 255 191 0
8.25165 3.3546 -4.72245 255 191 0
5.12764 9.581 -1.35619 255 191 0
11.9435 47.1034 -8.54908 255 191 0
13.6753 -19.9237 -8.75278 255 191 0
18.0881 27.3906 -1.78093 255 191 0
19.8042 43.2299 -3.57677 255 191 0
6.12077 -12.3403 3.23771 255 191 0
16.1482 16.2353 1.51703 255 191 0
23.0563 22.577 -1.5713 255 191 0
15.9875 23.8914 2.69591 255 191 0
10.0551 20.6734 -4.44519 255 191 0
5.14509 -8.38455 1.20031 255 191 0
9.71323 -4.84519 -9.00951 255 191 0
16.4589 15.5426 5.70553 255 191 0
25.9748 15.0574 -13.4371 0 166 255
28.0916 17.7618 -10.94 0 166 255
27.1767 2.50632 -7.43622 0 166 255
25.4703 -49.7534 12.8878 0 166 255
16.791 -51.3426 2.01966 0 166 255
29.4875 16.5186 -3.99565 0 166 255
12.5227 -38.2278 -4.25321 0 166 255
23.5579 3.84634 -12.0989 0 166 255
23.812 -10.1555 1.30154 0 166 255
24.7516 23.8238 2.77872 0 166 255
23.3505 16.8834 -9.12549 0 166 255
22.9401 -11.3753 8.58993 0 166 255
16.327 3.23658 -10.3218 0 166 255
15.0949 -26.1115 22.0293 0 166 255
26.6033 26.8085 0.394162 0 166 255
29.4329 7.39136 -1.20966 0 166 255
19.916 -65.3534 20.0498 0 166 255
10.5166 -57.1719 29.6425 0 166 255
27.212 -12.0164 -1.59871 0 166 255
26.698 -23.5683 2.02873 0 166 255
28.2415 34.3226 -5.47918 0 166 255
15.8233 -55.4098 29.1856 0 166 255
24.0051 -55.7267 11.0575 0 166 255
23.691 1.70158 3.2388 0 166 255
28.3377 -14.63 8.75459 0 166 255
23.7702 5.49845 -12.5235 0 166 255
23.884 -58.064 24.235 0 166 255
13.1857 -41.9888 1.27534 0 166 255
28.8669 31.5512 -13.6515 0 166 255
29.309 4.36998 -1.59234 0 166 255
23.8043 19.66 -8.98697 0 166 255
28.4083 9.45402 3.22857 0 166 255
29.3367 17.0915 -2.57426 0 166 255
21.6643 16.7235 -14.3073 0 166 255
18.9413 -58.8467 29.3628 0 166 255
16.3188 -21.9622 -7.96328 0 166 255
19.0292 -18.9181 19.9784 0 166 255
28.5504 3.05474 -4.77347 0 166 255
9.00255 -32.5981 -1.1773 0 166 255
8.93852 -34.8717 -0.764437 0 166 255
27.2881 -22.8038 13.0694 0 166 255
26.9876 -36.0855 10.0955 0 166 255
20.6387 -24.1862 15.053 0 166 255
24.7361 -60.2932 20.2337 0 166 255
22.5531 -46.5749 4.14752 0 166 255
25.9317 -46.5069 17.5787 0 166 255
27.3735 -31.2113 13.0182 0 166 255
8.87962 -17.9225 -4.11432 0 166 255
21.3742 -36.237 23.2414 0 166 255
24.0431 4.54671 -3.48022 0 166 255
19.3966 -0.0439873 -11.5445 0 166 255
25.6447 -31.7976 17.8558 0 166 255
24.4878 -20.5305 17.1034 0 166 255
28.3626 -10.1171 8.15771 0 166 255
22.5635 -19.6688 -4.99379 0 166 255
24.1787 -42.621 5.30792 0 166 255
22.8523 -53.3797 7.46548 0 166 255
20.0068 -51.2418 18.2423 0 166 255
18.0537 -40.1629 -2.09798 0 166 255
21.6028 -24.0987 -4.44771 0 166 255
19.5697 -55.0835 5.1819 0 166 255
16.299 -32.8376 -4.89815 0 166 255
13.9575 -28.7393 22.4821 0 166 255
18.7436 -19.5759 15.1868 0 166 255
29.2303 0.0472775 1.11179 0 166 255
11.3757 -50.8613 23.3541 0 166 255
25.366 -46.0914 9.86706 0 166 255
23.2 -13.5603 -6.37026 0 166 255
19.9764 -37.6545 17.8696 0 166 255
18.2618 -53.9886 5.78856 0 166 255
10.4225 -10.6905 -6.24755 0 166 255
17.3782 -11.2774 -10.894 0 166 255
19.0391 -51.2187 8.93567 0 166 255
14.2546 -42.3848 20.7279 0 166 255
26.5802 -41.7482 12.7869 0 166 255
12.3168 -42.2107 25.591 0 166 255
19.8905 -64.1224 18.8901 0 166 255
23.987 27.148 -9.14664 0 166 255
29.4249 11.8288 -4.24523 0 166 255
20.0426 -51.8755 11.4564 0 166 255
9.99069 -22.554 -7.44118 0 166 255
14.3698 -59.2815 30.0068 0 166 255
27.6338 -15.2802 0.646875 0 166 255
24.3338 4.1315 -1.99959 0 166 255
15.9992 -29.3439 -0.844104 0 166 255
13.8261 -3.94784 -8.59799 0 166 255
25.6839 17.9652 4.54745 0 166 255
14.13 -27.9708 20.4438 0 166 255
21.9468 -2.2215 13.9576 0 166 255
19.1786 -45.5667 19.6058 0 166 255
29.1804 35.5206 -10.0946 0 166 255
18.8781 -33.4303 18.3667 0 166 255
28.2108 26.0521 -13.6396 0 166 255
25.1558 -21.7302 -1.3088 0 166 255
17.2767 -6.34832 -11.3153 0 166 255
22.6187 -15.1641 -6.39411 0 166 255
26.5618 -42.0175 14.8526 0 166 255
23.467 -35.9772 21.5446 0 166 255
18.5544 -10.9549 -4.92362 0 166 255
24.1625 11.8231 -5.46349 0 166 255
23.3447 25.8999 -12.045 0 166 255
23.7136 24.1375 -5.8607 0 166 255
18.0842 -24.1862 16.4758 0 166 255
18.3986 -61.8655 27.5991 0 166 255
16.1755 -23.5921 16.8764 0 166 255
24.9385 33.751 -3.82987 0 166 255
18.4601 -32.6997 23.3971 0 166 255
9.27346 -26.8271 -6.5233 0 166 255
22.2695 -66.3715 18.7843 0 166 255
23.7582 16.3237 -1.88326 0 166 255
28.747 27.0138 -12.6654 0 166 255
21.5007 15.5263 -11.3577 0 166 255
26.2388 -26.0855 15.8803 0 166 255
15.858 -11.8493 -5.90815 0 166 255
26.5018 -0.452066 -7.32161 0 166 255
11.5542 -3.6408 -8.67399 0 166 255
20.551 -25.5156 1.44053 0 166 255
13.4748 -13.1903 -10.2781 0 166 255
20.6404 -43.4768 8.86652 0 166 255
24.1433 -23.1852 -2.1199 0 166 255
26.77 1.16528 8.646 0 166 255
23.7802 -33.1398 1.06093 0 166 255
23.8027 38.0744 -8.6505 0 166 255
12.9967 -37.1014 0.0235944 0 166 255
26.5486 -23.8588 14.9194 0 166 255
24.2865 20.6695 -6.25712 0 166 255
7.7727 -33.8289 -0.699181 0 166 255
17.7667 -43.2509 25.8962 0 166 255
22.8619 -44.8721 3.99532 0 166 255
17.8337 -31.7002 -4.60264 0 166 255
15.2664 -31.426 -0.59897 0 166 255
22.0665 -10.406 9.70025 0 166 255
27.8686 4.16938 5.95433 0 166 255
20.0093 -67.1422 23.0079 0 166 255
24.2236 14.7253 -15.1617 0 166 255
19.998 -57.1147 28.442 0 166 255
23.2951 -32.0351 20.9468 0 166 255
22.4959 5.06998 -13.3066 0 166 255
21.2031 4.30293 -12.6594 0 166 255
18.8364 -1.76432 -11.3869 0 166 255
22.7073 -14.4788 9.91887 0 166 255
22.2114 -29.813 13.1191 0 166 255
22.7193 1.59141 -4.70771 0 166 255
23.7409 -14.4751 16.2771 0 166 255
10.8252 -59.2489 27.1347 0 166 255
13.0633 -7.90361 -7.39453 0 166 255
19.6758 -41.4234 25.0538 0 166 255
21.7151 -59.4007 9.86929 0 166 255
24.182 -42.6553 21.8303 0 166 255
22.6096 -2.91383 6.63401 0 166 255
23.6355 -45.7785 23.0277 0 166 255
19.6716 -12.7711 -9.44647 0 166 255
21.789 8.53031 8.31351 0 166 255
24.6821 -27.8765 18.5235 0 166 255
21.0363 -22.8483 -5.29898 0 166 255
29.1037 21.8627 -2.91224 0 166 255
19.4328 -34.9432 18.1272 0 166 255
24.0212 -14.2992 5.1977 0 166 255
23.3904 0.606142 4.39055 0 166 255
15.839 -22.6469 -2.75411 0 166 255
16.7254 -32.5397 18.6591 0 166 255
23.0091 3.20927 4.31784 0 166 255
20.2197 -20.2483 -6.69791 0 166 255
11.4918 -43.4959 23.3345 0 166 255
16.2263 -51.6725 4.10303 0 166 255
26.0563 -46.6175 14.4015 0 166 255
25.4784 37.7896 -9.6159 0 166 255
20.6875 11.8681 -10.9068 0 166 255
23.2506 -63.0379 25.4181 0 166 255
26.5696 -21.6554 0.980906 0 166 255
10.5656 -32.2252 -1.29436 0 166 255
21.4943 -20.3497 12.926 0 166 255
23.3689 1.11331 -3.3623 0 166 255
19.4939 -41.1976 5.64713 0 166 255
11.1458 -52.1694 25.4692 0 166 255
22.9113 -32.9811 -0.302938 0 166 255
19.2663 -49.5931 1.3747 0 166 255
26.5827 -26.7301 3.27838 0 166 255
27.2858 -14.9239 11.8496 0 166 255
24.0352 32.609 -10.3196 0 166 255
10.2793 -14.2565 -8.54532 0 166 255
27.8349 36.0919 -11.037 0 166 255
18.4176 -11.658 13.0987 0 166 255
22.469 -50.7871 5.66752 0 166 255
11.2187 -25.2187 -2.79635 0 166 255
22.0963 -61.4762 13.2509 0 166 255
19.5826 -3.14477 -6.40635 0 166 255
20.6485 -48.0799 16.321 0 166 255
22.8533 -17.0435 1.84246 0 166 255
21.5277 -26.0917 3.01522 0 166 255
17.7722 -53.8503 7.79336 0 166 255
27.6768 -21.8439 11.887 0 166 255
16.0308 -42.7864 25.971 0 166 255
24.0349 -12.1608 3.67196 0 166 255
7.06832 -38.692 -1.70173 0 166 255
25.5554 -47.9776 19.1087 0 166 255
20.026 -12.3695 12.5372 0 166 255
29.1109 -0.206062 -0.71166 0 166 255
18.8657 -34.4478 2.81459 0 166 255
25.2069 -53.0676 14.2212 0 166 255
13.8585 -39.4691 25.0019 0 166 255
20.8136 -40.468 7.78676 0 166 255
20.4197 -58.0884 9.54968 0 166 255
20.7698 3.20565 9.05425 0 166 255
19.6891 -56.237 6.81394 0 166 255
24.2321 31.2924 -14.0231 0 166 255
15.5929 -61.3175 25.6654 0 166 255
21.6782 12.6352 -10.1769 0 166 255
24.0812 -39.5998 3.92566 0 166 255
29.173 31.506 -12.0804 0 166 255
12.7828 -43.906 26.181 0 166 255
23.1556 -30.2512 20.6972 0 166 255
26.2013 9.97593 -11.3396 0 166 255
24.8307 -48.2143 9.51974 0 166 255
26.1476 -44.0497 11.817 0 166 255
20.5577 -28.906 16.1018 0 166 255
26.9161 28.5499 -0.691056 0 166 255
28.9865 -6.55847 4.00814 0 166 255
21.1335 -62.6643 25.7591 0 166 255
10.3257 -32.3181 -5.54742 0 166 255
24.7927 25.2844 0.372867 0 166 255
15.9231 -58.4704 29.9927 0 166 255
23.8992 -28.4996 -0.578631 0 166 255
26.8065 25.8665 -16.0977 0 166 255
27.2988 38.265 -5.30048 0 166 255
20.2876 -53.5224 27.4465 0 166 255
27.8683 7.48173 4.95286 0 166 255
14.8873 -20.0739 19.5484 0 166 255
24.1909 -50.6463 22.7852 0 166 255
14.0598 -31.5945 21.5858 0 166 255
12.2977 -31.7417 -1.29662 0 166 255
23.2774 -21.3222 9.72597 0 166 255
17.8814 5.96013 -12.5109 0 166 255
26.2983 11.4193 -11.749 0 166 255
26.1198 -30.4818 4.01918 0 166 255
23.538 4.00083 2.8881 0 166 255
27.7647 -25.0294 11.6258 0 166 255
20.2957 -15.9155 13.3321 0 166 255
20.992 18.8254 -14.1284 0 166 255
15.4272 -49.8527 4.24078 0 166 255
18.5505 -52.8556 2.0741 0 166 255
24.51 -36.9189 3.61531 0 166 255
23.9242 11.7408 8.18769 0 166 255
27.3628 -33.1822 10.1739 0 166 255
21.5133 -32.7632 -1.82635 0 166 255
11.5489 -15.7997 -9.17752 0 166 255
29.3003 29.8263 -7.71564 0 166 255
23.6668 -31.3148 0.139691 0 166 255
22.3537 -25.2747 20.1505 0 166 255
25.8646 -14.5612 14.0768 0 166 255
14.0313 -29.7489 20.9421 0 166 255
13.5793 -36.0499 23.633 0 166 255
10.1885 -53.494 28.3914 0 166 255
27.0477 17.3029 -12.788 0 166 255
12.0583 -32.7004 -5.54725 0 166 255
12.8286 -26.9183 -6.9804 0 166 255
21.6067 -4.45277 -4.22704 0 166 255
22.8107 16.0137 7.01281 0 166 255
29.0531 17.1873 -8.22556 0 166 255
22.3194 2.42827 -12.498 0 166 255
27.0519 -27.0941 14.2172 0 166 255
28.8541 15.7866 0.110106 0 166 255
21.8124 -8.75727 16.0234 0 166 255
18.8533 10.3861 -11.6496 0 166 255
23.1217 -21.4142 18.6172 0 166 255
13.2393 -45.9587 26.7871 0 166 255
17.2879 -15.7635 -4.25696 0 166 255
21.2597 -35.744 6.41529 0 166 255
23.5642 -8.07554 0.0249009 0 166 255
10.6048 -59.5321 29.9694 0 166 255
23.268 -34.3093 21.4125 0 166 255
18.4986 -30.7448 17.8981 0 166 255
19.0982 -39.8461 4.76623 0 166 255
27.616 13.4235 -10.6215 0 166 255
18.2281 -4.59422 -6.86029 0 166 255
13.207 -21.6345 -8.36885 0 166 255
11.1208 -55.6919 25.4174 0 166 255
20.1641 -35.4971 23.6265 0 166 255
12.306 -39.097 0.366318 0 166 255
26.1129 -34.2255 17.1798 0 166 255
20.8197 -60.3196 13.1458 0 166 255
10.5447 -61.4233 26.9886 0 166 255
26.3036 22.5169 -15.6997 0 166 255
24.8102 -49.6744 10.2434 0 166 255
23.1221 6.1293 10.5781 0 166 255
9.37726 -30.6824 -5.80573 0 166 255
16.9806 -46.4664 21.4001 0 166 255
20.1281 -48.4067 17.9031 0 166 255
23.8076 -61.1003 13.2263 0 166 255
20.9554 6.01076 -12.8578 0 166 255
13.9437 -31.6318 23.3093 0 166 255
27.475 18.8102 -12.6144 0 166 255
20.6705 2.33417 7.39687 0 166 255
22.6136 -22.3622 3.53829 0 166 255
27.5083 26.1655 -0.711673 0 166 255
12.908 -30.8766 -5.98827 0 166 255
16.9894 -48.5948 5.28945 0 166 255
19.3388 -1.4315 14.3761 0 166 255
25.7469 -26.2269 1.30428 0 166 255
20.0929 -58.1229 16.8308 0 166 255
21.3401 -45.0027 1.96817 0 166 255
24.9344 -23.2146 17.1976 0 166 255
23.2713 19.0938 -2.33125 0 166 255
13.0498 -5.9325 -10.0907 0 166 255
24.2784 7.5237 -2.39406 0 166 255
27.1432 37.7444 -10.0189 0 166 255
23.0181 -22.7911 -3.52812 0 166 255
29.4177 18.7584 -3.75158 0 166 255
23.0193 12.7039 -8.39902 0 166 255
16.0405 -28.2048 -6.2521 0 166 255
20.0805 -56.3893 15.0095 0 166 255
26.4815 8.99511 6.61253 0 166 255
16.3854 -16.1968 19.5452 0 166 255
27.6386 4.81945 -7.55957 0 166 255
25.2851 -14.7914 -3.65022 0 166 255
23.5664 7.81861 -5.67415 0 166 255
26.1236 37.5665 -7.7491 0 166 255
14.278 -48.3311 1.44438 0 166 255
23.9671 -1.62803 -1.42107 0 166 255
18.4846 -5.35012 15.0308 0 166 255
21.2828 -67.6637 22.209 0 166 255
25.0039 30.8164 -2.26872 0 166 255
19.1567 11.0374 -13.2769 0 166 255
24.4362 -31.7795 1.40964 0 166 255
29.4205 14.1578 -2.56892 0 166 255
24.8631 -59.0602 18.5081 0 166 255
24.0144 -62.0652 14.6479 0 166 255
18.0418 -41.1424 25.3648 0 166 255
23.5834 -49.4272 7.17662 0 166 255
28.9329 33.3865 -7.18794 0 166 255
24.3435 -45.4229 6.94018 0 166 255
20.0395 -31.5966 17.0832 0 166 255
17.6307 -33.5107 -4.18392 0 166 255
18.7044 -32.761 2.09882 0 166 255
15.7775 -51.5549 23.0779 0 166 255
19.3857 -24.9927 16.0953 0 166 255
13.4395 -26.7235 21.6924 0 166 255
18.7224 -12.2804 18.2115 0 166 255
22.2755 13.2071 8.11285 0 166 255
29.3557 30.653 -9.75463 0 166 255
14.4319 -57.0246 29.7119 0 166 255
18.4736 -47.3733 6.61909 0 166 255
29.0475 -3.3715 3.86775 0 166 255
27.0539 -36.8396 11.6762 0 166 255
22.9227 17.9964 -1.09158 0 166 255
25.8421 -11.2382 13.31 0 166 255
29.1257 23.662 -3.75979 0 166 255
28.567 -15.7598 7.16371 0 166 255
18.333 -62.5775 23.0423 0 166 255
17.7389 -43.9459 -1.23842 0 166 255
24.4309 14.4642 -3.79705 0 166 255
24.4077 6.62873 -0.838575 0 166 255
27.5493 -23.8321 4.63292 0 166 255
29.0798 12.4844 0.381225 0 166 255
25.5768 -3.10794 11.3899 0 166 255
20.8367 1.54888 -12.9286 0 166 255
17.2812 -33.8674 23.7866 0 166 255
24.3762 12.6949 -2.56685 0 166 255
22.7122 -4.7139 14.266 0 166 255
21.9805 -43.4807 2.23763 0 166 255
18.3276 -13.9735 -9.7524 0 166 255
24.2928 -65.822 20.3987 0 166 255
5.07207 -37.6548 -1.85584 0 166 255
20.2105 1.99451 12.6539 0 166 255
23.4775 15.0608 -8.38296 0 166 255
23.12 16.9987 5.14734 0 166 255
22.003 -49.6906 25.4447 0 166 255
24.8533 -54.7762 13.6692 0 166 255
21.8999 -21.4759 -4.99673 0 166 255
27.7141 18.3692 1.68871 0 166 255
19.2015 -43.9639 19.3366 0 166 255
27.3301 -21.0469 2.41486 0 166 255
11.9557 -48.268 22.1557 0 166 255
20.3439 -49.9017 17.1067 0 166 255
24.7263 -58.8463 16.2435 0 166 255
28.2939 10.4013 -8.15038 0 166 255
28.4633 5.58934 4.24413 0 166 255
24.3261 16.9549 -6.1974 0 166 255
20.7058 -3.36609 -5.41294 0 166 255
19.4236 -36.9321 24.1503 0 166 255
26.4509 -39.2827 16.48 0 166 255
16.4543 -25.2007 17.1572 0 166 255
28.729 0.292446 -3.02438 0 166 255
21.2446 -59.8773 11.5803 0 166 255
21.6168 9.94089 3.86562 0 166 255
22.68 13.6151 6.11985 0 166 255
20.5707 3.67874 12.0672 0 166 255
20.96 -1.65503 -5.78446 0 166 255
14.4932 -17.3774 -9.54855 0 166 255
21.3339 -21.8301 19.9459 0 166 255
22.6124 -51.1146 25.1234 0 166 255
11.6182 -9.15186 -6.8268 0 166 255
14.8255 -43.7702 26.2629 0 166 255
20.9193 -5.45766 9.72694 0 166 255
15.7652 -11.1918 -10.9644 0 166 255
28.6546 36.6258 -7.72566 0 166 255
25.3995 -11.5435 -4.5846 0 166 255
19.626 -55.3894 12.0863 0 166 255
27.9362 -17.457 10.5783 0 166 255
22.8293 -27.6215 10.768 0 166 255
24.5503 -62.7957 19.52 0 166 255
23.3071 -18.5244 3.29638 0 166 255
23.9709 -50.5333 8.5421 0 166 255
21.94 -16.367 0.102475 0 166 255
27.1904 -7.53225 -3.5757 0 166 255
20.9122 -40.5142 16.1251 0 166 255
28.1043 30.5696 -3.58417 0 166 255
28.3769 -17.1243 4.37369 0 166 255
21.3725 -55.8431 5.87806 0 166 255
26.1201 -28.893 16.5475 0 166 255
21.7708 -27.3765 4.0475 0 166 255
18.0238 -29.4569 22.6887 0 166 255
27.1503 -34.7259 13.7902 0 166 255
21.0726 5.11329 11.9261 0 166 255
25.8016 -49.0905 14.783 0 166 255
23.6233 10.5666 -6.59078 0 166 255
23.7196 22.1968 -0.898285 0 166 255
18.5593 -56.0661 9.65264 0 166 255
23.5212 3.2232 -4.3025 0 166 255
21.8681 -7.26874 -3.14749 0 166 255
8.64773 -22.7597 -5.86326 0 166 255
22.4538 -33.1597 11.541 0 166 255
29.1969 34.7827 -11.9073 0 166 255
24.2055 -5.40311 2.99783 0 166 255
14.6082 -40.7068 20.2865 0 166 255
24.9806 -25.8987 17.7156 0 166 255
15.6214 -19.7604 -3.63114 0 166 255
12.4728 -42.4946 -3.27131 0 166 255
25.8035 -48.9817 17.3128 0 166 255
26.4338 -4.85199 10.8544 0 166 255
20.7477 -40.5568 24.4535 0 166 255
23.5483 -16.4342 3.18782 0 166 255
23.1958 -15.6571 9.19857 0 166 255
21.2035 3.38608 -7.32085 0 166 255
24.8867 -57.1569 15.8027 0 166 255
17.9895 -6.98357 -6.38309 0 166 255
20.9363 -23.6885 1.3543 0 166 255
13.2643 -54.442 24.1345 0 166 255
21.1782 -53.7072 4.78273 0 166 255
28.4358 18.5463 0.162539 0 166 255
20.8457 -47.7045 12.9216 0 166 255
21.2843 -3.99778 8.88437 0 166 255
21.5223 7.16258 9.32533 0 166 255
16.4267 -17.2874 -9.3102 0 166 255
27.7481 -28.3124 10.8641 0 166 255
24.8473 38.9025 -7.33024 0 166 255
15.265 -15.9296 -4.95116 0 166 255
24.1451 1.75358 1.71095 0 166 255
13.7436 -27.7307 -1.99361 0 166 255
26.0587 -45.0494 17.2107 0 166 255
29.3392 21.3308 -8.30449 0 166 255
17.6555 -40.035 19.8864 0 166 255
23.3898 23.0201 -3.32897 0 166 255
19.1847 -23.3423 15.845 0 166 255
26.6994 -34.1226 15.7798 0 166 255
9.80504 -36.7781 -0.376086 0 166 255
26.0163 13.9481 5.54979 0 166 255
28.7524 -12.7489 4.55939 0 166 255
12.3936 -33.415 -0.863682 0 166 255
27.4096 -29.5563 13.1403 0 166 255
23.8672 29.5067 -8.32708 0 166 255
25.1466 32.5815 -2.72878 0 166 255
20.9399 -42.3587 15.9204 0 166 255
17.6237 -59.68 23.4987 0 166 255
19.0086 -11.2472 -10.3011 0 166 255
25.1287 -45.1725 8.70223 0 166 255
22.9696 17.4712 -14.8058 0 166 255
11.6875 -23.6929 -7.70848 0 166 255
22.9062 -12.1825 -7.03899 0 166 255
22.7142 -14.2178 0.492516 0 166 255
17.8435 -12.3851 14.4893 0 166 255
18.157 -18.6879 -8.36024 0 166 255
22.5972 -30.3769 11.473 0 166 255
19.3303 -49.6014 8.85045 0 166 255
18.7143 -26.9495 -5.55948 0 166 255
15.7641 -48.1167 4.08594 0 166 255
24.2937 -7.07785 13.7881 0 166 255
6.44627 -29.0214 -2.90949 0 166 255
21.1331 -6.92185 15.8158 0 166 255
14.2573 -37.9029 0.684796 0 166 255
27.5976 6.05861 5.88226 0 166 255
22.0462 21.765 -14.6941 0 166 255
20.3059 7.26953 -9.58657 0 166 255
15.9547 -30.6271 18.254 0 166 255
16.4241 1.96424 -11.6782 0 166 255
21.5863 11.1276 -9.77839 0 166 255
23.279 -12.0218 0.754968 0 166 255
15.592 -20.4987 -8.53742 0 166 255
15.0746 -0.777727 -11.031 0 166 255
28.5321 27.1291 -3.25408 0 166 255
19.4404 -28.7276 1.42129 0 166 255
12.8483 -30.0992 22.4137 0 166 255
24.1224 -18.6536 -3.72224 0 166 255
19.259 -47.659 7.87821 0 166 255
25.8172 36.4959 -11.4282 0 166 255
21.9923 2.6424 5.95961 0 166 255
27.7556 -14.1128 10.6127 0 166 255
24.0542 24.1238 -7.71697 0 166 255
14.2827 -49.7522 27.7729 0 166 255
19.3281 -48.9475 19.817 0 166 255
16.2947 -53.7129 28.6948 0 166 255
25.8622 -22.7388 15.896 0 166 255
15.2351 -36.8304 -4.16004 0 166 255
14.8737 -62.4985 26.5563 0 166 255
26.9459 11.2214 5.26215 0 166 255
28.4732 2.77351 5.02614 0 166 255
13.2011 -37.2979 19.8126 0 166 255
27.9899 -11.4282 -0.0498943 0 166 255
25.7769 7.71135 7.83187 0 166 255
14.0577 -60.5383 25.8196 0 166 255
28.6066 7.58199 3.26157 0 166 255
24.8502 -47.8617 21.1798 0 166 255
22.2157 -54.8663 6.88717 0 166 255
27.2784 -24.3241 13.2874 0 166 255
28.1658 7.58861 -7.56125 0 166 255
29.3006 6.06587 0.4806 0 166 255
18.4023 -26.2529 21.8828 0 166 255
20.8328 -32.7826 4.53914 0 166 255
26.2183 -15.8416 -1.90721 0 166 255
11.0648 -42.4862 24.3346 0 166 255
27.8753 -9.42126 -1.39117 0 166 255
14.452 -26.2865 20.127 0 166 255
23.866 17.8193 -2.81734 0 166 255
27.886 -8.70741 9.32883 0 166 255
17.8554 -44.0525 4.71912 0 166 255
23.9471 20.1934 4.91354 0 166 255
26.2147 34.651 -13.3971 0 166 255
26.9845 -36.1852 14.4259 0 166 255
22.7229 -6.49526 14.8 0 166 255
26.4953 -31.9513 16.1359 0 166 255
14.1515 -54.0772 28.9141 0 166 255
20.1188 -56.7953 18.0822 0 166 255
14.8194 -21.2992 20.8439 0 166 255
27.1585 17.5209 2.89027 0 166 255
28.8894 5.37302 -4.03758 0 166 255
26.2226 -42.668 11.0453 0 166 255
23.7689 7.00272 1.11437 0 166 255
23.0962 -61.1544 26.2886 0 166 255
22.3738 4.12209 11.7079 0 166 255
22.6511 28.8653 -15.0162 0 166 255
18.4799 -14.4459 -3.89142 0 166 255
25.6538 -40.4414 18.8599 0 166 255
21.8286 9.79216 9.24027 0 166 255
21.5086 -0.188669 -5.5234 0 166 255
21.9631 -26.5697 13.2958 0 166 255
16.378 -16.2649 18.0035 0 166 255
22.8154 -26.5905 6.10238 0 166 255
16.3768 -43.9207 3.36482 0 166 255
25.0294 -50.6353 11.5107 0 166 255
21.8556 -47.4 25.1333 0 166 255
18.0873 -44.9274 26.2247 0 166 255
25.4591 30.9467 -0.68827 0 166 255
23.2965 -24.8521 6.91274 0 166 255
24.5857 -25.6315 -0.68697 0 166 255
22.2196 -32.4496 13.0614 0 166 255
6.91727 -27.1247 -1.90914 0 166 255
20.325 -52.2055 16.7024 0 166 255
22.5256 11.3487 8.97213 0 166 255
13.1134 -47.0799 21.8499 0 166 255
23.8122 26.5011 -4.17121 0 166 255
23.6467 36.1364 -7.47973 0 166 255
22.2786 -1.25414 6.60306 0 166 255
26.4256 12.9889 -12.1602 0 166 255
24.8061 -30.967 19.0097 0 166 255
21.1176 -42.4548 10.2883 0 166 255
22.1483 -28.249 5.17015 0 166 255
5.90496 -36.4307 0.0646696 0 166 255
22.9959 -48.9126 5.84277 0 166 255
17.3102 -59.6403 30.0672 0 166 255
21.5049 -42.3967 13.6138 0 166 255
20.126 -30.43 22.5531 0 166 255
27.4838 -32.2147 11.6162 0 166 255
23.02 -25.7729 10.6586 0 166 255
28.925 4.67168 3.02322 0 166 255
18.1908 -42.2217 -1.46166 0 166 255
23.7593 12.6108 -7.05882 0 166 255
19.3324 -3.36888 10.6128 0 166 255
22.1692 -23.2829 12.4019 0 166 255
26.9855 33.4365 -2.70966 0 166 255
20.3279 -11.3228 17.4725 0 166 255
9.91877 -11.8912 -7.57412 0 166 255
7.77897 -26.4093 -5.07537 0 166 255
27.9946 37.4633 -6.33273 0 166 255
27.3705 3.22193 7.14046 0 166 255
23.6612 -19.9801 8.39033 0 166 255
23.0015 -40.257 2.49152 0 166 255
25.3779 -48.4989 11.4814 0 166 255
28.1035 3.72968 -6.21343 0 166 255
24.8882 -27.4933 0.425179 0 166 255
23.9523 31.899 -12.2274 0 166 255
26.4557 1.02905 -8.01534 0 166 255
16.5656 -44.9312 -1.55431 0 166 255
24.4786 22.3794 -15.7263 0 166 255
22.0892 20.0411 -14.7352 0 166 255
27.3331 -17.3104 0.758218 0 166 255
11.9776 -60.6993 29.6432 0 166 255
10.4182 -21.1708 -3.76613 0 166 255
20.7959 17.3636 -12.4504 0 166 255
17.6903 -57.8896 23.1532 0 166 255
26.7731 5.25846 -9.06424 0 166 255
13.1681 -33.3233 23.5951 0 166 255
23.8699 5.82109 -4.3812 0 166 255
24.2743 21.7552 3.95894 0 166 255
23.202 -51.2496 7.21608 0 166 255
8.70273 -28.4535 -6.00892 0 166 255
26.3696 -11.9699 -2.94913 0 166 255
23.7419 -21.6616 7.50292 0 166 255
26.029 -39.2269 17.8932 0 166 255
25.7367 -43.75 9.67507 0 166 255
25.9959 -36.8334 6.64207 0 166 255
28.8915 10.895 -6.52582 0 166 255
25.9588 -42.0416 9.43698 0 166 255
28.6108 37.4689 -10.392 0 166 255
8.62959 -19.1173 -5.41731 0 166 255
25.6234 -44.3612 19.1066 0 166 255
21.9236 9.99463 6.18536 0 166 255
21.0903 -7.78886 10.2225 0 166 255
20.2451 -45.0334 8.80696 0 166 255
20.4339 -49.8195 2.48126 0 166 255
16.2953 -47.8548 -0.902714 0 166 255
24.3001 -14.1657 -5.1029 0 166 255
23.0967 -26.8479 7.69219 0 166 255
22.4117 13.5962 3.97522 0 166 255
27.2671 -32.1854 8.67015 0 166 255
19.7458 -60.2528 29.3536 0 166 255
24.0943 -60.1934 23.8482 0 166 255
19.9808 -43.7754 7.54598 0 166 255
20.1439 -54.5968 13.7096 0 166 255
29.3003 15.624 -1.71483 0 166 255
20.1425 -56.1101 16.5427 0 166 255
14.7716 3.80553 -11.1221 0 166 255
23.1028 13.7204 -14.6676 0 166 255
27.6956 -13.3195 0.0374694 0 166 255
23.6863 -52.5367 8.82454 0 166 255
6.85981 -36.4439 -3.66823 0 166 255
12.9409 -12.8522 -5.96621 0 166 255
19.106 -34.7074 -3.03246 0 166 255
14.9732 -23.9518 -2.69309 0 166 255
14.1206 -25.6042 -7.26652 0 166 255
11.5759 -50.7447 27.9301 0 166 255
28.9504 15.062 -7.96762 0 166 255
27.8711 24.1081 -13.7872 0 166 255
22.9478 19.7005 -10.9586 0 166 255
26.3484 -17.448 14.0245 0 166 255
17.8661 -28.6052 -5.4881 0 166 255
18.9727 -5.64941 13.6289 0 166 255
23.1166 -6.86033 -8.87619 0 166 255
7.75973 -25.6236 -2.077 0 166 255
16.6476 -39.4437 -2.98548 0 166 255
20.6159 -45.5229 16.7073 0 166 255
21.6764 -14.5203 -7.34526 0 166 255
21.3026 14.0539 -11.0716 0 166 255
27.9891 -23.6285 10.0888 0 166 255
23.4888 22.9363 -10.9942 0 166 255
21.9972 -23.9788 2.98584 0 166 255
11.0398 -40.9265 -1.1516 0 166 255
23.4294 30.287 -14.8481 0 166 255
20.243 -19.5163 14.2341 0 166 255
23.705 -12.6785 7.20499 0 166 255
22.624 -57.5037 8.69378 0 166 255
18.3952 -23.6626 -6.6938 0 166 255
24.9587 15.4771 6.08323 0 166 255
23.083 -7.45873 7.22673 0 166 255
25.4952 -46.2373 19.5025 0 166 255
19.6704 -18.1007 -7.76528 0 166 255
25.0885 37.0195 -5.19701 0 166 255
21.1698 8.96261 -9.36421 0 166 255
18.4806 -49.2453 21.1238 0 166 255
27.3217 -33.7269 12.629 0 166 255
20.5572 -52.7799 3.59964 0 166 255
11.7708 -42.1604 -1.70042 0 166 255
23.6161 -3.18309 -9.68402 0 166 255
17.3334 -21.3241 -2.43485 0 166 255
23.4145 18.5321 4.45633 0 166 255
23.6661 -52.2955 23.9038 0 166 255
19.5258 -21.546 20.5345 0 166 255
25.2494 -16.631 -3.02424 0 166 255
12.98 -56.1782 24.6995 0 166 255
16.8171 -37.548 24.6843 0 166 255
13.9653 -1.95972 -10.4905 0 166 255
21.4549 8.79995 5.32966 0 166 255
20.4003 -1.45046 -12.5684 0 166 255
19.7612 -1.10359 12.6405 0 166 255
27.7976 -25.6357 7.35028 0 166 255
16.1856 -22.0398 17.4227 0 166 255
27.0516 -32.5716 14.5182 0 166 255
28.9077 -5.27843 0.822533 0 166 255
19.736 -21.8001 15.0618 0 166 255
26.7118 -20.1498 0.624128 0 166 255
22.6542 -52.6574 25.3687 0 166 255
27.9167 20.499 -12.4896 0 166 255
20.1785 -62.1244 27.4729 0 166 255
17.1549 -54.2854 23.225 0 166 255
22.5283 -18.6064 1.83868 0 166 255
23.6606 9.33205 9.17311 0 166 255
20.4941 -14.0523 -8.45246 0 166 255
22.6698 -16.9866 10.6539 0 166 255
24.1033 27.0749 -14.9756 0 166 255
26.0218 16.0912 4.82131 0 166 255
24.5554 -62.1314 21.0821 0 166 255
29.3035 28.4534 -6.90163 0 166 255
23.0992 -22.8151 10.6483 0 166 255
23.5715 -17.0833 8.39668 0 166 255
20.4168 1.56166 9.79186 0 166 255
23.115 0.653868 -11.4051 0 166 255
13.7827 -39.5327 -3.78378 0 166 255
21.4775 -3.53224 14.6189 0 166 255
16.7419 -12.8976 -10.5675 0 166 255
26.5762 -33.5556 6.7207 0 166 255
17.8599 -50.3961 0.634479 0 166 255
26.5942 -34.9958 7.53837 0 166 255
18.8738 -25.1722 -0.143571 0 166 255
22.2624 -4.5622 7.79826 0 166 255
11.1197 -6.88905 -9.02375 0 166 255
16.4288 -61.6783 27.0906 0 166 255
23.9314 21.333 -9.03482 0 166 255
21.1663 -20.8814 0.680336 0 166 255
18.2057 -37.5638 19.2674 0 166 255
24.2644 1.60491 -1.45649 0 166 255
14.3322 -30.2246 -6.04749 0 166 255
24.7458 -40.906 20.6945 0 166 255
16.6531 -20.7306 16.3376 0 166 255
27.7021 11.8772 3.84517 0 166 255
22.1104 17.4079 -11.3118 0 166 255
23.4225 19.1758 -15.1009 0 166 255
21.6145 -43.7481 24.6311 0 166 255
18.2113 -51.2491 7.59844 0 166 255
25.2004 11.7237 -13.0288 0 166 255
23.9133 -16.4393 6.83895 0 166 255
21.3574 -23.6498 13.7749 0 166 255
15.7479 -29.8845 -5.86229 0 166 255
22.4711 2.99303 -5.79918 0 166 255
16.7402 -35.7486 19.3102 0 166 255
29.4272 9.95161 -3.0594 0 166 255
22.5864 -2.45377 -10.8221 0 166 255
20.4982 -36.3227 17.0644 0 166 255
14.4055 -30.41 19.2652 0 166 255
9.69228 -39.8438 -2.96783 0 166 255
28.347 25.0159 -2.03264 0 166 255
27.3869 22.5602 -14.1404 0 166 255
23.0257 -10.3748 15.7151 0 166 255
20.2798 -61.6664 29.1224 0 166 255
10.3502 -29.3696 -6.19484 0 166 255
16.5905 -49.9585 22.4842 0 166 255
19.1462 -54.7583 28.2382 0 166 255
25.2023 -7.5202 -6.49688 0 166 255
9.16979 -23.6238 -2.8876 0 166 255
15.3853 -50.2222 2.31798 0 166 255
18.6536 -53.5511 8.99076 0 166 255
18.9819 -57.476 10.7756 0 166 255
24.9464 -24.0236 -0.771161 0 166 255
23.2774 -9.77197 -0.115125 0 166 255
21.228 -36.8981 15.2301 0 166 255
23.2981 -56.3031 25.1152 0 166 255
22.0647 11.8149 -14.0581 0 166 255
18.1161 -10.6349 14.6236 0 166 255
17.952 -4.05464 -11.1491 0 166 255
15.0304 -36.0394 0.577359 0 166 255
17.853 -51.1585 27.7586 0 166 255
20.2124 -46.5954 17.7898 0 166 255
23.3127 -59.3527 25.5728 0 166 255
20.4179 9.19729 -13.3431 0 166 255
19.0343 -5.46402 11.8782 0 166 255
26.9979 -24.9166 3.54994 0 166 255
21.6733 -12.1611 -8.14905 0 166 255
25.98 20.7804 -15.4233 0 166 255
29.4988 13.4251 -3.94307 0 166 255
20.657 -31.8541 22.6934 0 166 255
19.1655 -8.08241 -11.2329 0 166 255
19.7435 -66.1804 21.4001 0 166 255
21.3392 -60.4769 28.334 0 166 255
21.3903 -49.5828 3.55134 0 166 255
24.2696 -33.0932 20.0888 0 166 255
15.9924 -14.658 18.5001 0 166 255
27.7282 -28.4946 9.15376 0 166 255
22.8982 -1.38725 13.1173 0 166 255
21.7333 -19.3751 0.86567 0 166 255
19.31 -49.58 26.9802 0 166 255
23.1844 -18.8821 9.7579 0 166 255
26.6868 -30.5149 15.5749 0 166 255
14.925 -51.5078 28.2153 0 166 255
18.9972 -53.9565 3.5621 0 166 255
21.5998 -40.7081 12.6125 0 166 255
11.6509 -46.8038 23.1183 0 166 255
12.1677 -59.3661 30.2147 0 166 255
26.7464 -1.82736 -6.33699 0 166 255
24.235 -3.49581 2.47143 0 166 255
23.6291 32.2756 -6.16278 0 166 255
11.3149 -8.96575 -9.31388 0 166 255
24.4461 -64.1789 20.4463 0 166 255
11.3171 -40.9721 24.4011 0 166 255
21.7768 -14.8848 -0.676598 0 166 255
25.6277 2.06566 -9.468 0 166 255
27.6257 -29.9378 11.4838 0 166 255
29.2551 19.038 -8.00436 0 166 255
20.5374 -20.2152 19.8684 0 166 255
23.4982 24.8223 -4.55797 0 166 255
17.6694 -17.0753 19.7082 0 166 255
23.3401 -5.82258 -1.13492 0 166 255
11.1188 -40.5041 -3.81325 0 166 255
9.79669 -17.9701 -7.87502 0 166 255
22.9117 -0.807364 -3.45741 0 166 255
22.4575 -8.27162 8.60867 0 166 255
27.9239 -25.4854 9.05387 0 166 255
14.2576 -34.2782 18.9673 0 166 255
12.2129 -61.1129 26.1194 0 166 255
19.3444 -21.742 -6.82002 0 166 255
13.9627 -32.659 19.8157 0 166 255
12.1105 -18.6723 -9.00336 0 166 255
24.9265 -57.7444 19.9219 0 166 255
24.4731 -24.4004 18.0158 0 166 255
20.9725 -13.7164 12.1282 0 166 255
22.9591 15.3721 5.22816 0 166 255
25.2943 -54.0212 16.2502 0 166 255
22.5565 -12.8649 -0.242207 0 166 255
24.4589 32.4917 -4.59466 0 166 255
21.9588 4.47974 5.37021 0 166 255
23.2091 33.4568 -7.60348 0 166 255
23.7307 31.9986 -8.64177 0 166 255
19.24 -20.38 -1.49219 0 166 255
14.0935 -17.3749 -4.67861 0 166 255
23.1158 -38.5037 2.01853 0 166 255
29.4639 24.1149 -7.49251 0 166 255
20.5318 -2.42183 14.6886 0 166 255
20.9195 -61.3297 14.4693 0 166 255
23.0491 12.4555 0.950908 0 166 255
22.654 16.7932 -0.00863409 0 166 255
13.726 -33.5543 -5.29068 0 166 255
22.3722 11.8633 6.33821 0 166 255
18.3495 -25.9897 16.8574 0 166 255
26.9986 31.7737 -14.0291 0 166 255
24.3718 -1.73228 12.1306 0 166 255
17.7411 11.6007 -12.6503 0 166 255
25.4645 -31.7988 3.21627 0 166 255
15.1902 -32.8345 18.6908 0 166 255
12.1478 -43.762 21.6686 0 166 255
26.5045 -5.40793 -5.50982 0 166 255
21.4114 -31.4545 5.01508 0 166 255
12.5992 -8.2003 -9.89101 0 166 255
23.0606 15.8393 -14.7037 0 166 255
18.7864 -30.7039 1.43889 0 166 255
23.0529 7.51834 2.81236 0 166 255
25.4737 -7.95087 12.8781 0 166 255
27.4375 -30.0492 7.92106 0 166 255
22.4456 -31.6025 -1.30476 0 166 255
23.0814 23.076 -14.9713 0 166 255
13.4271 -35.1503 -0.231572 0 166 255
22.376 -32.0136 8.16218 0 166 255
24.5262 26.3584 -1.89259 0 166 255
26.7761 -37.6532 10.0116 0 166 255
27.9452 -18.0141 2.85753 0 166 255
27.3814 -10.1566 10.6516 0 166 255
9.93842 -19.8118 -7.78411 0 166 255
15.2091 -21.665 19.3404 0 166 255
12.3401 -38.525 22.8063 0 166 255
24.0097 -63.45 24.2132 0 166 255
23.9627 -4.86176 13.408 0 166 255
21 -46.1255 12.6723 0 166 255
20.6841 -34.368 4.84404 0 166 255
12.3782 -16.4645 -5.00137 0 166 255
27.6584 -7.16714 9.45921 0 166 255
25.5867 -1.06574 -8.41167 0 166 255
24.868 13.3658 6.87553 0 166 255
21.7859 -2.87206 -4.41573 0 166 255
22.8673 -67.3801 21.815 0 166 255
14.4668 -28.7117 -6.41387 0 166 255
19.9216 8.48541 -10.3612 0 166 255
26.0532 -18.4416 -1.16559 0 166 255
12.7361 -42.7617 20.7891 0 166 255
6.94336 -27.7013 -3.97498 0 166 255
20.0419 -17.7433 19.3744 0 166 255
25.2289 -20.0877 -1.77966 0 166 255
19.9663 -0.974209 10.9453 0 166 255
15.931 -44.7367 21.2011 0 166 255
23.8196 -66.7326 17.9792 0 166 255
24.6596 -60.2117 17.1998 0 166 255
10.9142 -27.7221 -6.62816 0 166 255
22.4645 -40.7252 23.3916 0 166 255
29.504 19.2713 -5.24912 0 166 255
24.4467 -1.48777 -9.54008 0 166 255
17.1091 -60.9756 24.6367 0 166 255
22.5423 7.11489 -7.11482 0 166 255
19.7659 -60.2692 14.8133 0 166 255
18.0813 -14.3707 14.0172 0 166 255
12.084 -37.0821 23.2176 0 166 255
21.8653 11.4794 4.23837 0 166 255
12.5091 -45.6292 21.4435 0 166 255
15.0733 -13.1546 -10.6173 0 166 255
29.0969 31.4499 -7.04988 0 166 255
23.5671 25.9794 -6.06353 0 166 255
8.33647 -36.236 -4.59285 0 166 255
24.0531 33.5463 -11.5046 0 166 255
25.7442 22.2595 3.04217 0 166 255
27.1621 34.9231 -3.63146 0 166 255
10.5306 -51.1766 26.8752 0 166 255
12.1747 -28.4727 -1.99396 0 166 255
14.7204 -7.58835 -7.44271 0 166 255
23.4695 -64.9065 23.235 0 166 255
25.4238 6.15928 8.68487 0 166 255
16.4012 -60.9972 30.2147 0 166 255
23.9657 25.4417 -8.51933 0 166 255
24.0382 30.4276 -11.3898 0 166 255
11.3018 -26.9994 -2.39686 0 166 255
11.6079 -30.0248 -1.6893 0 166 255
23.4518 9.99253 1.00553 0 166 255
25.4208 -33.8819 3.98789 0 166 255
21.769 26.0022 -14.7003 0 166 255
20.8204 -44.381 10.2405 0 166 255
23.8306 -13.0531 15.8178 0 166 255
19.5815 -21.7211 -0.770556 0 166 255
28.5595 -11.8023 2.45234 0 166 255
29.0816 0.307985 3.02615 0 166 255
24.078 34.1912 -13.0849 0 166 255
22.3116 -5.31253 -3.15744 0 166 255
21.2657 -27.8525 14.7073 0 166 255
28.5967 -16.0766 5.72113 0 166 255
23.2278 -35.6251 1.09288 0 166 255
22.4969 6.82317 -13.6886 0 166 255
28.1053 13.2237 2.69012 0 166 255
7.59479 -31.9846 -0.944766 0 166 255
16.9731 -56.1646 23.7314 0 166 255
18.5223 -0.73937 -7.88227 0 166 255
26.4353 6.08576 7.59843 0 166 255
23.8842 -61.9669 24.5785 0 166 255
22.2631 -23.5178 19.7922 0 166 255
18.8637 -59.7212 21.6234 0 166 255
28.2217 -6.29794 -1.92813 0 166 255
27.869 -20.4769 3.89171 0 166 255
20.1436 0.389215 13.9209 0 166 255
19.1998 -62.9872 26.0592 0 166 255
23.9416 20.791 2.55135 0 166 255
22.2208 10.2883 -8.72559 0 166 255
25.9832 -47.7763 15.7071 0 166 255
19.3056 -45.8596 7.18091 0 166 255
23.371 -14.1097 8.31868 0 166 255
9.00766 -38.5675 -0.0352011 0 166 255
24.2458 8.2803 -1.02537 0 166 255
13.2569 -35.3487 20.5429 0 166 255
24.4361 -12.1125 -5.55152 0 166 255
27.0423 -2.42774 9.30852 0 166 255
17.3276 -26.9966 -6.18382 0 166 255
20.6219 20.5772 -13.8339 0 166 255
24.4202 -56.7447 13.0277 0 166 255
27.8471 -24.2795 6.56532 0 166 255
24.1552 -8.7369 2.3772 0 166 255
13.6774 -14.287 -5.59627 0 166 255
27.0418 35.9802 -12.4202 0 166 255
12.679 -36.5422 21.5026 0 166 255
16.5417 -57.0496 29.524 0 166 255
17.8674 -64.5558 24.007 0 166 255
28.9197 -6.60232 1.57732 0 166 255
18.1344 -45.841 5.62663 0 166 255
19.6692 5.16016 -12.657 0 166 255
16.8532 4.87351 -10.6652 0 166 255
16.3403 -26.6442 17.4767 0 166 255
29.4115 23.7417 -5.70286 0 166 255
22.7338 -15.6954 17.3972 0 166 255
7.99845 -33.9695 -4.8956 0 166 255
24.2089 -47.9339 7.83959 0 166 255
12.1122 -14.171 -5.5354 0 166 255
19.6605 -62.5146 20.3699 0 166 255
20.8661 7.63821 -13.179 0 166 255
28.0464 28.9905 -2.79792 0 166 255
14.1284 -7.80287 -10.5709 0 166 255
27.2709 -5.69568 9.82048 0 166 255
26.749 37.2593 -4.00296 0 166 255
29.2227 14.1301 -6.51066 0 166 255
16.3804 -18.9212 -8.82596 0 166 255
19.4833 -56.9769 8.46613 0 166 255
21.5943 -19.2136 19.1022 0 166 255
29.4998 22.1624 -7.05078 0 166 255
26.0674 -13.0242 13.4412 0 166 255
15.5946 -61.149 28.7358 0 166 255
8.39738 -30.7269 -1.32123 0 166 255
23.6102 -23.085 18.6048 0 166 255
12.4625 -40.9096 21.3812 0 166 255
29.2649 7.64234 0.49165 0 166 255
28.7181 -11.5217 5.77282 0 166 255
27.0956 -0.446476 8.64666 0 166 255
22.3767 14.7254 2.73066 0 166 255
21.1867 5.26574 9.86382 0 166 255
21.2354 -43.8723 14.0029 0 166 255
26.4963 -41.0125 11.1524 0 166 255
29.2956 4.48951 0.0501504 0 166 255
20.4469 -12.9 -2.87692 0 166 255
28.7073 -3.0908 -1.48714 0 166 255
16.5887 -27.3993 -1.11456 0 166 255
16.3053 0.131298 -9.313 0 166 255
24.8706 -30.1043 1.36879 0 166 255
19.3524 16.522 -13.3057 0 166 255
26.3571 19.1933 3.37343 0 166 255
25.0981 -55.69 16.2069 0 166 255
18.2358 -36.6151 2.86899 0 166 255
22.2039 20.8981 -12.1935 0 166 255
25.5393 -20.7714 15.9274 0 166 255
24.2538 -21.873 17.6803 0 166 255
5.75135 -32.299 -0.648562 0 166 255
23.0586 -16.876 -5.4412 0 166 255
18.7671 -6.33586 -11.8161 0 166 255
17.2437 -37.2672 -3.32558 0 166 255
23.4333 24.4114 -11.374 0 166 255
27.021 -27.0419 4.66278 0 166 255
15.5351 0.564718 -11.3443 0 166 255
19.3044 -5.48973 -5.91099 0 166 255
29.1938 27.3039 -5.59716 0 166 255
17.5599 -48.1109 -0.190634 0 166 255
13.5149 -39.2387 19.9605 0 166 255
23.796 -14.5287 3.24718 0 166 255
14.6973 -13.0416 -5.85175 0 166 255
22.4017 -21.0222 11.753 0 166 255
22.1989 -34.91 -0.443119 0 166 255
24.5243 -60.5518 22.0739 0 166 255
18.2726 -8.7486 15.11 0 166 255
14.2295 -29.563 -1.40779 0 166 255
27.9986 -7.90763 -1.75937 0 166 255
18.0135 -44.688 20.4534 0 166 255
23.2208 -28.2159 20.166 0 166 255
22.68 8.58149 10.0459 0 166 255
18.3891 -38.5533 24.7198 0 166 255
25.8684 -24.2828 0.728215 0 166 255
14.3459 -44.4767 2.28668 0 166 255
19.2355 -55.846 20.5042 0 166 255
17.1045 -47.6634 27.0293 0 166 255
23.9214 23.2044 -9.32997 0 166 255
18.4183 -53.2274 21.9608 0 166 255
23.872 -0.26741 3.26356 0 166 255
27.423 11.0341 -10.1277 0 166 255
23.2011 17.4839 2.85126 0 166 255
21.3896 -42.0739 11.9109 0 166 255
26.8928 30.6218 -1.45509 0 166 255
26.6882 24.1425 1.26357 0 166 255
23.2842 -10.093 7.58355 0 166 255
19.9464 -0.243996 9.55523 0 166 255
25.7061 3.8757 -9.98707 0 166 255
27.3233 -16.7094 12.0622 0 166 255
23.7793 -13.1406 2.55634 0 166 255
21.2087 -35.2267 15.5824 0 166 255
25.4924 -49.5078 19.1426 0 166 255
20.4309 -51.8064 13.2999 0 166 255
26.7715 -31.7867 6.43203 0 166 255
28.7265 -4.54198 -0.511345 0 166 255
19.7112 3.98525 -8.771 0 166 255
25.8025 7.80592 -11.1876 0 166 255
27.52 -25.7718 5.61346 0 166 255
22.6937 -29.6848 8.15716 0 166 255
28.0965 1.73524 -5.37276 0 166 255
9.65124 -16.2865 -7.83118 0 166 255
17.1388 -13.1713 18.6809 0 166 255
28.8409 -10.1932 3.59024 0 166 255
16.2039 -17.9815 20.0265 0 166 255
19.0109 -50.6683 20.6889 0 166 255
26.5336 -19.7295 14.1672 0 166 255
19.5018 -41.8144 18.753 0 166 255
26.6324 3.33382 -8.57878 0 166 255
14.3767 -48.9291 2.95294 0 166 255
20.355 15.5276 -12.2833 0 166 255
15.6737 -30.6836 23.1231 0 166 255
25.4392 -19.0542 15.653 0 166 255
17.8847 -51.2022 22.112 0 166 255
28.1951 16.5249 1.41777 0 166 255
20.6324 0.526428 8.03793 0 166 255
22.4984 -33.044 9.80449 0 166 255
28.5348 -13.7146 7.63383 0 166 255
29.2829 16.1791 -6.78642 0 166 255
25.2707 -36.1814 4.67501 0 166 255
25.7861 18.207 -14.6705 0 166 255
27.0854 -8.41232 10.784 0 166 255
27.5338 36.097 -4.76306 0 166 255
8.5408 -20.1356 -3.54373 0 166 255
16.9247 -30.6521 -5.28198 0 166 255
10.983 -54.0163 26.8438 0 166 255
15.8948 -17.5716 -4.30116 0 166 255
23.1086 -60.6927 11.1535 0 166 255
19.0007 12.4777 -12.1882 0 166 255
19.1659 5.2531 -9.60987 0 166 255
20.2625 -41.6966 -0.127088 0 166 255
21.5218 -9.71655 -2.74579 0 166 255
9.35596 -15.0065 -6.83891 0 166 255
14.7614 -45.08 -2.20065 0 166 255
15.8476 -48.6102 27.4168 0 166 255
18.141 3.9661 -9.78691 0 166 255
24.2384 9.52454 -4.26621 0 166 255
28.984 19.4156 -1.62327 0 166 255
23.9417 -66.3472 22.0631 0 166 255
26.3417 -9.89007 -4.02059 0 166 255
25.8276 -47.6225 13.1653 0 166 255
19.2055 -3.82592 13.6334 0 166 255
26.9995 -13.1611 12.0657 0 166 255
25.1053 -37.7793 5.05168 0 166 255
29.124 1.82864 2.3897 0 166 255
26.86 21.5619 1.95211 0 166 255
28.7413 6.59894 -5.26122 0 166 255
16.0715 -17.871 18.3716 0 166 255
20.0498 -24.2189 -5.6002 0 166 255
24.6907 -12.0113 14.763 0 166 255
24.0735 -56.0538 23.5238 0 166 255
8.74584 -20.7968 -6.02733 0 166 255
24.8001 -45.073 21.0381 0 166 255
22.1246 -53.0582 6.0064 0 166 255
21.2361 -3.47157 -11.4973 0 166 255
21.4783 -38.6491 14.4733 0 166 255
20.3354 -9.63641 16.9583 0 166 255
26.8781 -38.6578 12.0787 0 166 255
26.2623 -7.30769 -5.18356 0 166 255
19.4356 -9.06922 -4.86928 0 166 255
25.2467 -54.8473 18.1688 0 166 255
22.8368 -8.37918 -8.55446 0 166 255
20.1795 -42.1361 7.16759 0 166 255
19.3757 6.78607 -12.9326 0 166 255
21.5936 -31.9053 14.6924 0 166 255
19.619 -7.42112 -5.15925 0 166 255
18.1439 13.1845 -13.3419 0 166 255
25.4222 -39.4365 6.54363 0 166 255
19.4392 -36.69 3.99847 0 166 255
29.2234 33.1465 -12.0974 0 166 255
20.8877 -48.1983 14.8419 0 166 255
22.7346 14.0175 -9.40205 0 166 255
28.9505 -7.57365 2.81609 0 166 255
23.8034 28.9639 -12.0139 0 166 255
23.3466 9.06371 -14.0091 0 166 255
28.6443 -7.12543 -0.00264883 0 166 255
25.4796 -47.1351 10.9326 0 166 255
13.8084 -3.95767 -10.3596 0 166 255
23.8938 7.81311 -13.1618 0 166 255
13.3466 -45.5401 1.82298 0 166 255
13.3576 -55.3145 29.2656 0 166 255
23.0906 5.23635 3.51984 0 166 255
17.364 -29.0314 17.8302 0 166 255
21.592 -29.8764 14.4993 0 166 255
29.1264 -1.78691 0.156829 0 166 255
13.9632 -44.4677 21.2748 0 166 255
24.7105 -60.7769 18.7585 0 166 255
6.46565 -38.3553 0.00940657 0 166 255
15.5257 -6.3516 -7.64677 0 166 255
28.9665 6.08116 2.48062 0 166 255
14.1467 -52.0874 23.1965 0 166 255
28.0842 -0.0122452 -4.63483 0 166 255
29.2846 32.1557 -9.41886 0 166 255
27.3371 9.61733 5.21035 0 166 255
20.422 -53.0393 14.325 0 166 255
23.475 30.9455 -7.54968 0 166 255
27.0348 -37.2274 13.2121 0 166 255
28.4544 -4.81259 6.8864 0 166 255
29.4941 20.4634 -6.76737 0 166 255
20.0994 12.581 -13.5527 0 166 255
17.5368 -54.834 28.7558 0 166 255
13.9528 -42.3452 25.9201 0 166 255
11.88 -13.7719 -9.52791 0 166 255
19.6489 -2.45655 11.8837 0 166 255
22.4024 -45.9727 24.4189 0 166 255
20.8835 4.34494 7.93743 0 166 255
15.7919 -14.853 -10.1356 0 166 255
17.4477 -48.162 21.589 0 166 255
17.8549 -64.2546 25.493 0 166 255
13.5619 -35.0054 -4.94498 0 166 255
24.3963 -63.6819 22.2216 0 166 255
26.3064 -43.9098 15.8838 0 166 255
29.0972 21.7994 -9.6869 0 166 255
20.2465 0.700378 11.5634 0 166 255
29.0688 -4.61119 2.71669 0 166 255
17.5657 -10.9722 16.3684 0 166 255
17.6748 -16.0193 -9.35677 0 166 255
19.1248 -39.3129 18.8462 0 166 255
23.1679 -43.4148 3.9199 0 166 255
24.2442 23.4939 -0.193522 0 166 255
21.6718 -33.7592 6.44984 0 166 255
29.1317 27.5494 -11.2696 0 166 255
24.1416 -10.3331 3.05372 0 166 255
29.1686 25.0834 -4.53393 0 166 255
28.4763 29.6633 -14.299 0 166 255
21.0892 3.95532 6.51885 0 166 255
27.3071 -11.5931 11.1539 0 166 255
12.7592 -6.23853 -7.88271 0 166 255
22.6482 -57.646 26.3097 0 166 255
25.4978 -27.5445 17.3696 0 166 255
24.4109 11.1359 -3.88793 0 166 255
22.5273 -65.4008 17.293 0 166 255
15.7909 -22.468 21.1671 0 166 255
23.9645 -15.8199 5.00518 0 166 255
12.9488 -40.8523 -3.59486 0 166 255
13.2726 -50.5966 22.8196 0 166 255
16.0889 -38.4874 1.72392 0 166 255
21.5131 14.082 -14.0115 0 166 255
16.5384 -24.0753 21.5346 0 166 255
27.6592 -20.1132 11.6902 0 166 255
22.3753 -37.4511 22.8336 0 166 255
13.655 -40.3835 1.07048 0 166 255
23.0236 17.858 -10.2464 0 166 255
24.2576 5.26039 0.286893 0 166 255
15.8923 -50.3507 27.8628 0 166 255
24.4366 -58.7149 14.3416 0 166 255
29.3828 22.2119 -4.63066 0 166 255
20.5882 -48.1951 11.5557 0 166 255
20.1587 -45.9458 25.864 0 166 255
18.0324 -52.9579 28.1615 0 166 255
10.2147 -30.4937 -1.66336 0 166 255
19.3754 -42.8532 25.4574 0 166 255
7.58319 -39.7336 0.0750165 0 166 255
16.2803 -9.3385 -11.2124 0 166 255
18.1477 -48.9052 6.63227 0 166 255
23.7574 -59.3209 12.1625 0 166 255
27.3346 0.0564957 -6.13535 0 166 255
10.4885 -39.469 -0.267049 0 166 255
28.5009 35.4997 -6.71171 0 166 255
17.766 0.665632 -11.6585 0 166 255
25.3518 0.406813 -9.24037 0 166 255
23.3542 -0.623011 -10.8053 0 166 255
13.7847 -32.2662 -0.845923 0 166 255
17.4205 -25.333 -1.19364 0 166 255
21.1404 -5.08768 15.2652 0 166 255
27.718 -27.4987 7.93463 0 166 255
23.5347 -40.5846 22.3309 0 166 255
27.3805 8.55825 -9.33809 0 166 255
22.0149 27.5514 -14.8493 0 166 255
12.7779 -43.4804 1.35236 0 166 255
19.8568 -33.3123 3.38382 0 166 255
21.4432 -40.702 10.4915 0 166 255
16.6674 -24.0196 -2.03122 0 166 255
23.2128 -59.0534 10.4958 0 166 255
11.3317 -45.325 24.0079 0 166 255
25.4462 -51.2878 14.1388 0 166 255
27.2353 -9.08859 -2.89579 0 166 255
28.1135 -22.571 6.9037 0 166 255
22.3946 -18.7314 11.4297 0 166 255
22.234 23.4571 -13.0208 0 166 255
22.1727 -34.0282 8.34682 0 166 255
19.559 1.37148 -7.90277 0 166 255
23.9132 -14.6059 6.64102 0 166 255
17.6197 -14.8937 19.1222 0 166 255
20.337 -51.7013 27.0072 0 166 255
13.223 -10.3863 -10.3566 0 166 255
27.809 28.8639 -15.5397 0 166 255
10.9207 -17.4666 -8.64592 0 166 255
20.9823 -64.3269 17.5069 0 166 255
28.2535 -15.5543 2.80495 0 166 255
22.1671 -30.4073 6.18575 0 166 255
24.7421 -4.44647 -8.1641 0 166 255
22.2604 -25.2588 -3.48261 0 166 255
11.6441 -21.9839 -8.13732 0 166 255
22.5761 9.22194 2.9256 0 166 255
15.176 -26.303 18.6109 0 166 255
19.956 -3.85368 15.3326 0 166 255
22.6322 26.2769 -13.5495 0 166 255
25.8474 -24.2129 16.2094 0 166 255
13.1252 -24.607 -2.93649 0 166 255
25.9591 -35.3156 5.80899 0 166 255
24.0469 -12.7341 5.46228 0 166 255
21.4666 7.15827 -8.42837 0 166 255
29.1242 -1.54384 2.97257 0 166 255
13.6144 -48.6624 22.3353 0 166 255
25.0129 -56.0353 20.1042 0 166 255
15.2319 -26.9451 -6.77386 0 166 255
20.8675 -46.7874 15.5894 0 166 255
29.198 12.1506 -5.87373 0 166 255
21.1267 -18.6609 13.0348 0 166 255
20.1797 -33.8693 17.2488 0 166 255
22.9438 -41.7564 2.97419 0 166 255
9.47746 -25.1268 -2.62153 0 166 255
27.5483 25.4056 -14.8352 0 166 255
23.7444 -37.4814 21.5299 0 166 255
12.6 -35.1867 22.0676 0 166 255
18.7636 -54.7971 21.5423 0 166 255
23.1322 -17.715 17.6144 0 166 255
18.1793 -16.4581 14.5393 0 166 255
18.34 -35.7619 24.1032 0 166 255
20.8012 -29.5693 3.31185 0 166 255
20.7019 -25.4242 -4.755 0 166 255
25.3932 27.6416 1.2428 0 166 255
20.163 -53.5296 17.6543 0 166 255
19.0377 -64.5291 22.6638 0 166 255
8.03209 -23.1438 -4.24137 0 166 255
16.2187 -2.37395 -10.9916 0 166 255
23.2043 -15.4588 1.98336 0 166 255
24.2737 -60.4628 14.8517 0 166 255
20.9317 5.02651 -8.12216 0 166 255
23.8241 -3.43657 4.68375 0 166 255
25.6745 -8.62792 -5.46798 0 166 255
26.0306 -45.4902 12.5854 0 166 255
23.0012 -5.45969 6.7711 0 166 255
26.9026 12.9264 4.79312 0 166 255
28.5438 22.2638 -1.42729 0 166 255
21.6425 -64.0794 24.344 0 166 255
14.1224 -47.9951 27.32 0 166 255
19.9802 -60.0977 17.6643 0 166 255
24.5861 -54.0082 11.9657 0 166 255
10.4189 -55.8498 28.6479 0 166 255
27.8205 27.3533 -1.74154 0 166 255
24.9707 -38.9921 20.0486 0 166 255
28.917 -7.69471 5.05446 0 166 255
17.0659 -14.5035 17.0371 0 166 255
23.4148 28.8989 -6.18923 0 166 255
20.865 -8.77069 -3.74301 0 166 255
11.1809 -57.7699 25.3243 0 166 255
23.2196 4.52518 -5.09743 0 166 255
16.0372 -40.2991 25.3828 0 166 255
14.6797 -38.244 -3.92963 0 166 255
21.7856 -46.3757 2.95345 0 166 255
11.6994 -47.8576 27.0584 0 166 255
5.91061 -32.9617 -2.75224 0 166 255
25.0429 4.90514 9.46777 0 166 255
8.51063 -32.0979 -5.39002 0 166 255
15.8307 -14.4697 -5.22165 0 166 255
17.1288 6.84243 -11.2718 0 166 255
22.5254 -10.615 -7.99844 0 166 255
20.0105 -35.9781 -2.02591 0 166 255
10.5269 -46.1888 25.5636 0 166 255
23.5189 -19.8434 4.68159 0 166 255
14.2928 -42.7936 -2.87056 0 166 255
15.8005 -55.2032 23.9921 0 166 255
25.8144 -42.5421 18.5333 0 166 255
15.2545 -33.4423 23.7706 0 166 255
24.0438 11.5147 -14.184 0 166 255
6.48301 -38.0238 -3.0397 0 166 255
11.5576 -36.3734 -0.401565 0 166 255
21.2809 7.14188 5.16619 0 166 255
20.0486 -22.9025 20.7492 0 166 255
16.6069 -4.40735 -7.82063 0 166 255
24.8581 -49.7201 21.2473 0 166 255
19.3212 -18.7212 -1.8373 0 166 255
17.6056 -41.6279 20.1284 0 166 255
19.5111 -16.2563 19.1243 0 166 255
26.2677 -1.18494 10.0183 0 166 255
26.3678 -28.4872 3.57274 0 166 255
29.0577 -3.40687 0.709034 0 166 255
27.3273 -22.6551 3.2536 0 166 255
28.574 20.9324 -11.141 0 166 255
11.2915 -53.8999 24.7531 0 166 255
29.2598 10.5077 -4.86579 0 166 255
22.5476 10.8819 2.31784 0 166 255
25.0417 -51.9073 12.4325 0 166 255
10.0722 -19.4754 -4.07067 0 166 255
28.7138 34.1318 -13.8349 0 166 255
27.9374 21.4606 0.227523 0 166 255
23.9147 -57.6506 11.7368 0 166 255
15.5535 -3.89835 -10.7143 0 166 255
27.1252 -5.95883 -4.32971 0 166 255
29.282 13.8367 -1.02999 0 166 255
18.6276 -7.82807 13.6992 0 166 255
24.3742 18.7715 -5.35975 0 166 255
23.8041 24.9049 -15.1479 0 166 255
21.4401 -40.729 14.4998 0 166 255
28.6982 11.115 1.9948 0 166 255
25.1374 -10.2416 -5.45915 0 166 255
24.1174 -18.972 17.0952 0 166 255
28.4071 14.7496 -9.42538 0 166 255
11.396 -49.4938 24.1242 0 166 255
28.245 12.3931 -8.99258 0 166 255
24.1099 -9.96034 14.7499 0 166 255
28.0773 -12.6958 9.4977 0 166 255
17.2349 -41.796 3.48232 0 166 255
25.4032 -0.167765 10.7015 0 166 255
28.3976 -8.40164 7.7988 0 166 255
24.9757 6.36155 -11.6396 0 166 255
24.0973 -10.0063 5.24694 0 166 255
29.4665 14.9383 -4.94028 0 166 255
20.0537 -58.7692 18.4145 0 166 255
28.2648 1.47515 5.89007 0 166 255
28.3029 35.5316 -13.3392 0 166 255
18.7954 -61.2142 22.1806 0 166 255
16.161 -50.3334 0.988733 0 166 255
19.9893 -0.0246277 -7.09855 0 166 255
20.5659 -5.5054 -4.83751 0 166 255
18.5976 14.8105 -13.2818 0 166 255
29.4337 26.9497 -8.13367 0 166 255
28.457 16.3878 -9.76804 0 166 255
20.6797 -48.6009 26.167 0 166 255
19.9709 -48.5557 9.86463 0 166 255
23.8141 26.6083 -7.41678 0 166 255
28.4162 20.1026 -0.344829 0 166 255
24.6746 3.92179 -11.1348 0 166 255
15.3622 -48.0075 22.0489 0 166 255
22.9711 15.8715 3.69042 0 166 255
23.783 23.4301 -1.87582 0 166 255
24.5382 -58.9589 22.1858 0 166 255
24.2268 -7.04455 2.69229 0 166 255
24.4653 -51.8064 10.4214 0 166 255
19.8573 -56.358 13.5371 0 166 255
13.8358 -46.946 0.504426 0 166 255
12.6963 -52.9828 23.3768 0 166 255
29.3642 27.4556 -9.74449 0 166 255
8.23119 -21.6453 -4.25219 0 166 255
15.7983 -9.17113 -6.7041 0 166 255
15.071 -4.87284 -8.1618 0 166 255
28.0913 -21.7041 10.0758 0 166 255
17.8065 -20.5416 20.5806 0 166 255
19.6365 -52.1629 19.5975 0 166 255
23.1071 -68.5016 20.3177 0 166 255
28.0028 33.0623 -4.38947 0 166 255
9.01742 -15.1133 -5.07226 0 166 255
24.2886 -16.0473 16.1753 0 166 255
24.2636 2.96334 0.808852 0 166 255
24.738 -36.0904 20.0065 0 166 255
28.2398 -21.2714 8.58937 0 166 255
3.94788 -38.5643 -0.0189915 0 166 255
8.94796 -29.343 -1.7416 0 166 255
19.1477 -31.2347 -4.03216 0 166 255
11.9706 -39.9716 22.6225 0 166 255
25.1377 -9.22259 13.5856 0 166 255
22.1862 1.53725 12.6487 0 166 255
25.3748 31.552 -15.0587 0 166 255
26.8353 14.4399 -12.1717 0 166 255
27.4991 27.0873 -15.5256 0 166 255
7.59589 -24.2379 -3.29049 0 166 255
23.0126 -47.5711 24.0697 0 166 255
13.2107 -2.66803 -9.03145 0 166 255
23.7732 37.2722 -10.1511 0 166 255
24.3872 -63.9023 18.3817 0 166 255
20.2669 -39.6706 17.6119 0 166 255
28.5164 -1.55013 -2.91613 0 166 255
22.2219 -25.0032 12.5719 0 166 255
18.2131 -35.6597 18.9971 0 166 255
20.7494 -45.6273 11.0443 0 166 255
16.1969 -57.6856 24.3928 0 166 255
21.5933 -38.8824 23.661 0 166 255
10.6334 -48.0126 25.7945 0 166 255
23.5317 18.9871 2.25758 0 166 255
29.0467 1.19825 -1.86677 0 166 255
19.3208 -53.6242 20.4368 0 166 255
23.615 30.2542 -12.9134 0 166 255
22.2867 -28.3093 12.8339 0 166 255
25.164 -37.6536 19.4831 0 166 255
26.3377 -40.2203 9.70954 0 166 255
24.5915 -6.60386 -7.52331 0 166 255
20.7255 -11.1369 -3.16035 0 166 255
10.7007 -37.956 -0.127551 0 166 255
25.5844 33.1903 -12.6543 0 166 255
11.6345 -25.6675 -7.21078 0 166 255
27.5547 -26.4115 12.5608 0 166 255
25.7302 -13.4378 -3.41985 0 166 255
21.097 -11.7415 11.4917 0 166 255
25.0247 9.13662 8.12184 0 166 255
20.6662 -37.2011 -1.14341 0 166 255
23.2667 21.4093 -10.9116 0 166 255
28.5114 -17.4861 6.48687 0 166 255
23.5571 -63.6811 14.6482 0 166 255
21.4004 -28.4732 -3.24395 0 166 255
18.4677 -48.3565 26.9382 0 166 255
18.2293 1.19745 -8.77732 0 166 255
22.5592 -12.2643 16.6011 0 166 255
18.2727 -22.5998 21.0266 0 166 255
21.4334 -19.2641 -6.09132 0 166 255
23.1096 28.5821 -13.5155 0 166 255
13.3966 -36.6291 -4.56495 0 166 255
12.6714 -40.3326 25.1459 0 166 255
17.0023 -46.8151 4.78439 0 166 255
23.9577 27.6289 -10.9227 0 166 255
18.0104 -20.9033 -7.71921 0 166 255
25.0936 -56.5424 17.9291 0 166 255
17.1717 -8.28001 -6.4306 0 166 255
14.3832 1.80916 -11.1921 0 166 255
11.0824 -7.31435 -7.33779 0 166 255
25.3218 -6.46679 12.6331 0 166 255
21.791 0.183958 13.2926 0 166 255
27.6611 15.4125 -11.1323 0 166 255
27.4532 37.1197 -8.63243 0 166 255
26.3685 35.884 -10.1254 0 166 255
18.5119 -46.7571 20.5516 0 166 255
22.5486 -28.8768 6.63088 0 166 255
24.2553 18.4935 -7.12047 0 166 255
24.9867 19.0355 -15.7315 0 166 255
24.4937 29.1422 -15.3686 0 166 255
21.9111 -13.5419 10.8155 0 166 255
9.57327 -26.7732 -2.32752 0 166 255
24.1748 -20.9524 -2.84286 0 166 255
23.7986 -18.6258 6.23461 0 166 255
29.266 33.808 -10.2023 0 166 255
27.5091 -27.9333 12.7241 0 166 255
21.562 -33.6552 14.8014 0 166 255
27.5585 22.8743 0.420748 0 166 255
22.0792 -32.9213 22.147 0 166 255
24.9799 -43.0588 7.27442 0 166 255
18.2148 -9.44178 -11.1788 0 166 255
24.3599 9.11984 -2.75214 0 166 255
17.9865 -25.5167 -6.34662 0 166 255
20.8633 -32.4617 16.2398 0 166 255
22.5726 -10.8979 -0.846839 0 166 255
27.5586 -30.831 9.65366 0 166 255
18.1508 -46.6072 26.5991 0 166 255
24.1331 -65.1136 17.2939 0 166 255
23.6852 5.45263 2.02256 0 166 255
27.5579 1.62473 7.25306 0 166 255
16.0796 -33.3616 0.295043 0 166 255
21.098 -8.05706 -10.0427 0 166 255
24.0398 -6.18856 0.751061 0 166 255
20.1659 -54.3505 16.1295 0 166 255
19.9503 -29.5734 -4.00628 0 166 255
25.6417 -50.6483 17.7114 0 166 255
12.9031 -28.0892 21.5891 0 166 255
12.1137 -10.7217 -6.48187 0 166 255
28.2595 14.9402 1.82756 0 166 255
10.9078 -55.9959 26.8978 0 166 255
24.2675 -9.02758 -6.92543 0 166 255
28.4146 -13.3489 2.64418 0 166 255
12.2811 -43.181 -0.570891 0 166 255
26.9015 7.60868 6.50134 0 166 255
14.0664 -22.6288 20.3598 0 166 255
25.6553 33.07 -14.2711 0 166 255
28.1638 -18.7774 4.31582 0 166 255
22.1808 -34.6815 12.8144 0 166 255
22.3145 6.96796 4.107 0 166 255
20.7529 -49.7288 13.6502 0 166 255
17.0222 9.92165 -12.5668 0 166 255
25.0078 27.7841 -0.680582 0 166 255
20.325 -5.91739 -11.266 0 166 255
13.3846 0.861506 -10.3803 0 166 255
8.91277 -17.0979 -5.99215 0 166 255
24.1658 35.3871 -6.28393 0 166 255
12.9362 -0.779959 -9.62791 0 166 255
11.7061 -41.8923 22.6698 0 166 255
4.8097 -35.4655 -0.418203 0 166 255
20.4812 -51.0776 15.7723 0 166 255
20.6924 -27.1117 2.1737 0 166 255
28.831 -9.80011 5.32371 0 166 255
9.34144 -13.6786 -5.60729 0 166 255
19.8833 -49.7343 18.6957 0 166 255
21.5914 -12.2227 -1.77523 0 166 255
19.0147 -28.4253 22.3255 0 166 255
13.0105 -33.886 21.1803 0 166 255
26.8553 30.4925 -14.8349 0 166 255
7.60058 -37.022 -0.0873299 0 166 255
15.5885 -25.2287 -2.14178 0 166 255
23.7187 -44.1866 22.6878 0 166 255
28.3845 -19.1669 6.49215 0 166 255
5.38916 -36.0941 -2.10163 0 166 255
29.4524 8.88365 -1.8984 0 166 255
26.7394 24.0512 -15.5466 0 166 255
17.2647 -31.295 23.1786 0 166 255
18.4488 -56.6431 22.0234 0 166 255
18.4213 2.61541 -9.11155 0 166 255
29.0518 9.82115 1.25232 0 166 255
14.795 0.0660362 -9.73385 0 166 255
18.1775 -23.8761 -1.16273 0 166 255
17.6395 -12.3525 -5.04772 0 166 255
14.6512 -22.0462 -8.20744 0 166 255
29.251 29.9821 -11.1284 0 166 255
22.8914 -39.0544 22.7008 0 166 255
22.392 -42.6772 23.8165 0 166 255
11.2769 -5.38648 -9.04984 0 166 255
23.0246 -20.9906 -4.11268 0 166 255
29.0079 20.0642 -9.45713 0 166 255
25.0743 35.4519 -12.5281 0 166 255
28.0383 -11.0963 9.45916 0 166 255
13.4478 -58.987 25.4319 0 166 255
20.3063 -47.5295 1.67465 0 166 255
16.7778 -18.7411 16.5691 0 166 255
19.3818 -64.3922 21.0113 0 166 255
15.0985 -28.9493 17.9489 0 166 255
23.0442 -4.54772 -9.72258 0 166 255
14.763 -34.2264 -0.0319042 0 166 255
27.399 14.7874 3.42362 0 166 255
28.761 12.4265 -7.62746 0 166 255
16.3822 -63.0021 26.1496 0 166 255
28.038 -19.0797 10.2774 0 166 255
13.5519 -60.7145 29.2676 0 166 255
23.0736 -27.7521 -1.82695 0 166 255
28.8947 -5.41038 5.1122 0 166 255
24.3611 -62.094 22.7319 0 166 255
15.2627 -24.2307 19.0145 0 166 255
25.1344 10.2445 -12.6098 0 166 255
26.0594 -32.4346 4.84051 0 166 255
19.9399 -26.9796 16.2216 0 166 255
8.02129 -38.1811 -4.18448 0 166 255
24.9419 -51.554 20.9832 0 166 255
26.5275 -6.43478 11.156 0 166 255
19.749 -14.1017 13.2837 0 166 255
23.1922 14.2328 0.105274 0 166 255
20.9418 -50.3648 26.3697 0 166 255
22.9554 -23.6292 4.88999 0 166 255
19.2051 -24.7407 21.3972 0 166 255
29.0533 24.1503 -10.3157 0 166 255
23.2393 -7.95054 14.8754 0 166 255
15.098 -26.7273 -1.94203 0 166 255
17.0486 -16.7748 16.0917 0 166 255
15.5672 -43.5802 -2.30904 0 166 255
22.7768 -7.23471 -1.74293 0 166 255
27.0125 -34.6661 9.19745 0 166 255
22.1917 -36.4239 10.8345 0 166 255
22.1016 1.12151 6.23144 0 166 255
26.0494 -39.0181 8.0072 0 166 255
15.4512 -42.4874 2.39919 0 166 255
24.715 -55.8984 21.6667 0 166 255
13.6295 -25.0199 21.03 0 166 255
26.5968 -40.58 15.4765 0 166 255
28.9308 28.888 -12.5922 0 166 255
20.2423 -26.8983 -4.62512 0 166 255
26.8569 -25.3088 14.4686 0 166 255
23.9573 -2.02472 3.48711 0 166 255
7.23625 -25.813 -3.42163 0 166 255
21.5182 18.9814 -12.2908 0 166 255
23.552 30.4985 -6.09546 0 166 255
21.6134 -9.60952 -9.12768 0 166 255
20.7246 -34.7445 -1.84297 0 166 255
15.6212 5.13181 -11.8695 0 166 255
23.6734 -3.23594 13.1417 0 166 255
25.0683 29.4861 -1.20419 0 166 255
19.3549 -1.58137 -6.9999 0 166 255
5.44808 -34.0976 -1.61067 0 166 255
20.9221 5.49758 6.29896 0 166 255
20.7134 1.88966 -7.19934 0 166 255
26.4178 -14.2712 -2.11799 0 166 255
23.6092 -3.49583 -1.65451 0 166 255
11.8034 -12.2633 -9.60545 0 166 255
24.329 1.32608 0.091248 0 166 255
12.5384 -61.4323 28.1353 0 166 255
14.6899 -56.0693 24.4703 0 166 255
7.20693 -32.3311 -4.49552 0 166 255
17.0365 -10.5002 -5.8373 0 166 255
20.2806 -31.1993 3.22856 0 166 255
28.8153 28.7316 -4.69738 0 166 255
19.6264 -58.0142 13.3793 0 166 255
23.7534 27.7913 -4.94956 0 166 255
15.081 -40.7939 1.77873 0 166 255
15.8372 -1.39862 -9.00604 0 166 255
10.9885 -49.8208 25.6346 0 166 255
27.5426 -18.3374 11.8077 0 166 255
28.7313 23.2249 -11.4791 0 166 255
28.8648 14.3294 0.580806 0 166 255
24.0154 28.9779 -10.3505 0 166 255
10.7692 -15.4922 -5.00814 0 166 255
16.6736 -43.2764 20.6617 0 166 255
23.9634 25.4016 -3.16133 0 166 255
24.2027 -1.72575 1.93873 0 166 255
26.0036 38.9487 -5.02201 0 166 255
12.6474 -17.084 -9.47253 0 166 255
25.3451 -33.4385 18.6108 0 166 255
28.1496 -16.0056 9.66966 0 166 255
20.7783 3.25235 10.6524 0 166 255
23.6357 20.2438 1.16668 0 166 255
19.4962 -40.3721 -1.11966 0 166 255
10.8684 -44.175 25.3492 0 166 255
19.6322 -57.1214 19.7536 0 166 255
25.4165 29.0056 0.624312 0 166 255
24.3529 16.4874 -4.03833 0 166 255
24.2189 -8.20775 3.99412 0 166 255
20.0991 -43.4611 18.0729 0 166 255
18.7801 -37.9527 3.79118 0 166 255
26.5861 -36.6767 8.44713 0 166 255
16.5924 -59.3963 24.7105 0 166 255
9.33267 -22.1228 -3.2534 0 166 255
22.4027 15.7899 1.5442 0 166 255
17.3919 -12.8482 16.6031 0 166 255
21.5116 7.28769 7.34491 0 166 255
26.2402 -42.3315 16.9441 0 166 255
21.3466 -48.1228 2.98293 0 166 255
24.2062 -0.0802364 -0.891566 0 166 255
17.487 -22.3287 16.411 0 166 255
26.2446 28.8432 -16.3806 0 166 255
16.6855 -26.078 21.9966 0 166 255
16.5758 -31.6254 0.0694761 0 166 255
20.1796 -17.2827 13.8118 0 166 255
28.9535 3.92962 -3.4325 0 166 255
9.9079 -37.5657 -4.42398 0 166 255
17.1636 -27.5496 22.3116 0 166 255
24.3729 37.3212 -6.82748 0 166 255
10.65 -34.0391 -5.18879 0 166 255
18.3015 8.30281 -11.2745 0 166 255
28.4049 -17.1553 8.4128 0 166 255
20.7879 -0.962116 8.39138 0 166 255
23.214 20.9843 -2.20132 0 166 255
29.1615 3.16574 1.48712 0 166 255
16.4298 -45.5583 3.85838 0 166 255
20.8767 -38.5409 16.3988 0 166 255
23.2796 -26.4425 19.6924 0 166 255
17.9812 -38.5725 -2.56949 0 166 255
26.815 -28.6124 15.0174 0 166 255
17.5487 -30.2455 0.277807 0 166 255
21.1862 -43.879 12.0212 0 166 255
19.5752 -47.3966 19.1541 0 166 255
24.0894 30.6396 -9.57678 0 166 255
28.6425 32.4309 -5.79417 0 166 255
27.9926 -2.90759 -3.75497 0 166 255
25.4933 -52.2742 16.8326 0 166 255
21.2644 -17.054 12.5156 0 166 255
22.4166 -35.263 22.3623 0 166 255
24.7833 23.8379 -15.6655 0 166 255
21.532 -2.63218 8.11781 0 166 255
13.4426 -51.4781 28.2309 0 166 255
17.4432 3.51053 -12.1102 0 166 255
14.643 -10.9829 -6.43335 0 166 255
7.96326 -24.7046 -4.70793 0 166 255
29.0167 8.65362 -5.13308 0 166 255
21.594 -10.414 16.6345 0 166 255
19.2082 -28.3094 17.0578 0 166 255
23.6591 -24.547 -2.23693 0 166 255
28.1752 6.12278 -7.00363 0 166 255
26.509 2.69512 8.53335 0 166 255
19.1516 -44.2383 -0.294367 0 166 255
23.2018 -19.9344 18.1633 0 166 255
25.1886 -29.7668 18.2483 0 166 255
29.1478 -2.99565 2.43287 0 166 255
19.7288 -9.6516 -10.4447 0 166 255
22.067 -14.1361 17.4302 0 166 255
18.5322 -42.5311 4.97605 0 166 255
6.66307 -28.9374 -1.24489 0 166 255
12.9742 -44.6851 -1.81304 0 166 255
8.30831 -38.8619 -2.74987 0 166 255
24.1841 -3.51223 0.536436 0 166 255
9.98047 -33.7349 -1.00692 0 166 255
17.998 -28.5029 0.0580521 0 166 255
22.219 -59.5325 27.2366 0 166 255
16.3286 8.18372 -12.3168 0 166 255
29.3595 22.9897 -8.6071 0 166 255
27.4003 -28.0248 6.38205 0 166 255
18.9747 -7.21485 11.6034 0 166 255
25.382 10.5232 7.32385 0 166 255
6.78607 -33.7866 -3.9342 0 166 255
25.8187 25.76 1.69831 0 166 255
21.259 -30.9139 -2.61014 0 166 255
9.44173 -39.1379 -1.57367 0 166 255
19.3589 -53.0613 10.2967 0 166 255
21.2009 23.4434 -14.8857 0 166 255
24.3141 13.4744 -5.7174 0 166 255
28.3524 -19.7266 8.18352 0 166 255
6.55667 -34.8764 -0.128071 0 166 255
25.3948 -4.65744 12.0413 0 166 255
28.6134 -6.65391 6.69112 0 166 255
27.3198 6.82124 -8.82588 0 166 255
24.4548 15.2412 -5.15763 0 166 255
19.8828 -53.5436 11.979 0 166 255
20.0491 -55.3683 18.7181 0 166 255
16.5524 -5.01061 -10.9472 0 166 255
26.765 -40.2027 13.9012 0 166 255
12.7417 -57.802 29.947 0 166 255
21.9247 -41.6093 1.54759 0 166 255
25.5721 16.344 -14.3123 0 166 255
14.6268 -6.0912 -10.5608 0 166 255
15.8557 -28.9644 22.7078 0 166 255
26.9711 -21.4382 13.6459 0 166 255
10.9849 -52.0768 28.2392 0 166 255
19.5558 -5.85578 16.0634 0 166 255
11.5761 -38.8717 24.3049 0 166 255
11.5284 -20.161 -8.53859 0 166 255
14.7568 -41.1229 25.6266 0 166 255
17.3871 -49.474 27.434 0 166 255
25.3899 3.26739 9.65112 0 166 255
27.0692 19.8544 2.25937 0 166 255
25.7158 -22.6244 -0.1333 0 166 255
14.2359 -37.5817 24.7162 0 166 255
25.0218 25.8823 -15.5689 0 166 255
21.0746 -18.3994 -0.329582 0 166 255
12.0646 -34.6261 -5.09613 0 166 255
29.2524 2.50125 -0.0734687 0 166 255
21.7879 -30.0781 21.6963 0 166 255
22.8455 -20.1579 2.97629 0 166 255
15.4078 -34.6494 -4.68319 0 166 255
23.5043 -23.786 8.81997 0 166 255
24.1186 -6.54917 4.2662 0 166 255
21.5172 -39.3998 9.26774 0 166 255
24.0732 14.906 -6.76706 0 166 255
18.9771 -13.8271 18.598 0 166 255
24.3885 10.7145 -2.11849 0 166 255
26.3129 4.43903 8.25484 0 166 255
18.532 -9.14305 17.3231 0 166 255
25.212 -53.8342 19.4817 0 166 255
17.4081 -62.723 24.6841 0 166 255
20.3884 15.3967 -13.7947 0 166 255
16.3136 -40.5872 20.2066 0 166 255
22.1316 -55.6648 26.5345 0 166 255
12.7654 -38.2815 21.0793 0 166 255
11.3489 -47.7682 24.3824 0 166 255
11.8267 -56.1194 29.466 0 166 255
18.1636 -26.9159 -0.265449 0 166 255
22.8143 -29.4393 -1.56475 0 166 255
22.3058 -34.7633 9.96358 0 166 255
19.9383 -58.4609 15.147 0 166 255
21.4476 -38.2236 8.36175 0 166 255
26.7201 -37.4023 15.5864 0 166 255
23.681 8.44614 0.820858 0 166 255
28.7584 -1.81317 5.13496 0 166 255
20.6785 -57.6238 7.49182 0 166 255
29.4085 5.8402 -1.33616 0 166 255
21.2313 -17.887 -6.65866 0 166 255
17.3651 -19.0083 20.2353 0 166 255
7.66711 -29.4011 -5.2116 0 166 255
18.8855 -37.0586 -2.48009 0 166 255
20.7868 -65.8643 23.7199 0 166 255
19.8267 -15.0936 -2.63134 0 166 255
25.6509 27.3557 -15.6073 0 166 255
19.6357 -15.4015 -8.6111 0 166 255
16.6717 -34.5118 1.01842 0 166 255
28.7628 -3.78008 5.56605 0 166 255
23.7718 14.5726 7.35831 0 166 255
28.1129 -23.0616 8.4215 0 166 255
22.4248 -26.0037 4.57569 0 166 255
12.7066 -48.945 27.5326 0 166 255
24.4766 30.0728 -3.84899 0 166 255
20.279 -44.5079 25.5055 0 166 255
21.0597 -45.734 14.2246 0 166 255
23.9325 -54.122 23.6737 0 166 255
17.5323 -53.1706 4.68521 0 166 255
25.8701 34.4118 -2.32916 0 166 255
29.1956 26.0647 -10.4463 0 166 255
23.5453 2.21149 11.5787 0 166 255
24.6149 35.6712 -10.4547 0 166 255
10.6461 -23.6236 -3.14632 0 166 255
20.3836 -50.4592 11.9473 0 166 255
28.7285 1.65155 -3.58132 0 166 255
28.7672 -9.12889 1.76995 0 166 255
10.8359 -58.9531 28.5855 0 166 255
25.0652 -41.0192 6.45474 0 166 255
10.4217 -17.0036 -4.69575 0 166 255
29.5127 17.7377 -5.43876 0 166 255
27.0452 21.092 -14.1806 0 166 255
17.7606 -17.2639 -3.33682 0 166 255
24.4548 -62.2435 17.3217 0 166 255
20.3897 10.0556 -10.4502 0 166 255
23.9806 22.4309 -5.51993 0 166 255
11.9719 -59.7174 25.822 0 166 255
12.1755 -19.9082 -4.13534 0 166 255
15.3159 -49.0601 0.205911 0 166 255
5.13469 -33.8557 0.0538144 0 166 255
19.4511 -34.1346 23.5468 0 166 255
18.1055 -46.4321 -0.335912 0 166 255
29.3728 25.1938 -8.91964 0 166 255
27.2338 -35.2138 11.8525 0 166 255
19.7022 -58.5868 11.9636 0 166 255
17.0569 -52.4075 22.8358 0 166 255
6.60362 -30.5677 -0.863837 0 166 255
14.6487 -47.6097 -0.906441 0 166 255
17.3789 -34.2334 18.9974 0 166 255
24.1841 -48.3311 22.5791 0 166 255
23.3864 -23.1014 6.74957 0 166 255
27.9857 38.7211 -7.48945 0 166 255
21.7928 -16.9358 18.3611 0 166 255
15.1537 -27.6892 22.4146 0 166 255
20.7695 -55.5324 27.6069 0 166 255
14.9074 -49.6517 22.5165 0 166 255
19.6859 -30.016 17.0568 0 166 255
17.2766 -35.6693 -3.75876 0 166 255
26.2568 -44.7801 13.9443 0 166 255
26.0357 -30.3609 16.9138 0 166 255
10.4317 -49.1403 27.217 0 166 255
25.8463 -36.5897 18.0701 0 166 255
21.969 12.7151 2.50637 0 166 255
22.6652 16.1783 -10.2264 0 166 255
11.384 -30.5838 -6.02172 0 166 255
28.677 -13.6638 5.92071 0 166 255
25.0832 -17.2954 15.666 0 166 255
23.1125 19.3725 -0.200313 0 166 255
14.171 -57.7799 25.041 0 166 255
14.6266 -35.0924 24.1492 0 166 255
18.9357 -58.1314 21.1928 0 166 255
22.0876 -39.3126 0.930687 0 166 255
26.9873 -15.9274 -0.552885 0 166 255
14.9489 -24.3861 21.6131 0 166 255
11.8799 -53.7745 28.8071 0 166 255
14.9184 -40.7316 -3.22907 0 166 255
21.9064 -38.0921 10.2615 0 166 255
21.8147 -53.7239 26.4361 0 166 255
21.962 -38.1408 12.1065 0 166 255
28.6045 -14.3569 4.15555 0 166 255
20.8296 -44.1745 16.1869 0 166 255
17.522 -58.2035 29.6428 0 166 255
21.8167 1.56619 -5.90419 0 166 255
20.0085 -45.0242 18.0871 0 166 255
22.7942 8.92742 -7.49681 0 166 255
28.7864 -0.18038 4.69373 0 166 255
20.0001 -60.7519 19.4319 0 166 255
27.2424 31.744 -15.8127 0 166 255
17.3267 -52.335 3.08898 0 166 255
14.4374 -19.2208 -9.02519 0 166 255
27.3275 31.6864 -2.5413 0 166 255
23.7722 -17.6273 4.63692 0 166 255
23.9571 20.2864 -4.15433 0 166 255
24.0703 14.7691 -2.05245 0 166 255
20.5852 -15.2558 18.4902 0 166 255
26.4852 19.5288 -14.4079 0 166 255
14.2296 -14.9025 -10.1982 0 166 255
19.9742 -62.6293 18.316 0 166 255
21.7451 -22.1099 1.89547 0 166 255
27.954 -4.69748 -3.22823 0 166 255
24.1423 -15.9794 -4.64473 0 166 255
28.2577 27.5998 -14.1258 0 166 255
19.175 -12.9497 -3.86533 0 166 255
25.6256 -41.0689 7.92473 0 166 255
20.4859 -26.467 21.4725 0 166 255
22.0176 -0.636208 -11.8262 0 166 255
20.0105 -46.8742 9.11782 0 166 255
22.4013 -9.1557 -1.72461 0 166 255
24.8749 -33.1048 2.67454 0 166 255
19.4659 2.34393 -12.0621 0 166 255
13.7721 -19.6941 -4.1201 0 166 255
24.111 21.9967 1.42418 0 166 255
29.1709 7.32061 -3.64646 0 166 255
12.4021 -28.6753 -6.52953 0 166 255
29.1409 2.84112 -2.005 0 166 255
23.9532 13.4396 -1.31781 0 166 255
26.2044 -40.8839 17.3058 0 166 255
19.2631 -46.9777 0.604239 0 166 255
22.1982 5.28345 -7.02305 0 166 255
24.5653 -52.9165 22.1348 0 166 255
25.9557 11.6013 6.37444 0 166 255
18.2398 -10.6375 17.8221 0 166 255
16.5422 -41.3881 -2.51477 0 166 255
16.0232 -45.5036 26.6295 0 166 255
20.4575 -62.4287 16.2057 0 166 255
25.5182 -3.12858 -7.72546 0 166 255
20.9184 -26.4581 15.1266 0 166 255
23.167 -37.0707 1.52777 0 166 255
18.1686 -61.1611 29.3731 0 166 255
16.1146 -19.9089 17.914 0 166 255
21.2001 -14.0169 -1.71177 0 166 255
29.3912 25.8242 -6.28322 0 166 255
26.1309 6.15787 -10.2473 0 166 255
19.048 -44.5252 6.2602 0 166 255
15.4988 -37.9945 19.814 0 166 255
13.6813 -9.7876 -6.92729 0 166 255
29.3562 9.51377 -0.451884 0 166 255
19.5434 -4.06994 -12.0785 0 166 255
21.0922 -21.8831 13.821 0 166 255
20.213 -38.8754 24.3208 0 166 255
5.18996 -39.4691 -0.216996 0 166 255
20.858 -28.5705 21.85 0 166 255
18.7446 9.287 -13.0318 0 166 255
12.6996 -25.9623 -2.62642 0 166 255
23.7149 0.394712 12.0094 0 166 255
26.8076 -38.8956 14.579 0 166 255
23.5129 -1.65813 4.89474 0 166 255
29.4408 12.1013 -1.6305 0 166 255
13.4032 -62.1217 26.3754 0 166 255
29.0787 34.5612 -8.52171 0 166 255
26.085 -4.24504 -6.50935 0 166 255
24.1154 -67.5103 20.7711 0 166 255
26.5159 -10.1384 12.1076 0 166 255
25.3063 19.8728 4.29498 0 166 255
15.7162 -25.0715 -7.19733 0 166 255
26.714 -29.9391 5.2392 0 166 255
12.9471 -22.5614 -3.42033 0 166 255
22.0735 -11.8911 10.1841 0 166 255
23.9328 -44.1156 5.4842 0 166 255
17.3718 -32.9237 1.03186 0 166 255
20.6855 -36.9923 5.74863 0 166 255
23.2662 -55.5588 9.21573 0 166 255
24.76 34.9629 -4.82035 0 166 255
13.2532 -45.5149 0.100804 0 166 255
28.8387 30.3406 -5.52683 0 166 255
20.3699 -43.3491 0.450485 0 166 255
24.3962 -34.5657 2.47897 0 166 255
25.3723 -52.3191 18.9536 0 166 255
16.4421 -39.8318 2.31979 0 166 255
27.5204 -19.4001 2.17141 0 166 255
24.2733 -0.182455 1.39716 0 166 255
23.3979 35.7098 -9.43306 0 166 255
23.3798 -26.115 -2.02768 0 166 255
21.8946 -36.5031 8.87126 0 166 255
24.5347 -57.2381 22.2712 0 166 255
12.5961 -18.3741 -4.5084 0 166 255
23.5698 -6.57627 5.99769 0 166 255
16.0062 -3.06163 -8.4747 0 166 255
28.2672 -3.17185 7.07815 0 166 255
10.6523 -10.9584 -8.89814 0 166 255
16.9458 -38.5274 19.778 0 166 255
22.1943 -36.7368 0.163987 0 166 255
23.8731 -53.9204 9.91256 0 166 255
27.7055 -1.97919 8.02152 0 166 255
24.1417 -63.8081 16.4882 0 166 255
13.6378 -23.2613 -7.92423 0 166 255
9.31979 -34.8535 -4.94296 0 166 255
20.3254 -39.0885 5.99104 0 166 255
22.7367 -31.0668 9.88178 0 166 255
14.8543 -18.5008 19.9747 0 166 255
27.807 24.5681 -0.655234 0 166 255
23.8414 -5.35653 5.04571 0 166 255
18.1435 -19.914 -2.33105 0 166 255
29.385 20.5551 -4.00855 0 166 255
21.0712 -24.398 20.7198 0 166 255
20.6658 -21.5408 -5.97476 0 166 255
15.5289 -38.7129 25.0275 0 166 255
22.3862 10.2129 -14.0759 0 166 255
10.8642 -13.1467 -5.6244 0 166 255
20.7647 -51.1316 3.28245 0 166 255
19.1014 -7.5683 16.7261 0 166 255
27.6573 -4.18777 8.71164 0 166 255
15.0551 -21.3698 -3.33542 0 166 255
16.7876 1.70415 -9.60787 0 166 255
19.107 -65.6264 23.5835 0 166 255
10.8009 -35.7323 -4.83604 0 166 255
14.7122 -46.5488 21.7107 0 166 255
28.3428 -0.56163 6.24428 0 166 255
19.518 -64.6209 24.9526 0 166 255
24.2716 -1.42109 0.208128 0 166 255
16.472 -36.4472 1.36588 0 166 255
21.0833 -12.6313 17.5391 0 166 255
19.9771 -9.58038 11.7033 0 166 255
25.6722 -50.693 15.713 0 166 255
4.31247 -36.8529 -0.151631 0 166 255
18.201 -6.76488 15.5028 0 166 255
24.0892 -39.3824 21.4538 0 166 255
23.1634 -49.3227 24.1686 0 166 255
16.7112 -11.4158 17.982 0 166 255
22.8701 -2.44701 -3.1767 0 166 255
27.3514 33.426 -13.0546 0 166 255
16.6777 -51.7754 5.87505 0 166 255
22.9424 -54.5601 25.3375 0 166 255
23.9427 11.5587 -0.586461 0 166 255
14.5639 -36.3563 19.4209 0 166 255
16.4283 -35.2677 24.1757 0 166 255
24.5856 2.3793 -10.7039 0 166 255
24.3067 5.7381 -2.59839 0 166 255
18.3117 -9.92506 13.089 0 166 255
25.6275 36.049 -3.70563 0 166 255
25.3507 13.4739 -13.5475 0 166 255
24.2043 7.56839 9.33573 0 166 255
27.0445 -3.48472 -5.29297 0 166 255
24.8388 -43.5916 20.8357 0 166 255
20.944 -39.3962 -0.218963 0 166 255
25.4337 -35.1679 18.6852 0 166 255
17.5623 -2.21923 -8.00483 0 166 255
24.5756 -46.4779 21.6058 0 166 255
23.9107 -10.4642 -6.71687 0 166 255
26.5902 -15.8733 13.3234 0 166 255
28.2399 -20.9799 6.29741 0 166 255
22.1469 -6.45735 8.62747 0 166 255
24.2337 -29.39 19.3899 0 166 255
9.18708 -24.6355 -6.67411 0 166 255
20.4278 -16.203 -1.65231 0 166 255
14.6818 -32.4125 -5.42865 0 166 255
23.1862 -27.0438 9.25768 0 166 255
14.426 -47.1896 2.99221 0 166 255
27.8282 -26.5726 10.8488 0 166 255
19.628 18.1011 -13.9818 0 166 255
10.4279 -9.47478 -8.08217 0 166 255
22.1517 -56.417 7.3844 0 166 255
28.4328 -9.32551 0.355484 0 166 255
19.585 -51.2961 2.13379 0 166 255
28.72 24.7643 -12.0355 0 166 255
24.04 3.66532 10.7352 0 166 255
16.5319 -23.4301 -7.48116 0 166 255
19.5197 -28.2388 -4.69039 0 166 255
23.4467 -21.6991 5.82641 0 166 255
10.7694 -38.9013 -4.16708 0 166 255
20.0305 -2.06082 9.3438 0 166 255
19.8988 -60.7693 16.3015 0 166 255
24.4358 28.4641 -3.63392 0 166 255
21.3119 6.07526 8.21938 0 166 255
22.3442 -66.2618 22.819 0 166 255
17.2866 -5.73274 -7.08266 0 166 255
19.7395 -23.6533 0.073998 0 166 255
22.0463 -63.6571 15.8547 0 166 255
21.6044 6.81482 11.1629 0 166 255
27.8575 -1.57169 -4.50121 0 166 255
23.7047 -47.3029 6.45543 0 166 255
17.1923 -18.9036 -3.13812 0 166 255
21.7936 -36.8676 13.5757 0 166 255
11.7326 -41.2977 0.208674 0 166 255
21.9004 -5.92633 -10.2102 0 166 255
10.8533 -60.6778 28.3238 0 166 255
24.1224 7.53525 -4.01955 0 166 255
